-- MySQL dump 10.13  Distrib 8.0.40, for Linux (x86_64)
--
-- Host: localhost    Database: youngstardb
-- ------------------------------------------------------
-- Server version	8.0.40-0ubuntu0.24.04.1

/*!40101 SET @OLD_CHARACTER_SET_CLIENT=@@CHARACTER_SET_CLIENT */;
/*!40101 SET @OLD_CHARACTER_SET_RESULTS=@@CHARACTER_SET_RESULTS */;
/*!40101 SET @OLD_COLLATION_CONNECTION=@@COLLATION_CONNECTION */;
/*!50503 SET NAMES utf8mb4 */;
/*!40103 SET @OLD_TIME_ZONE=@@TIME_ZONE */;
/*!40103 SET TIME_ZONE='+00:00' */;
/*!40014 SET @OLD_UNIQUE_CHECKS=@@UNIQUE_CHECKS, UNIQUE_CHECKS=0 */;
/*!40014 SET @OLD_FOREIGN_KEY_CHECKS=@@FOREIGN_KEY_CHECKS, FOREIGN_KEY_CHECKS=0 */;
/*!40101 SET @OLD_SQL_MODE=@@SQL_MODE, SQL_MODE='NO_AUTO_VALUE_ON_ZERO' */;
/*!40111 SET @OLD_SQL_NOTES=@@SQL_NOTES, SQL_NOTES=0 */;

--
-- Table structure for table `abouts`
--

DROP TABLE IF EXISTS `abouts`;
/*!40101 SET @saved_cs_client     = @@character_set_client */;
/*!50503 SET character_set_client = utf8mb4 */;
CREATE TABLE `abouts` (
  `id` int unsigned NOT NULL AUTO_INCREMENT,
  `document_id` varchar(255) DEFAULT NULL,
  `title` varchar(255) DEFAULT NULL,
  `created_at` datetime(6) DEFAULT NULL,
  `updated_at` datetime(6) DEFAULT NULL,
  `published_at` datetime(6) DEFAULT NULL,
  `created_by_id` int unsigned DEFAULT NULL,
  `updated_by_id` int unsigned DEFAULT NULL,
  `locale` varchar(255) DEFAULT NULL,
  PRIMARY KEY (`id`),
  KEY `abouts_documents_idx` (`document_id`,`locale`,`published_at`),
  KEY `abouts_created_by_id_fk` (`created_by_id`),
  KEY `abouts_updated_by_id_fk` (`updated_by_id`),
  CONSTRAINT `abouts_created_by_id_fk` FOREIGN KEY (`created_by_id`) REFERENCES `admin_users` (`id`) ON DELETE SET NULL,
  CONSTRAINT `abouts_updated_by_id_fk` FOREIGN KEY (`updated_by_id`) REFERENCES `admin_users` (`id`) ON DELETE SET NULL
) ENGINE=InnoDB AUTO_INCREMENT=2 DEFAULT CHARSET=utf8mb4 COLLATE=utf8mb4_0900_ai_ci;
/*!40101 SET character_set_client = @saved_cs_client */;

--
-- Dumping data for table `abouts`
--

LOCK TABLES `abouts` WRITE;
/*!40000 ALTER TABLE `abouts` DISABLE KEYS */;
INSERT INTO `abouts` VALUES (1,'sflycie1gyppir7twbgy59c2','About the strapi blog','2025-01-16 00:41:47.223000','2025-01-16 00:41:47.223000','2025-01-16 00:41:47.212000',NULL,NULL,NULL);
/*!40000 ALTER TABLE `abouts` ENABLE KEYS */;
UNLOCK TABLES;

--
-- Table structure for table `abouts_cmps`
--

DROP TABLE IF EXISTS `abouts_cmps`;
/*!40101 SET @saved_cs_client     = @@character_set_client */;
/*!50503 SET character_set_client = utf8mb4 */;
CREATE TABLE `abouts_cmps` (
  `id` int unsigned NOT NULL AUTO_INCREMENT,
  `entity_id` int unsigned DEFAULT NULL,
  `cmp_id` int unsigned DEFAULT NULL,
  `component_type` varchar(255) DEFAULT NULL,
  `field` varchar(255) DEFAULT NULL,
  `order` double unsigned DEFAULT NULL,
  PRIMARY KEY (`id`),
  UNIQUE KEY `abouts_uq` (`entity_id`,`cmp_id`,`field`,`component_type`),
  KEY `abouts_field_idx` (`field`),
  KEY `abouts_component_type_idx` (`component_type`),
  KEY `abouts_entity_fk` (`entity_id`),
  CONSTRAINT `abouts_entity_fk` FOREIGN KEY (`entity_id`) REFERENCES `abouts` (`id`) ON DELETE CASCADE
) ENGINE=InnoDB AUTO_INCREMENT=4 DEFAULT CHARSET=utf8mb4 COLLATE=utf8mb4_0900_ai_ci;
/*!40101 SET character_set_client = @saved_cs_client */;

--
-- Dumping data for table `abouts_cmps`
--

LOCK TABLES `abouts_cmps` WRITE;
/*!40000 ALTER TABLE `abouts_cmps` DISABLE KEYS */;
INSERT INTO `abouts_cmps` VALUES (1,1,6,'shared.quote','blocks',1),(2,1,11,'shared.rich-text','blocks',2),(3,1,6,'shared.media','blocks',3);
/*!40000 ALTER TABLE `abouts_cmps` ENABLE KEYS */;
UNLOCK TABLES;

--
-- Table structure for table `admin_permissions`
--

DROP TABLE IF EXISTS `admin_permissions`;
/*!40101 SET @saved_cs_client     = @@character_set_client */;
/*!50503 SET character_set_client = utf8mb4 */;
CREATE TABLE `admin_permissions` (
  `id` int unsigned NOT NULL AUTO_INCREMENT,
  `document_id` varchar(255) DEFAULT NULL,
  `action` varchar(255) DEFAULT NULL,
  `action_parameters` json DEFAULT NULL,
  `subject` varchar(255) DEFAULT NULL,
  `properties` json DEFAULT NULL,
  `conditions` json DEFAULT NULL,
  `created_at` datetime(6) DEFAULT NULL,
  `updated_at` datetime(6) DEFAULT NULL,
  `published_at` datetime(6) DEFAULT NULL,
  `created_by_id` int unsigned DEFAULT NULL,
  `updated_by_id` int unsigned DEFAULT NULL,
  `locale` varchar(255) DEFAULT NULL,
  PRIMARY KEY (`id`),
  KEY `admin_permissions_documents_idx` (`document_id`,`locale`,`published_at`),
  KEY `admin_permissions_created_by_id_fk` (`created_by_id`),
  KEY `admin_permissions_updated_by_id_fk` (`updated_by_id`),
  CONSTRAINT `admin_permissions_created_by_id_fk` FOREIGN KEY (`created_by_id`) REFERENCES `admin_users` (`id`) ON DELETE SET NULL,
  CONSTRAINT `admin_permissions_updated_by_id_fk` FOREIGN KEY (`updated_by_id`) REFERENCES `admin_users` (`id`) ON DELETE SET NULL
) ENGINE=InnoDB AUTO_INCREMENT=123 DEFAULT CHARSET=utf8mb4 COLLATE=utf8mb4_0900_ai_ci;
/*!40101 SET character_set_client = @saved_cs_client */;

--
-- Dumping data for table `admin_permissions`
--

LOCK TABLES `admin_permissions` WRITE;
/*!40000 ALTER TABLE `admin_permissions` DISABLE KEYS */;
INSERT INTO `admin_permissions` VALUES (1,'f63dkm11q9478lylsbjjyx6n','plugin::upload.read','{}',NULL,'{}','[]','2025-01-15 20:54:47.749000','2025-01-15 20:54:47.749000','2025-01-15 20:54:47.750000',NULL,NULL,NULL),(2,'pinrys09uxbq6iev49khvq49','plugin::upload.configure-view','{}',NULL,'{}','[]','2025-01-15 20:54:47.780000','2025-01-15 20:54:47.780000','2025-01-15 20:54:47.781000',NULL,NULL,NULL),(3,'kvgxgpkzf2tjczi7a6ynw2dq','plugin::upload.assets.create','{}',NULL,'{}','[]','2025-01-15 20:54:47.833000','2025-01-15 20:54:47.833000','2025-01-15 20:54:47.834000',NULL,NULL,NULL),(4,'ipc0wvt49tbn8bgjzxya9dv5','plugin::upload.assets.update','{}',NULL,'{}','[]','2025-01-15 20:54:47.876000','2025-01-15 20:54:47.876000','2025-01-15 20:54:47.876000',NULL,NULL,NULL),(5,'mbjl63krasc4ouimwyi89ecs','plugin::upload.assets.download','{}',NULL,'{}','[]','2025-01-15 20:54:47.910000','2025-01-15 20:54:47.910000','2025-01-15 20:54:47.910000',NULL,NULL,NULL),(6,'gq894hzkftfei9hy2rcjbqpr','plugin::upload.assets.copy-link','{}',NULL,'{}','[]','2025-01-15 20:54:47.945000','2025-01-15 20:54:47.945000','2025-01-15 20:54:47.946000',NULL,NULL,NULL),(7,'x2hbh4jwegs0japgd50rs6g9','plugin::upload.read','{}',NULL,'{}','[\"admin::is-creator\"]','2025-01-15 20:54:47.995000','2025-01-15 20:54:47.995000','2025-01-15 20:54:47.996000',NULL,NULL,NULL),(8,'wusalqyp2cose24takfmlyeo','plugin::upload.configure-view','{}',NULL,'{}','[]','2025-01-15 20:54:48.043000','2025-01-15 20:54:48.043000','2025-01-15 20:54:48.044000',NULL,NULL,NULL),(9,'gipa8qtphnczfz236q3kq87t','plugin::upload.assets.create','{}',NULL,'{}','[]','2025-01-15 20:54:48.092000','2025-01-15 20:54:48.092000','2025-01-15 20:54:48.093000',NULL,NULL,NULL),(10,'lhmop6pyam5qve2t57ulomum','plugin::upload.assets.update','{}',NULL,'{}','[\"admin::is-creator\"]','2025-01-15 20:54:48.137000','2025-01-15 20:54:48.137000','2025-01-15 20:54:48.138000',NULL,NULL,NULL),(11,'vi0zp9lor3uavxlyynnyct0f','plugin::upload.assets.download','{}',NULL,'{}','[]','2025-01-15 20:54:48.179000','2025-01-15 20:54:48.179000','2025-01-15 20:54:48.179000',NULL,NULL,NULL),(12,'awwc3bitxlriqr262uc4whbk','plugin::upload.assets.copy-link','{}',NULL,'{}','[]','2025-01-15 20:54:48.217000','2025-01-15 20:54:48.217000','2025-01-15 20:54:48.218000',NULL,NULL,NULL),(13,'s9caz3zi588k9fwp4wga3nj9','plugin::content-manager.explorer.create','{}','plugin::users-permissions.user','{\"fields\": [\"username\", \"email\", \"provider\", \"password\", \"resetPasswordToken\", \"confirmationToken\", \"confirmed\", \"blocked\", \"role\"]}','[]','2025-01-15 20:54:48.372000','2025-01-15 20:54:48.372000','2025-01-15 20:54:48.373000',NULL,NULL,NULL),(14,'ij7egkfch7jnhz4xjafwjfjz','plugin::content-manager.explorer.read','{}','plugin::users-permissions.user','{\"fields\": [\"username\", \"email\", \"provider\", \"password\", \"resetPasswordToken\", \"confirmationToken\", \"confirmed\", \"blocked\", \"role\"]}','[]','2025-01-15 20:54:48.414000','2025-01-15 20:54:48.414000','2025-01-15 20:54:48.414000',NULL,NULL,NULL),(15,'xu0y1m92a9iilvh4og7r62ii','plugin::content-manager.explorer.update','{}','plugin::users-permissions.user','{\"fields\": [\"username\", \"email\", \"provider\", \"password\", \"resetPasswordToken\", \"confirmationToken\", \"confirmed\", \"blocked\", \"role\"]}','[]','2025-01-15 20:54:48.447000','2025-01-15 20:54:48.447000','2025-01-15 20:54:48.448000',NULL,NULL,NULL),(16,'quhaubqbtibmhagv3ayr1wf9','plugin::content-manager.explorer.delete','{}','plugin::users-permissions.user','{}','[]','2025-01-15 20:54:48.483000','2025-01-15 20:54:48.483000','2025-01-15 20:54:48.484000',NULL,NULL,NULL),(17,'uw230rqk71awejuv1ahnqpj0','plugin::content-manager.explorer.publish','{}','plugin::users-permissions.user','{}','[]','2025-01-15 20:54:48.525000','2025-01-15 20:54:48.525000','2025-01-15 20:54:48.526000',NULL,NULL,NULL),(18,'vdwc4fo3yx07f0yb33uf0rnv','plugin::content-manager.single-types.configure-view','{}',NULL,'{}','[]','2025-01-15 20:54:48.562000','2025-01-15 20:54:48.562000','2025-01-15 20:54:48.563000',NULL,NULL,NULL),(19,'szcue5ycwliezrmof6zuo0ha','plugin::content-manager.collection-types.configure-view','{}',NULL,'{}','[]','2025-01-15 20:54:48.598000','2025-01-15 20:54:48.598000','2025-01-15 20:54:48.599000',NULL,NULL,NULL),(20,'zt3yo9tjt994qta72jpkybwh','plugin::content-manager.components.configure-layout','{}',NULL,'{}','[]','2025-01-15 20:54:48.636000','2025-01-15 20:54:48.636000','2025-01-15 20:54:48.636000',NULL,NULL,NULL),(21,'o9xolpwsngdeodj97zm0yvol','plugin::content-type-builder.read','{}',NULL,'{}','[]','2025-01-15 20:54:48.675000','2025-01-15 20:54:48.675000','2025-01-15 20:54:48.675000',NULL,NULL,NULL),(22,'kmfmyop37wqesnwv5cqljeia','plugin::email.settings.read','{}',NULL,'{}','[]','2025-01-15 20:54:48.712000','2025-01-15 20:54:48.712000','2025-01-15 20:54:48.713000',NULL,NULL,NULL),(23,'u7aojwx3vr8qx9bffguorq97','plugin::upload.read','{}',NULL,'{}','[]','2025-01-15 20:54:48.748000','2025-01-15 20:54:48.748000','2025-01-15 20:54:48.749000',NULL,NULL,NULL),(24,'dcrvbly2uayvd6hbl4n3716r','plugin::upload.assets.create','{}',NULL,'{}','[]','2025-01-15 20:54:48.785000','2025-01-15 20:54:48.785000','2025-01-15 20:54:48.785000',NULL,NULL,NULL),(25,'vmf9vhudb9frlwhk80496vp8','plugin::upload.assets.update','{}',NULL,'{}','[]','2025-01-15 20:54:48.820000','2025-01-15 20:54:48.820000','2025-01-15 20:54:48.822000',NULL,NULL,NULL),(26,'d25y6x4rl88akihh74ntcdme','plugin::upload.assets.download','{}',NULL,'{}','[]','2025-01-15 20:54:48.865000','2025-01-15 20:54:48.865000','2025-01-15 20:54:48.866000',NULL,NULL,NULL),(27,'asb83hnod9o240y1sdrac3q9','plugin::upload.assets.copy-link','{}',NULL,'{}','[]','2025-01-15 20:54:48.905000','2025-01-15 20:54:48.905000','2025-01-15 20:54:48.906000',NULL,NULL,NULL),(28,'b9fhrfffnrapntld6bxo04sf','plugin::upload.configure-view','{}',NULL,'{}','[]','2025-01-15 20:54:48.944000','2025-01-15 20:54:48.944000','2025-01-15 20:54:48.945000',NULL,NULL,NULL),(29,'j18u1w7ipw6v1e49jq4gajv5','plugin::upload.settings.read','{}',NULL,'{}','[]','2025-01-15 20:54:48.979000','2025-01-15 20:54:48.979000','2025-01-15 20:54:48.980000',NULL,NULL,NULL),(30,'zcd69h6ezswsbh9w9s2rt866','plugin::i18n.locale.create','{}',NULL,'{}','[]','2025-01-15 20:54:49.024000','2025-01-15 20:54:49.024000','2025-01-15 20:54:49.025000',NULL,NULL,NULL),(31,'o2q0lszgn1wahudf39sfrwj0','plugin::i18n.locale.read','{}',NULL,'{}','[]','2025-01-15 20:54:49.083000','2025-01-15 20:54:49.083000','2025-01-15 20:54:49.083000',NULL,NULL,NULL),(32,'r6snaata0hpta7tvbul8ozpm','plugin::i18n.locale.update','{}',NULL,'{}','[]','2025-01-15 20:54:49.123000','2025-01-15 20:54:49.123000','2025-01-15 20:54:49.124000',NULL,NULL,NULL),(33,'o5y4gdwl0e7enviz88n6isl4','plugin::i18n.locale.delete','{}',NULL,'{}','[]','2025-01-15 20:54:49.159000','2025-01-15 20:54:49.159000','2025-01-15 20:54:49.159000',NULL,NULL,NULL),(34,'cl37d5jnpwiqsiscyucjhf2d','plugin::users-permissions.roles.create','{}',NULL,'{}','[]','2025-01-15 20:54:49.188000','2025-01-15 20:54:49.188000','2025-01-15 20:54:49.188000',NULL,NULL,NULL),(35,'mqki27z85uww7r6v3v9ft13s','plugin::users-permissions.roles.read','{}',NULL,'{}','[]','2025-01-15 20:54:49.207000','2025-01-15 20:54:49.207000','2025-01-15 20:54:49.208000',NULL,NULL,NULL),(36,'gdr0zd6pd9jv995ls8nmaikb','plugin::users-permissions.roles.update','{}',NULL,'{}','[]','2025-01-15 20:54:49.249000','2025-01-15 20:54:49.249000','2025-01-15 20:54:49.249000',NULL,NULL,NULL),(37,'n40yq41ylw853m8jtjwng8k1','plugin::users-permissions.roles.delete','{}',NULL,'{}','[]','2025-01-15 20:54:49.299000','2025-01-15 20:54:49.299000','2025-01-15 20:54:49.300000',NULL,NULL,NULL),(38,'y25x67nh1a4qd4i9mr2t3d74','plugin::users-permissions.providers.read','{}',NULL,'{}','[]','2025-01-15 20:54:49.347000','2025-01-15 20:54:49.347000','2025-01-15 20:54:49.348000',NULL,NULL,NULL),(39,'kch1sqgaguo4xycty9vmq0wk','plugin::users-permissions.providers.update','{}',NULL,'{}','[]','2025-01-15 20:54:49.386000','2025-01-15 20:54:49.386000','2025-01-15 20:54:49.388000',NULL,NULL,NULL),(40,'d58kjkolllwlti0rnwq660g1','plugin::users-permissions.email-templates.read','{}',NULL,'{}','[]','2025-01-15 20:54:49.425000','2025-01-15 20:54:49.425000','2025-01-15 20:54:49.425000',NULL,NULL,NULL),(41,'gcdfx8lla7dui2b323qk758g','plugin::users-permissions.email-templates.update','{}',NULL,'{}','[]','2025-01-15 20:54:49.458000','2025-01-15 20:54:49.458000','2025-01-15 20:54:49.459000',NULL,NULL,NULL),(42,'rpv19rdrmy6nf0elh7oaujtu','plugin::users-permissions.advanced-settings.read','{}',NULL,'{}','[]','2025-01-15 20:54:49.496000','2025-01-15 20:54:49.496000','2025-01-15 20:54:49.497000',NULL,NULL,NULL),(43,'tvr6nedtim3rdtjx2d088x4c','plugin::users-permissions.advanced-settings.update','{}',NULL,'{}','[]','2025-01-15 20:54:49.533000','2025-01-15 20:54:49.533000','2025-01-15 20:54:49.534000',NULL,NULL,NULL),(44,'aptlsko0386v305xu2prnsve','admin::marketplace.read','{}',NULL,'{}','[]','2025-01-15 20:54:49.573000','2025-01-15 20:54:49.573000','2025-01-15 20:54:49.574000',NULL,NULL,NULL),(45,'twuh4ny23nnm6wwaz5elszde','admin::webhooks.create','{}',NULL,'{}','[]','2025-01-15 20:54:49.615000','2025-01-15 20:54:49.615000','2025-01-15 20:54:49.616000',NULL,NULL,NULL),(46,'w3k9fnukpwyhkt4c0p9nn4p7','admin::webhooks.read','{}',NULL,'{}','[]','2025-01-15 20:54:49.680000','2025-01-15 20:54:49.680000','2025-01-15 20:54:49.680000',NULL,NULL,NULL),(47,'evvprwbo4g9991iwieusd359','admin::webhooks.update','{}',NULL,'{}','[]','2025-01-15 20:54:49.719000','2025-01-15 20:54:49.719000','2025-01-15 20:54:49.720000',NULL,NULL,NULL),(48,'e71zduwdd8ucjtidnpsdhnxf','admin::webhooks.delete','{}',NULL,'{}','[]','2025-01-15 20:54:49.747000','2025-01-15 20:54:49.747000','2025-01-15 20:54:49.747000',NULL,NULL,NULL),(49,'ick59msd5siaw95ca0ur96jc','admin::users.create','{}',NULL,'{}','[]','2025-01-15 20:54:49.787000','2025-01-15 20:54:49.787000','2025-01-15 20:54:49.789000',NULL,NULL,NULL),(50,'nf8tox8hewuwhigq74k4zkpy','admin::users.read','{}',NULL,'{}','[]','2025-01-15 20:54:49.833000','2025-01-15 20:54:49.833000','2025-01-15 20:54:49.835000',NULL,NULL,NULL),(51,'wjqchdt19yen3g3bij7amfsh','admin::users.update','{}',NULL,'{}','[]','2025-01-15 20:54:49.881000','2025-01-15 20:54:49.881000','2025-01-15 20:54:49.881000',NULL,NULL,NULL),(52,'kfzcoadsa4bk685p1mq5dleh','admin::users.delete','{}',NULL,'{}','[]','2025-01-15 20:54:49.911000','2025-01-15 20:54:49.911000','2025-01-15 20:54:49.911000',NULL,NULL,NULL),(53,'fzq44a4887ob2b940x4igt2a','admin::roles.create','{}',NULL,'{}','[]','2025-01-15 20:54:49.930000','2025-01-15 20:54:49.930000','2025-01-15 20:54:49.930000',NULL,NULL,NULL),(54,'vbnd72n9xvrzp0wv6k0mo63y','admin::roles.read','{}',NULL,'{}','[]','2025-01-15 20:54:49.968000','2025-01-15 20:54:49.968000','2025-01-15 20:54:49.968000',NULL,NULL,NULL),(55,'rbytp7f6l19orf9ogn3l766i','admin::roles.update','{}',NULL,'{}','[]','2025-01-15 20:54:49.990000','2025-01-15 20:54:49.990000','2025-01-15 20:54:49.990000',NULL,NULL,NULL),(56,'osa6ijm423dd3rg461xpa5pf','admin::roles.delete','{}',NULL,'{}','[]','2025-01-15 20:54:50.029000','2025-01-15 20:54:50.029000','2025-01-15 20:54:50.030000',NULL,NULL,NULL),(57,'i2x3o62ehrs4tg4k09gn0ao0','admin::api-tokens.access','{}',NULL,'{}','[]','2025-01-15 20:54:50.077000','2025-01-15 20:54:50.077000','2025-01-15 20:54:50.078000',NULL,NULL,NULL),(58,'nutcfi2b3aux5ws3l2y5w7it','admin::api-tokens.create','{}',NULL,'{}','[]','2025-01-15 20:54:50.167000','2025-01-15 20:54:50.167000','2025-01-15 20:54:50.168000',NULL,NULL,NULL),(59,'fs839db3p8nq89eftvn29uvd','admin::api-tokens.read','{}',NULL,'{}','[]','2025-01-15 20:54:50.199000','2025-01-15 20:54:50.199000','2025-01-15 20:54:50.200000',NULL,NULL,NULL),(60,'hl7utq0yrssln016v0oxz2j1','admin::api-tokens.update','{}',NULL,'{}','[]','2025-01-15 20:54:50.232000','2025-01-15 20:54:50.232000','2025-01-15 20:54:50.233000',NULL,NULL,NULL),(61,'ga8c52xqjdlfbhom4n43q6nx','admin::api-tokens.regenerate','{}',NULL,'{}','[]','2025-01-15 20:54:50.280000','2025-01-15 20:54:50.280000','2025-01-15 20:54:50.280000',NULL,NULL,NULL),(62,'ezddqioayzz7gnx0xiy8mj74','admin::api-tokens.delete','{}',NULL,'{}','[]','2025-01-15 20:54:50.320000','2025-01-15 20:54:50.320000','2025-01-15 20:54:50.320000',NULL,NULL,NULL),(63,'phw8s6okwpr7srxik2o38uzp','admin::project-settings.update','{}',NULL,'{}','[]','2025-01-15 20:54:50.363000','2025-01-15 20:54:50.363000','2025-01-15 20:54:50.364000',NULL,NULL,NULL),(64,'gjgg1r4dbji956i76hd15o7j','admin::project-settings.read','{}',NULL,'{}','[]','2025-01-15 20:54:50.402000','2025-01-15 20:54:50.402000','2025-01-15 20:54:50.402000',NULL,NULL,NULL),(65,'t2b9y9n7uf3kfy6pvpyjjn4q','admin::transfer.tokens.access','{}',NULL,'{}','[]','2025-01-15 20:54:50.444000','2025-01-15 20:54:50.444000','2025-01-15 20:54:50.445000',NULL,NULL,NULL),(66,'ihx38now3m5hpnm4rto7zevk','admin::transfer.tokens.create','{}',NULL,'{}','[]','2025-01-15 20:54:50.482000','2025-01-15 20:54:50.482000','2025-01-15 20:54:50.482000',NULL,NULL,NULL),(67,'y2sudrz5mbo4azzjo6zqnivz','admin::transfer.tokens.read','{}',NULL,'{}','[]','2025-01-15 20:54:50.523000','2025-01-15 20:54:50.523000','2025-01-15 20:54:50.524000',NULL,NULL,NULL),(68,'rlsp3zgreahneupnn33qb4uw','admin::transfer.tokens.update','{}',NULL,'{}','[]','2025-01-15 20:54:50.567000','2025-01-15 20:54:50.567000','2025-01-15 20:54:50.568000',NULL,NULL,NULL),(69,'rcfy2kyvqt8ofts4xf0mq6j7','admin::transfer.tokens.regenerate','{}',NULL,'{}','[]','2025-01-15 20:54:50.615000','2025-01-15 20:54:50.615000','2025-01-15 20:54:50.616000',NULL,NULL,NULL),(70,'fqx97rop0xf2m620k65p57mj','admin::transfer.tokens.delete','{}',NULL,'{}','[]','2025-01-15 20:54:50.682000','2025-01-15 20:54:50.682000','2025-01-15 20:54:50.682000',NULL,NULL,NULL),(74,'uhv8k3o96m12r5j5eqzidp3n','plugin::content-manager.explorer.delete','{}','api::article.article','{}','[]','2025-01-15 20:58:17.882000','2025-01-15 20:58:17.882000','2025-01-15 20:58:17.883000',NULL,NULL,NULL),(75,'ko6j61i575uehz8ki42m4fyj','plugin::content-manager.explorer.publish','{}','api::article.article','{}','[]','2025-01-15 20:58:17.944000','2025-01-15 20:58:17.944000','2025-01-15 20:58:17.945000',NULL,NULL,NULL),(81,'ztf0rblsm22ki1jf9uk6e9md','plugin::content-manager.explorer.create','{}','api::about.about','{\"fields\": [\"title\", \"blocks\"]}','[]','2025-01-16 00:41:38.339000','2025-01-16 00:41:38.339000','2025-01-16 00:41:38.340000',NULL,NULL,NULL),(82,'emhqisw57zoa482lrgqzmzqc','plugin::content-manager.explorer.create','{}','api::article.article','{\"fields\": [\"title\", \"description\", \"slug\", \"cover\", \"author\", \"category\", \"blocks\"]}','[]','2025-01-16 00:41:38.379000','2025-01-16 00:41:38.379000','2025-01-16 00:41:38.380000',NULL,NULL,NULL),(84,'mmtou2xlv83biuiunlv7pz97','plugin::content-manager.explorer.create','{}','api::category.category','{\"fields\": [\"name\", \"slug\", \"articles\", \"description\"]}','[]','2025-01-16 00:41:38.448000','2025-01-16 00:41:38.448000','2025-01-16 00:41:38.448000',NULL,NULL,NULL),(85,'k8i83eq2blpf7d14rpc8wr2w','plugin::content-manager.explorer.create','{}','api::global.global','{\"fields\": [\"siteName\", \"favicon\", \"siteDescription\", \"defaultSeo.metaTitle\", \"defaultSeo.metaDescription\", \"defaultSeo.shareImage\"]}','[]','2025-01-16 00:41:38.480000','2025-01-16 00:41:38.480000','2025-01-16 00:41:38.480000',NULL,NULL,NULL),(86,'acip69atf9gm1igr51mo2soa','plugin::content-manager.explorer.read','{}','api::about.about','{\"fields\": [\"title\", \"blocks\"]}','[]','2025-01-16 00:41:38.538000','2025-01-16 00:41:38.538000','2025-01-16 00:41:38.539000',NULL,NULL,NULL),(87,'cags24158q20domkl60augk2','plugin::content-manager.explorer.read','{}','api::article.article','{\"fields\": [\"title\", \"description\", \"slug\", \"cover\", \"author\", \"category\", \"blocks\"]}','[]','2025-01-16 00:41:38.573000','2025-01-16 00:41:38.573000','2025-01-16 00:41:38.573000',NULL,NULL,NULL),(89,'fpiqmiwopb9u7in9su3stba1','plugin::content-manager.explorer.read','{}','api::category.category','{\"fields\": [\"name\", \"slug\", \"articles\", \"description\"]}','[]','2025-01-16 00:41:38.739000','2025-01-16 00:41:38.739000','2025-01-16 00:41:38.740000',NULL,NULL,NULL),(90,'uuptjvkf0a4f07unat7vem5c','plugin::content-manager.explorer.read','{}','api::global.global','{\"fields\": [\"siteName\", \"favicon\", \"siteDescription\", \"defaultSeo.metaTitle\", \"defaultSeo.metaDescription\", \"defaultSeo.shareImage\"]}','[]','2025-01-16 00:41:38.776000','2025-01-16 00:41:38.776000','2025-01-16 00:41:38.776000',NULL,NULL,NULL),(91,'ziykgnpzk370k5w80w58b7cm','plugin::content-manager.explorer.update','{}','api::about.about','{\"fields\": [\"title\", \"blocks\"]}','[]','2025-01-16 00:41:38.807000','2025-01-16 00:41:38.807000','2025-01-16 00:41:38.807000',NULL,NULL,NULL),(92,'miniqcqesbzqjqdyie2e1k5f','plugin::content-manager.explorer.update','{}','api::article.article','{\"fields\": [\"title\", \"description\", \"slug\", \"cover\", \"author\", \"category\", \"blocks\"]}','[]','2025-01-16 00:41:38.840000','2025-01-16 00:41:38.840000','2025-01-16 00:41:38.840000',NULL,NULL,NULL),(94,'hi1jjgk9mr4qaaax3vvmf73l','plugin::content-manager.explorer.update','{}','api::category.category','{\"fields\": [\"name\", \"slug\", \"articles\", \"description\"]}','[]','2025-01-16 00:41:38.909000','2025-01-16 00:41:38.909000','2025-01-16 00:41:38.910000',NULL,NULL,NULL),(95,'a8mcyyepmhlfyu6ln5a9v53h','plugin::content-manager.explorer.update','{}','api::global.global','{\"fields\": [\"siteName\", \"favicon\", \"siteDescription\", \"defaultSeo.metaTitle\", \"defaultSeo.metaDescription\", \"defaultSeo.shareImage\"]}','[]','2025-01-16 00:41:38.946000','2025-01-16 00:41:38.946000','2025-01-16 00:41:38.946000',NULL,NULL,NULL),(96,'ps6iw38mxb2ztvhqk28mair6','plugin::content-manager.explorer.delete','{}','api::about.about','{}','[]','2025-01-16 00:41:38.982000','2025-01-16 00:41:38.982000','2025-01-16 00:41:38.982000',NULL,NULL,NULL),(97,'cvz237jmzoxnj1ppewtho7up','plugin::content-manager.explorer.delete','{}','api::author.author','{}','[]','2025-01-16 00:41:39.016000','2025-01-16 00:41:39.016000','2025-01-16 00:41:39.016000',NULL,NULL,NULL),(98,'m7dge2carfsuoead5snk5enn','plugin::content-manager.explorer.delete','{}','api::category.category','{}','[]','2025-01-16 00:41:39.057000','2025-01-16 00:41:39.057000','2025-01-16 00:41:39.057000',NULL,NULL,NULL),(99,'jomi2s9su86kdi3kp1mh5znw','plugin::content-manager.explorer.delete','{}','api::global.global','{}','[]','2025-01-16 00:41:39.093000','2025-01-16 00:41:39.093000','2025-01-16 00:41:39.093000',NULL,NULL,NULL),(100,'nbmjbt7u6oggd61xtr2gqikl','plugin::content-manager.explorer.publish','{}','api::about.about','{}','[]','2025-01-16 00:41:39.125000','2025-01-16 00:41:39.125000','2025-01-16 00:41:39.125000',NULL,NULL,NULL),(101,'mitwpg8fr4wvztjmqvq4y19e','plugin::content-manager.explorer.publish','{}','api::author.author','{}','[]','2025-01-16 00:41:39.159000','2025-01-16 00:41:39.159000','2025-01-16 00:41:39.159000',NULL,NULL,NULL),(102,'ks99andny70rwj2gsn9a3pow','plugin::content-manager.explorer.publish','{}','api::category.category','{}','[]','2025-01-16 00:41:39.192000','2025-01-16 00:41:39.192000','2025-01-16 00:41:39.192000',NULL,NULL,NULL),(103,'qm860bjydmgjwrao21p9mn1e','plugin::content-manager.explorer.publish','{}','api::global.global','{}','[]','2025-01-16 00:41:39.223000','2025-01-16 00:41:39.223000','2025-01-16 00:41:39.224000',NULL,NULL,NULL),(104,'ehnaw7lfxf7fus2qtkyxdcth','plugin::content-manager.explorer.create','{}','api::course.course','{\"fields\": [\"title\", \"lesson\", \"duration\", \"featured\", \"price\", \"isFree\", \"tag\", \"skillLevel\", \"categories\", \"date\", \"insName\", \"imageUrl\"]}','[]','2025-01-16 00:48:52.465000','2025-01-16 00:48:52.465000','2025-01-16 00:48:52.467000',NULL,NULL,NULL),(105,'nkpis96gz2g4zzlhy9k52e6j','plugin::content-manager.explorer.read','{}','api::course.course','{\"fields\": [\"title\", \"lesson\", \"duration\", \"featured\", \"price\", \"isFree\", \"tag\", \"skillLevel\", \"categories\", \"date\", \"insName\", \"imageUrl\"]}','[]','2025-01-16 00:48:52.507000','2025-01-16 00:48:52.507000','2025-01-16 00:48:52.508000',NULL,NULL,NULL),(106,'zagqgblzu0nwjqi2fy80nt2h','plugin::content-manager.explorer.update','{}','api::course.course','{\"fields\": [\"title\", \"lesson\", \"duration\", \"featured\", \"price\", \"isFree\", \"tag\", \"skillLevel\", \"categories\", \"date\", \"insName\", \"imageUrl\"]}','[]','2025-01-16 00:48:52.550000','2025-01-16 00:48:52.550000','2025-01-16 00:48:52.551000',NULL,NULL,NULL),(107,'p886wi09v2vug98nxlofgz3h','plugin::content-manager.explorer.delete','{}','api::course.course','{}','[]','2025-01-16 00:48:52.590000','2025-01-16 00:48:52.590000','2025-01-16 00:48:52.591000',NULL,NULL,NULL),(108,'xdnvvmfnm8mapfcy7fmma10d','plugin::content-manager.explorer.publish','{}','api::course.course','{}','[]','2025-01-16 00:48:52.670000','2025-01-16 00:48:52.670000','2025-01-16 00:48:52.671000',NULL,NULL,NULL),(112,'kbwpuuir04tn6shac39yorsm','plugin::content-manager.explorer.delete','{}','api::blog.blog','{}','[]','2025-01-17 00:50:31.164000','2025-01-17 00:50:31.164000','2025-01-17 00:50:31.165000',NULL,NULL,NULL),(113,'knenr7b20w8w9hrbpgqa9q3h','plugin::content-manager.explorer.publish','{}','api::blog.blog','{}','[]','2025-01-17 00:50:31.233000','2025-01-17 00:50:31.233000','2025-01-17 00:50:31.233000',NULL,NULL,NULL),(117,'dzwm5yu4jlbod4doc8q9q92v','plugin::content-manager.explorer.create','{}','api::author.author','{\"fields\": [\"name\", \"avatar\", \"email\", \"articles\", \"blogImage\"]}','[]','2025-01-17 00:54:57.657000','2025-01-17 00:54:57.657000','2025-01-17 00:54:57.659000',NULL,NULL,NULL),(118,'ixhmp6q7icx5pw0sivjkfifk','plugin::content-manager.explorer.read','{}','api::author.author','{\"fields\": [\"name\", \"avatar\", \"email\", \"articles\", \"blogImage\"]}','[]','2025-01-17 00:54:57.710000','2025-01-17 00:54:57.710000','2025-01-17 00:54:57.711000',NULL,NULL,NULL),(119,'c10m9f5lrs3hsko5g863m1s6','plugin::content-manager.explorer.update','{}','api::author.author','{\"fields\": [\"name\", \"avatar\", \"email\", \"articles\", \"blogImage\"]}','[]','2025-01-17 00:54:57.774000','2025-01-17 00:54:57.774000','2025-01-17 00:54:57.775000',NULL,NULL,NULL),(120,'mqag793k1jbhq4fu2kw5er5s','plugin::content-manager.explorer.create','{}','api::blog.blog','{\"fields\": [\"title\", \"desc\", \"date\", \"publishDate\", \"month\", \"author\", \"blogImage\"]}','[]','2025-01-17 01:00:33.088000','2025-01-17 01:00:33.088000','2025-01-17 01:00:33.089000',NULL,NULL,NULL),(121,'apcst5umi3f8todkjqvw0hyf','plugin::content-manager.explorer.read','{}','api::blog.blog','{\"fields\": [\"title\", \"desc\", \"date\", \"publishDate\", \"month\", \"author\", \"blogImage\"]}','[]','2025-01-17 01:00:33.116000','2025-01-17 01:00:33.116000','2025-01-17 01:00:33.117000',NULL,NULL,NULL),(122,'tho55doon93nh3vffedkvlus','plugin::content-manager.explorer.update','{}','api::blog.blog','{\"fields\": [\"title\", \"desc\", \"date\", \"publishDate\", \"month\", \"author\", \"blogImage\"]}','[]','2025-01-17 01:00:33.155000','2025-01-17 01:00:33.155000','2025-01-17 01:00:33.156000',NULL,NULL,NULL);
/*!40000 ALTER TABLE `admin_permissions` ENABLE KEYS */;
UNLOCK TABLES;

--
-- Table structure for table `admin_permissions_role_lnk`
--

DROP TABLE IF EXISTS `admin_permissions_role_lnk`;
/*!40101 SET @saved_cs_client     = @@character_set_client */;
/*!50503 SET character_set_client = utf8mb4 */;
CREATE TABLE `admin_permissions_role_lnk` (
  `id` int unsigned NOT NULL AUTO_INCREMENT,
  `permission_id` int unsigned DEFAULT NULL,
  `role_id` int unsigned DEFAULT NULL,
  `permission_ord` double unsigned DEFAULT NULL,
  PRIMARY KEY (`id`),
  UNIQUE KEY `admin_permissions_role_lnk_uq` (`permission_id`,`role_id`),
  KEY `admin_permissions_role_lnk_fk` (`permission_id`),
  KEY `admin_permissions_role_lnk_ifk` (`role_id`),
  KEY `admin_permissions_role_lnk_oifk` (`permission_ord`),
  CONSTRAINT `admin_permissions_role_lnk_fk` FOREIGN KEY (`permission_id`) REFERENCES `admin_permissions` (`id`) ON DELETE CASCADE,
  CONSTRAINT `admin_permissions_role_lnk_ifk` FOREIGN KEY (`role_id`) REFERENCES `admin_roles` (`id`) ON DELETE CASCADE
) ENGINE=InnoDB AUTO_INCREMENT=123 DEFAULT CHARSET=utf8mb4 COLLATE=utf8mb4_0900_ai_ci;
/*!40101 SET character_set_client = @saved_cs_client */;

--
-- Dumping data for table `admin_permissions_role_lnk`
--

LOCK TABLES `admin_permissions_role_lnk` WRITE;
/*!40000 ALTER TABLE `admin_permissions_role_lnk` DISABLE KEYS */;
INSERT INTO `admin_permissions_role_lnk` VALUES (1,1,2,1),(2,2,2,2),(3,3,2,3),(4,4,2,4),(5,5,2,5),(6,6,2,6),(7,7,3,1),(8,8,3,2),(9,9,3,3),(10,10,3,4),(11,11,3,5),(12,12,3,6),(13,13,1,1),(14,14,1,2),(15,15,1,3),(16,16,1,4),(17,17,1,5),(18,18,1,6),(19,19,1,7),(20,20,1,8),(21,21,1,9),(22,22,1,10),(23,23,1,11),(24,24,1,12),(25,25,1,13),(26,26,1,14),(27,27,1,15),(28,28,1,16),(29,29,1,17),(30,30,1,18),(31,31,1,19),(32,32,1,20),(33,33,1,21),(34,34,1,22),(35,35,1,23),(36,36,1,24),(37,37,1,25),(38,38,1,26),(39,39,1,27),(40,40,1,28),(41,41,1,29),(42,42,1,30),(43,43,1,31),(44,44,1,32),(45,45,1,33),(46,46,1,34),(47,47,1,35),(48,48,1,36),(49,49,1,37),(50,50,1,38),(51,51,1,39),(52,52,1,40),(53,53,1,41),(54,54,1,42),(55,55,1,43),(56,56,1,44),(57,57,1,45),(58,58,1,46),(59,59,1,47),(60,60,1,48),(61,61,1,49),(62,62,1,50),(63,63,1,51),(64,64,1,52),(65,65,1,53),(66,66,1,54),(67,67,1,55),(68,68,1,56),(69,69,1,57),(70,70,1,58),(74,74,1,62),(75,75,1,63),(81,81,1,64),(82,82,1,65),(84,84,1,67),(85,85,1,68),(86,86,1,69),(87,87,1,70),(89,89,1,72),(90,90,1,73),(91,91,1,74),(92,92,1,75),(94,94,1,77),(95,95,1,78),(96,96,1,79),(97,97,1,80),(98,98,1,81),(99,99,1,82),(100,100,1,83),(101,101,1,84),(102,102,1,85),(103,103,1,86),(104,104,1,87),(105,105,1,88),(106,106,1,89),(107,107,1,90),(108,108,1,91),(112,112,1,95),(113,113,1,96),(117,117,1,100),(118,118,1,101),(119,119,1,102),(120,120,1,103),(121,121,1,104),(122,122,1,105);
/*!40000 ALTER TABLE `admin_permissions_role_lnk` ENABLE KEYS */;
UNLOCK TABLES;

--
-- Table structure for table `admin_roles`
--

DROP TABLE IF EXISTS `admin_roles`;
/*!40101 SET @saved_cs_client     = @@character_set_client */;
/*!50503 SET character_set_client = utf8mb4 */;
CREATE TABLE `admin_roles` (
  `id` int unsigned NOT NULL AUTO_INCREMENT,
  `document_id` varchar(255) DEFAULT NULL,
  `name` varchar(255) DEFAULT NULL,
  `code` varchar(255) DEFAULT NULL,
  `description` varchar(255) DEFAULT NULL,
  `created_at` datetime(6) DEFAULT NULL,
  `updated_at` datetime(6) DEFAULT NULL,
  `published_at` datetime(6) DEFAULT NULL,
  `created_by_id` int unsigned DEFAULT NULL,
  `updated_by_id` int unsigned DEFAULT NULL,
  `locale` varchar(255) DEFAULT NULL,
  PRIMARY KEY (`id`),
  KEY `admin_roles_documents_idx` (`document_id`,`locale`,`published_at`),
  KEY `admin_roles_created_by_id_fk` (`created_by_id`),
  KEY `admin_roles_updated_by_id_fk` (`updated_by_id`),
  CONSTRAINT `admin_roles_created_by_id_fk` FOREIGN KEY (`created_by_id`) REFERENCES `admin_users` (`id`) ON DELETE SET NULL,
  CONSTRAINT `admin_roles_updated_by_id_fk` FOREIGN KEY (`updated_by_id`) REFERENCES `admin_users` (`id`) ON DELETE SET NULL
) ENGINE=InnoDB AUTO_INCREMENT=4 DEFAULT CHARSET=utf8mb4 COLLATE=utf8mb4_0900_ai_ci;
/*!40101 SET character_set_client = @saved_cs_client */;

--
-- Dumping data for table `admin_roles`
--

LOCK TABLES `admin_roles` WRITE;
/*!40000 ALTER TABLE `admin_roles` DISABLE KEYS */;
INSERT INTO `admin_roles` VALUES (1,'pga4zbtd1n2hcqc61qkwjp2f','Super Admin','strapi-super-admin','Super Admins can access and manage all features and settings.','2025-01-15 20:54:47.679000','2025-01-15 20:54:47.679000','2025-01-15 20:54:47.680000',NULL,NULL,NULL),(2,'nkrya1j0t20zedqxcob6v1pt','Editor','strapi-editor','Editors can manage and publish contents including those of other users.','2025-01-15 20:54:47.717000','2025-01-15 20:54:47.717000','2025-01-15 20:54:47.717000',NULL,NULL,NULL),(3,'i7d1oyk5o4sb6orf9k0ngspo','Author','strapi-author','Authors can manage the content they have created.','2025-01-15 20:54:47.726000','2025-01-15 20:54:47.726000','2025-01-15 20:54:47.726000',NULL,NULL,NULL);
/*!40000 ALTER TABLE `admin_roles` ENABLE KEYS */;
UNLOCK TABLES;

--
-- Table structure for table `admin_users`
--

DROP TABLE IF EXISTS `admin_users`;
/*!40101 SET @saved_cs_client     = @@character_set_client */;
/*!50503 SET character_set_client = utf8mb4 */;
CREATE TABLE `admin_users` (
  `id` int unsigned NOT NULL AUTO_INCREMENT,
  `document_id` varchar(255) DEFAULT NULL,
  `firstname` varchar(255) DEFAULT NULL,
  `lastname` varchar(255) DEFAULT NULL,
  `username` varchar(255) DEFAULT NULL,
  `email` varchar(255) DEFAULT NULL,
  `password` varchar(255) DEFAULT NULL,
  `reset_password_token` varchar(255) DEFAULT NULL,
  `registration_token` varchar(255) DEFAULT NULL,
  `is_active` tinyint(1) DEFAULT NULL,
  `blocked` tinyint(1) DEFAULT NULL,
  `prefered_language` varchar(255) DEFAULT NULL,
  `created_at` datetime(6) DEFAULT NULL,
  `updated_at` datetime(6) DEFAULT NULL,
  `published_at` datetime(6) DEFAULT NULL,
  `created_by_id` int unsigned DEFAULT NULL,
  `updated_by_id` int unsigned DEFAULT NULL,
  `locale` varchar(255) DEFAULT NULL,
  PRIMARY KEY (`id`),
  KEY `admin_users_documents_idx` (`document_id`,`locale`,`published_at`),
  KEY `admin_users_created_by_id_fk` (`created_by_id`),
  KEY `admin_users_updated_by_id_fk` (`updated_by_id`),
  CONSTRAINT `admin_users_created_by_id_fk` FOREIGN KEY (`created_by_id`) REFERENCES `admin_users` (`id`) ON DELETE SET NULL,
  CONSTRAINT `admin_users_updated_by_id_fk` FOREIGN KEY (`updated_by_id`) REFERENCES `admin_users` (`id`) ON DELETE SET NULL
) ENGINE=InnoDB AUTO_INCREMENT=2 DEFAULT CHARSET=utf8mb4 COLLATE=utf8mb4_0900_ai_ci;
/*!40101 SET character_set_client = @saved_cs_client */;

--
-- Dumping data for table `admin_users`
--

LOCK TABLES `admin_users` WRITE;
/*!40000 ALTER TABLE `admin_users` DISABLE KEYS */;
INSERT INTO `admin_users` VALUES (1,'urkm9kbnqz6cyjpa9ugtduob','Gaurav','Singh',NULL,'singhgaurav155.gs@gmail.com','$2a$10$dI/DcIaX1d1QV/RjW0Iho.nV1OzZaAsQ1QszhgU6zDbwQ4Ql1JJhK',NULL,NULL,1,0,NULL,'2025-01-15 20:55:23.816000','2025-01-15 20:55:23.816000','2025-01-15 20:55:23.816000',NULL,NULL,NULL);
/*!40000 ALTER TABLE `admin_users` ENABLE KEYS */;
UNLOCK TABLES;

--
-- Table structure for table `admin_users_roles_lnk`
--

DROP TABLE IF EXISTS `admin_users_roles_lnk`;
/*!40101 SET @saved_cs_client     = @@character_set_client */;
/*!50503 SET character_set_client = utf8mb4 */;
CREATE TABLE `admin_users_roles_lnk` (
  `id` int unsigned NOT NULL AUTO_INCREMENT,
  `user_id` int unsigned DEFAULT NULL,
  `role_id` int unsigned DEFAULT NULL,
  `role_ord` double unsigned DEFAULT NULL,
  `user_ord` double unsigned DEFAULT NULL,
  PRIMARY KEY (`id`),
  UNIQUE KEY `admin_users_roles_lnk_uq` (`user_id`,`role_id`),
  KEY `admin_users_roles_lnk_fk` (`user_id`),
  KEY `admin_users_roles_lnk_ifk` (`role_id`),
  KEY `admin_users_roles_lnk_ofk` (`role_ord`),
  KEY `admin_users_roles_lnk_oifk` (`user_ord`),
  CONSTRAINT `admin_users_roles_lnk_fk` FOREIGN KEY (`user_id`) REFERENCES `admin_users` (`id`) ON DELETE CASCADE,
  CONSTRAINT `admin_users_roles_lnk_ifk` FOREIGN KEY (`role_id`) REFERENCES `admin_roles` (`id`) ON DELETE CASCADE
) ENGINE=InnoDB AUTO_INCREMENT=2 DEFAULT CHARSET=utf8mb4 COLLATE=utf8mb4_0900_ai_ci;
/*!40101 SET character_set_client = @saved_cs_client */;

--
-- Dumping data for table `admin_users_roles_lnk`
--

LOCK TABLES `admin_users_roles_lnk` WRITE;
/*!40000 ALTER TABLE `admin_users_roles_lnk` DISABLE KEYS */;
INSERT INTO `admin_users_roles_lnk` VALUES (1,1,1,1,1);
/*!40000 ALTER TABLE `admin_users_roles_lnk` ENABLE KEYS */;
UNLOCK TABLES;

--
-- Table structure for table `articles`
--

DROP TABLE IF EXISTS `articles`;
/*!40101 SET @saved_cs_client     = @@character_set_client */;
/*!50503 SET character_set_client = utf8mb4 */;
CREATE TABLE `articles` (
  `id` int unsigned NOT NULL AUTO_INCREMENT,
  `document_id` varchar(255) DEFAULT NULL,
  `created_at` datetime(6) DEFAULT NULL,
  `updated_at` datetime(6) DEFAULT NULL,
  `published_at` datetime(6) DEFAULT NULL,
  `created_by_id` int unsigned DEFAULT NULL,
  `updated_by_id` int unsigned DEFAULT NULL,
  `locale` varchar(255) DEFAULT NULL,
  `title` varchar(255) DEFAULT NULL,
  `description` longtext,
  `slug` varchar(255) DEFAULT NULL,
  PRIMARY KEY (`id`),
  KEY `articles_documents_idx` (`document_id`,`locale`,`published_at`),
  KEY `articles_created_by_id_fk` (`created_by_id`),
  KEY `articles_updated_by_id_fk` (`updated_by_id`),
  CONSTRAINT `articles_created_by_id_fk` FOREIGN KEY (`created_by_id`) REFERENCES `admin_users` (`id`) ON DELETE SET NULL,
  CONSTRAINT `articles_updated_by_id_fk` FOREIGN KEY (`updated_by_id`) REFERENCES `admin_users` (`id`) ON DELETE SET NULL
) ENGINE=InnoDB AUTO_INCREMENT=6 DEFAULT CHARSET=utf8mb4 COLLATE=utf8mb4_0900_ai_ci;
/*!40101 SET character_set_client = @saved_cs_client */;

--
-- Dumping data for table `articles`
--

LOCK TABLES `articles` WRITE;
/*!40000 ALTER TABLE `articles` DISABLE KEYS */;
INSERT INTO `articles` VALUES (1,'h417158mdbea72k5zwmgtuwb','2025-01-16 00:41:44.296000','2025-01-16 00:41:44.296000',NULL,NULL,NULL,NULL,'The internet\'s Own boy','Follow the story of Aaron Swartz, the boy who could change the world','the-internet-s-own-boy'),(2,'v3p6ljufpe14w1hhqutu68a1','2025-01-16 00:41:44.683000','2025-01-16 00:41:44.683000',NULL,NULL,NULL,NULL,'This shrimp is awesome','Mantis shrimps, or stomatopods, are marine crustaceans of the order Stomatopoda.','this-shrimp-is-awesome'),(3,'adba0kctq9wmv3mp2qucbepr','2025-01-16 00:41:45.698000','2025-01-16 00:41:45.698000',NULL,NULL,NULL,NULL,'A bug is becoming a meme on the internet','How a bug on MySQL is becoming a meme on the internet','a-bug-is-becoming-a-meme-on-the-internet'),(4,'xc78xuo341fw2n8luol9leuu','2025-01-16 00:41:46.543000','2025-01-16 00:41:46.543000',NULL,NULL,NULL,NULL,'Beautiful picture','Description of a beautiful picture','beautiful-picture'),(5,'hp1k6oqe9b4tvx55rddplz7r','2025-01-16 00:41:46.667000','2025-01-16 00:41:46.667000',NULL,NULL,NULL,NULL,'What\'s inside a Black Hole','Maybe the answer is in this article, or not...','what-s-inside-a-black-hole');
/*!40000 ALTER TABLE `articles` ENABLE KEYS */;
UNLOCK TABLES;

--
-- Table structure for table `articles_author_lnk`
--

DROP TABLE IF EXISTS `articles_author_lnk`;
/*!40101 SET @saved_cs_client     = @@character_set_client */;
/*!50503 SET character_set_client = utf8mb4 */;
CREATE TABLE `articles_author_lnk` (
  `id` int unsigned NOT NULL AUTO_INCREMENT,
  `article_id` int unsigned DEFAULT NULL,
  `author_id` int unsigned DEFAULT NULL,
  `article_ord` double unsigned DEFAULT NULL,
  PRIMARY KEY (`id`),
  UNIQUE KEY `articles_author_lnk_uq` (`article_id`,`author_id`),
  KEY `articles_author_lnk_fk` (`article_id`),
  KEY `articles_author_lnk_ifk` (`author_id`),
  KEY `articles_author_lnk_oifk` (`article_ord`),
  CONSTRAINT `articles_author_lnk_fk` FOREIGN KEY (`article_id`) REFERENCES `articles` (`id`) ON DELETE CASCADE,
  CONSTRAINT `articles_author_lnk_ifk` FOREIGN KEY (`author_id`) REFERENCES `authors` (`id`) ON DELETE CASCADE
) ENGINE=InnoDB AUTO_INCREMENT=6 DEFAULT CHARSET=utf8mb4 COLLATE=utf8mb4_0900_ai_ci;
/*!40101 SET character_set_client = @saved_cs_client */;

--
-- Dumping data for table `articles_author_lnk`
--

LOCK TABLES `articles_author_lnk` WRITE;
/*!40000 ALTER TABLE `articles_author_lnk` DISABLE KEYS */;
INSERT INTO `articles_author_lnk` VALUES (1,1,1,1),(2,2,1,2),(3,3,2,1),(4,4,2,2),(5,5,2,3);
/*!40000 ALTER TABLE `articles_author_lnk` ENABLE KEYS */;
UNLOCK TABLES;

--
-- Table structure for table `articles_category_lnk`
--

DROP TABLE IF EXISTS `articles_category_lnk`;
/*!40101 SET @saved_cs_client     = @@character_set_client */;
/*!50503 SET character_set_client = utf8mb4 */;
CREATE TABLE `articles_category_lnk` (
  `id` int unsigned NOT NULL AUTO_INCREMENT,
  `article_id` int unsigned DEFAULT NULL,
  `category_id` int unsigned DEFAULT NULL,
  `article_ord` double unsigned DEFAULT NULL,
  PRIMARY KEY (`id`),
  UNIQUE KEY `articles_category_lnk_uq` (`article_id`,`category_id`),
  KEY `articles_category_lnk_fk` (`article_id`),
  KEY `articles_category_lnk_ifk` (`category_id`),
  KEY `articles_category_lnk_oifk` (`article_ord`),
  CONSTRAINT `articles_category_lnk_fk` FOREIGN KEY (`article_id`) REFERENCES `articles` (`id`) ON DELETE CASCADE,
  CONSTRAINT `articles_category_lnk_ifk` FOREIGN KEY (`category_id`) REFERENCES `categories` (`id`) ON DELETE CASCADE
) ENGINE=InnoDB AUTO_INCREMENT=6 DEFAULT CHARSET=utf8mb4 COLLATE=utf8mb4_0900_ai_ci;
/*!40101 SET character_set_client = @saved_cs_client */;

--
-- Dumping data for table `articles_category_lnk`
--

LOCK TABLES `articles_category_lnk` WRITE;
/*!40000 ALTER TABLE `articles_category_lnk` DISABLE KEYS */;
INSERT INTO `articles_category_lnk` VALUES (1,1,5,1),(2,2,4,1),(3,3,2,1),(4,4,4,2),(5,5,1,1);
/*!40000 ALTER TABLE `articles_category_lnk` ENABLE KEYS */;
UNLOCK TABLES;

--
-- Table structure for table `articles_cmps`
--

DROP TABLE IF EXISTS `articles_cmps`;
/*!40101 SET @saved_cs_client     = @@character_set_client */;
/*!50503 SET character_set_client = utf8mb4 */;
CREATE TABLE `articles_cmps` (
  `id` int unsigned NOT NULL AUTO_INCREMENT,
  `entity_id` int unsigned DEFAULT NULL,
  `cmp_id` int unsigned DEFAULT NULL,
  `component_type` varchar(255) DEFAULT NULL,
  `field` varchar(255) DEFAULT NULL,
  `order` double unsigned DEFAULT NULL,
  PRIMARY KEY (`id`),
  UNIQUE KEY `articles_uq` (`entity_id`,`cmp_id`,`field`,`component_type`),
  KEY `articles_field_idx` (`field`),
  KEY `articles_component_type_idx` (`component_type`),
  KEY `articles_entity_fk` (`entity_id`),
  CONSTRAINT `articles_entity_fk` FOREIGN KEY (`entity_id`) REFERENCES `articles` (`id`) ON DELETE CASCADE
) ENGINE=InnoDB AUTO_INCREMENT=26 DEFAULT CHARSET=utf8mb4 COLLATE=utf8mb4_0900_ai_ci;
/*!40101 SET character_set_client = @saved_cs_client */;

--
-- Dumping data for table `articles_cmps`
--

LOCK TABLES `articles_cmps` WRITE;
/*!40000 ALTER TABLE `articles_cmps` DISABLE KEYS */;
INSERT INTO `articles_cmps` VALUES (1,1,1,'shared.rich-text','blocks',1),(2,1,1,'shared.quote','blocks',2),(3,1,1,'shared.media','blocks',3),(4,1,2,'shared.rich-text','blocks',4),(5,1,1,'shared.slider','blocks',5),(6,2,3,'shared.rich-text','blocks',1),(7,2,2,'shared.quote','blocks',2),(8,2,2,'shared.media','blocks',3),(9,2,4,'shared.rich-text','blocks',4),(10,2,2,'shared.slider','blocks',5),(11,3,5,'shared.rich-text','blocks',1),(12,3,3,'shared.quote','blocks',2),(13,3,3,'shared.media','blocks',3),(14,3,6,'shared.rich-text','blocks',4),(15,3,3,'shared.slider','blocks',5),(16,4,7,'shared.rich-text','blocks',1),(17,4,4,'shared.quote','blocks',2),(18,4,4,'shared.media','blocks',3),(19,4,8,'shared.rich-text','blocks',4),(20,4,4,'shared.slider','blocks',5),(21,5,9,'shared.rich-text','blocks',1),(22,5,5,'shared.quote','blocks',2),(23,5,5,'shared.media','blocks',3),(24,5,10,'shared.rich-text','blocks',4),(25,5,5,'shared.slider','blocks',5);
/*!40000 ALTER TABLE `articles_cmps` ENABLE KEYS */;
UNLOCK TABLES;

--
-- Table structure for table `authors`
--

DROP TABLE IF EXISTS `authors`;
/*!40101 SET @saved_cs_client     = @@character_set_client */;
/*!50503 SET character_set_client = utf8mb4 */;
CREATE TABLE `authors` (
  `id` int unsigned NOT NULL AUTO_INCREMENT,
  `document_id` varchar(255) DEFAULT NULL,
  `name` varchar(255) DEFAULT NULL,
  `email` varchar(255) DEFAULT NULL,
  `created_at` datetime(6) DEFAULT NULL,
  `updated_at` datetime(6) DEFAULT NULL,
  `published_at` datetime(6) DEFAULT NULL,
  `created_by_id` int unsigned DEFAULT NULL,
  `updated_by_id` int unsigned DEFAULT NULL,
  `locale` varchar(255) DEFAULT NULL,
  PRIMARY KEY (`id`),
  KEY `authors_documents_idx` (`document_id`,`locale`,`published_at`),
  KEY `authors_created_by_id_fk` (`created_by_id`),
  KEY `authors_updated_by_id_fk` (`updated_by_id`),
  CONSTRAINT `authors_created_by_id_fk` FOREIGN KEY (`created_by_id`) REFERENCES `admin_users` (`id`) ON DELETE SET NULL,
  CONSTRAINT `authors_updated_by_id_fk` FOREIGN KEY (`updated_by_id`) REFERENCES `admin_users` (`id`) ON DELETE SET NULL
) ENGINE=InnoDB AUTO_INCREMENT=3 DEFAULT CHARSET=utf8mb4 COLLATE=utf8mb4_0900_ai_ci;
/*!40101 SET character_set_client = @saved_cs_client */;

--
-- Dumping data for table `authors`
--

LOCK TABLES `authors` WRITE;
/*!40000 ALTER TABLE `authors` DISABLE KEYS */;
INSERT INTO `authors` VALUES (1,'mced9lgmf4uup9dhtjbvulb6','David Doe','daviddoe@strapi.io','2025-01-16 00:41:40.213000','2025-01-16 00:41:40.213000','2025-01-16 00:41:40.210000',NULL,NULL,NULL),(2,'x4urbi99sfbdw25ur14founu','Sarah Baker','sarahbaker@strapi.io','2025-01-16 00:41:41.003000','2025-01-16 00:41:41.003000','2025-01-16 00:41:41.001000',NULL,NULL,NULL);
/*!40000 ALTER TABLE `authors` ENABLE KEYS */;
UNLOCK TABLES;

--
-- Table structure for table `blogs`
--

DROP TABLE IF EXISTS `blogs`;
/*!40101 SET @saved_cs_client     = @@character_set_client */;
/*!50503 SET character_set_client = utf8mb4 */;
CREATE TABLE `blogs` (
  `id` int unsigned NOT NULL AUTO_INCREMENT,
  `document_id` varchar(255) DEFAULT NULL,
  `title` varchar(255) DEFAULT NULL,
  `desc` longtext,
  `date` varchar(255) DEFAULT NULL,
  `publish_date` varchar(255) DEFAULT NULL,
  `month` varchar(255) DEFAULT NULL,
  `created_at` datetime(6) DEFAULT NULL,
  `updated_at` datetime(6) DEFAULT NULL,
  `published_at` datetime(6) DEFAULT NULL,
  `created_by_id` int unsigned DEFAULT NULL,
  `updated_by_id` int unsigned DEFAULT NULL,
  `locale` varchar(255) DEFAULT NULL,
  PRIMARY KEY (`id`),
  KEY `blogs_documents_idx` (`document_id`,`locale`,`published_at`),
  KEY `blogs_created_by_id_fk` (`created_by_id`),
  KEY `blogs_updated_by_id_fk` (`updated_by_id`),
  CONSTRAINT `blogs_created_by_id_fk` FOREIGN KEY (`created_by_id`) REFERENCES `admin_users` (`id`) ON DELETE SET NULL,
  CONSTRAINT `blogs_updated_by_id_fk` FOREIGN KEY (`updated_by_id`) REFERENCES `admin_users` (`id`) ON DELETE SET NULL
) ENGINE=InnoDB AUTO_INCREMENT=11 DEFAULT CHARSET=utf8mb4 COLLATE=utf8mb4_0900_ai_ci;
/*!40101 SET character_set_client = @saved_cs_client */;

--
-- Dumping data for table `blogs`
--

LOCK TABLES `blogs` WRITE;
/*!40000 ALTER TABLE `blogs` DISABLE KEYS */;
INSERT INTO `blogs` VALUES (1,NULL,'It is a long established fact that a reader will be Standard Part','A wonderful serenity has taken possssion of my entire souing like these sweet morning spring whch enjoy with my whole heart I am alone, and feel the charm of existenceths spot whch was create For the bliss of souls like mineing am so happy my dear frend so absori bed in the exquste sens of mere. A wonderful serenity has taken posseson of my entire soung like these sweet mornngs spring whch enjoy …','20','13 JANUARY 2024','Oct','2025-01-17 01:07:04.000000','2025-01-17 01:07:04.000000',NULL,NULL,NULL,'en'),(2,NULL,'It is a long established fact that a reader will be Standard Part','A wonderful serenity has taken possssion of my entire souing like these sweet morning spring whch enjoy with my whole heart I am alone, and feel the charm of existenceths spot whch was create For the bliss of souls like mineing am so happy my dear frend so absori bed in the exquste sens of mere. A wonderful serenity has taken posseson of my entire soung like these sweet mornngs spring whch enjoy …','22','13 JANUARY 2024','Nov','2025-01-17 01:07:04.000000','2025-01-17 01:07:04.000000',NULL,NULL,NULL,'en'),(3,NULL,'It is a long established fact that a reader will be Standard Part','A wonderful serenity has taken possssion of my entire souing like these sweet morning spring whch enjoy with my whole heart I am alone, and feel the charm of existenceths spot whch was create For the bliss of souls like mineing am so happy my dear frend so absori bed in the exquste sens of mere. A wonderful serenity has taken posseson of my entire soung like these sweet mornngs spring whch enjoy …','15','13 JANUARY 2024','Dec','2025-01-17 01:07:04.000000','2025-01-17 01:07:04.000000',NULL,NULL,NULL,'en'),(4,NULL,'Facebook design is dedicated to what\'s new in design','A wonderful serenity has taken possssion of my entire souing like these sweet morning spring whch enjoy with my whole heart I am alone, and feel the charm of existenceths spot whch was create For the bliss of souls like mineing am so happy my dear frend so absori bed in the exquste sens of mere. A wonderful serenity has taken posseson of my entire soung like these sweet mornngs spring whch enjoy …','10','13 JANUARY 2024','Jan','2025-01-17 01:07:04.000000','2025-01-17 01:07:04.000000',NULL,NULL,NULL,'en'),(5,NULL,'Facebook design is dedicated to what\'s new in design','A wonderful serenity has taken possssion of my entire souing like these sweet morning spring whch enjoy with my whole heart I am alone, and feel the charm of existenceths spot whch was create For the bliss of souls like mineing am so happy my dear frend so absori bed in the exquste sens of mere. A wonderful serenity has taken posseson of my entire soung like these sweet mornngs spring whch enjoy …','5','13 JANUARY 2024','Feb','2025-01-17 01:07:04.000000','2025-01-17 01:07:04.000000',NULL,NULL,NULL,'en'),(6,NULL,'Facebook design is dedicated to what\'s new in design','A wonderful serenity has taken possssion of my entire souing like these sweet morning spring whch enjoy with my whole heart I am alone, and feel the charm of existenceths spot whch was create For the bliss of souls like mineing am so happy my dear frend so absori bed in the exquste sens of mere. A wonderful serenity has taken posseson of my entire soung like these sweet mornngs spring whch enjoy …','28','13 JANUARY 2024','Mar','2025-01-17 01:07:04.000000','2025-01-17 01:07:04.000000',NULL,NULL,NULL,'en'),(7,NULL,'Delivering What Consumers Really Value?','These cases are perfectly simple and easy to distinguish. In a free hour, when our power of On the other hand, organizations have the need for integrating in IT departments','24','13 JANUARY 2024','Feb','2025-01-17 01:07:04.000000','2025-01-17 01:07:04.000000',NULL,NULL,NULL,'en'),(8,NULL,'Here at First Baptist Cape Coral we believe!','These cases are perfectly simple and easy to distinguish. In a free hour, when our power of On the other hand, organizations have the need for integrating in IT departments','24','13 JANUARY 2024','Feb','2025-01-17 01:07:04.000000','2025-01-17 01:07:04.000000',NULL,NULL,NULL,'en'),(9,NULL,'We are praying for our community and for.','These cases are perfectly simple and easy to distinguish. In a free hour, when our power of On the other hand, organizations have the need for integrating in IT departments','24','13 JANUARY 2024','Feb','2025-01-17 01:07:04.000000','2025-01-17 01:07:04.000000',NULL,NULL,NULL,'en'),(10,NULL,'Delivering What Consumers Really Value?','These cases are perfectly simple and easy to distinguish. In a free hour, when our power of On the other hand, organizations have the need for integrating in IT departments','24','13 JANUARY 2024','Feb','2025-01-17 01:07:04.000000','2025-01-17 01:07:04.000000',NULL,NULL,NULL,'en');
/*!40000 ALTER TABLE `blogs` ENABLE KEYS */;
UNLOCK TABLES;

--
-- Table structure for table `blogs_author_lnk`
--

DROP TABLE IF EXISTS `blogs_author_lnk`;
/*!40101 SET @saved_cs_client     = @@character_set_client */;
/*!50503 SET character_set_client = utf8mb4 */;
CREATE TABLE `blogs_author_lnk` (
  `id` int unsigned NOT NULL AUTO_INCREMENT,
  `blog_id` int unsigned DEFAULT NULL,
  `author_id` int unsigned DEFAULT NULL,
  PRIMARY KEY (`id`),
  UNIQUE KEY `blogs_author_lnk_uq` (`blog_id`,`author_id`),
  KEY `blogs_author_lnk_fk` (`blog_id`),
  KEY `blogs_author_lnk_ifk` (`author_id`),
  CONSTRAINT `blogs_author_lnk_fk` FOREIGN KEY (`blog_id`) REFERENCES `blogs` (`id`) ON DELETE CASCADE,
  CONSTRAINT `blogs_author_lnk_ifk` FOREIGN KEY (`author_id`) REFERENCES `authors` (`id`) ON DELETE CASCADE
) ENGINE=InnoDB AUTO_INCREMENT=7 DEFAULT CHARSET=utf8mb4 COLLATE=utf8mb4_0900_ai_ci;
/*!40101 SET character_set_client = @saved_cs_client */;

--
-- Dumping data for table `blogs_author_lnk`
--

LOCK TABLES `blogs_author_lnk` WRITE;
/*!40000 ALTER TABLE `blogs_author_lnk` DISABLE KEYS */;
/*!40000 ALTER TABLE `blogs_author_lnk` ENABLE KEYS */;
UNLOCK TABLES;

--
-- Table structure for table `categories`
--

DROP TABLE IF EXISTS `categories`;
/*!40101 SET @saved_cs_client     = @@character_set_client */;
/*!50503 SET character_set_client = utf8mb4 */;
CREATE TABLE `categories` (
  `id` int unsigned NOT NULL AUTO_INCREMENT,
  `document_id` varchar(255) DEFAULT NULL,
  `name` varchar(255) DEFAULT NULL,
  `slug` varchar(255) DEFAULT NULL,
  `description` longtext,
  `created_at` datetime(6) DEFAULT NULL,
  `updated_at` datetime(6) DEFAULT NULL,
  `published_at` datetime(6) DEFAULT NULL,
  `created_by_id` int unsigned DEFAULT NULL,
  `updated_by_id` int unsigned DEFAULT NULL,
  `locale` varchar(255) DEFAULT NULL,
  PRIMARY KEY (`id`),
  KEY `categories_documents_idx` (`document_id`,`locale`,`published_at`),
  KEY `categories_created_by_id_fk` (`created_by_id`),
  KEY `categories_updated_by_id_fk` (`updated_by_id`),
  CONSTRAINT `categories_created_by_id_fk` FOREIGN KEY (`created_by_id`) REFERENCES `admin_users` (`id`) ON DELETE SET NULL,
  CONSTRAINT `categories_updated_by_id_fk` FOREIGN KEY (`updated_by_id`) REFERENCES `admin_users` (`id`) ON DELETE SET NULL
) ENGINE=InnoDB AUTO_INCREMENT=6 DEFAULT CHARSET=utf8mb4 COLLATE=utf8mb4_0900_ai_ci;
/*!40101 SET character_set_client = @saved_cs_client */;

--
-- Dumping data for table `categories`
--

LOCK TABLES `categories` WRITE;
/*!40000 ALTER TABLE `categories` DISABLE KEYS */;
INSERT INTO `categories` VALUES (1,'ihx9nqcddxx23hz40sc89fn9','news','news',NULL,'2025-01-16 00:41:39.477000','2025-01-16 00:41:39.477000','2025-01-16 00:41:39.464000',NULL,NULL,NULL),(2,'w5xdtvt801mgj3jsdt41qc0w','tech','tech',NULL,'2025-01-16 00:41:39.511000','2025-01-16 00:41:39.511000','2025-01-16 00:41:39.505000',NULL,NULL,NULL),(3,'ezhj35e436gmhndkt1e4axwa','food','food',NULL,'2025-01-16 00:41:39.538000','2025-01-16 00:41:39.538000','2025-01-16 00:41:39.533000',NULL,NULL,NULL),(4,'bzmvn1p2ovil6bhwq2u7w13d','nature','nature',NULL,'2025-01-16 00:41:39.547000','2025-01-16 00:41:39.547000','2025-01-16 00:41:39.544000',NULL,NULL,NULL),(5,'r5y2a4xt4smy3p483vjxtvc1','story','story',NULL,'2025-01-16 00:41:39.575000','2025-01-16 00:41:39.575000','2025-01-16 00:41:39.571000',NULL,NULL,NULL);
/*!40000 ALTER TABLE `categories` ENABLE KEYS */;
UNLOCK TABLES;

--
-- Table structure for table `components_shared_media`
--

DROP TABLE IF EXISTS `components_shared_media`;
/*!40101 SET @saved_cs_client     = @@character_set_client */;
/*!50503 SET character_set_client = utf8mb4 */;
CREATE TABLE `components_shared_media` (
  `id` int unsigned NOT NULL AUTO_INCREMENT,
  PRIMARY KEY (`id`)
) ENGINE=InnoDB AUTO_INCREMENT=7 DEFAULT CHARSET=utf8mb4 COLLATE=utf8mb4_0900_ai_ci;
/*!40101 SET character_set_client = @saved_cs_client */;

--
-- Dumping data for table `components_shared_media`
--

LOCK TABLES `components_shared_media` WRITE;
/*!40000 ALTER TABLE `components_shared_media` DISABLE KEYS */;
INSERT INTO `components_shared_media` VALUES (1),(2),(3),(4),(5),(6);
/*!40000 ALTER TABLE `components_shared_media` ENABLE KEYS */;
UNLOCK TABLES;

--
-- Table structure for table `components_shared_quotes`
--

DROP TABLE IF EXISTS `components_shared_quotes`;
/*!40101 SET @saved_cs_client     = @@character_set_client */;
/*!50503 SET character_set_client = utf8mb4 */;
CREATE TABLE `components_shared_quotes` (
  `id` int unsigned NOT NULL AUTO_INCREMENT,
  `title` varchar(255) DEFAULT NULL,
  `body` longtext,
  PRIMARY KEY (`id`)
) ENGINE=InnoDB AUTO_INCREMENT=7 DEFAULT CHARSET=utf8mb4 COLLATE=utf8mb4_0900_ai_ci;
/*!40101 SET character_set_client = @saved_cs_client */;

--
-- Dumping data for table `components_shared_quotes`
--

LOCK TABLES `components_shared_quotes` WRITE;
/*!40000 ALTER TABLE `components_shared_quotes` DISABLE KEYS */;
INSERT INTO `components_shared_quotes` VALUES (1,'Thelonius Monk','You\'ve got to dig it to dig it, you dig?'),(2,'Thelonius Monk','You\'ve got to dig it to dig it, you dig?'),(3,'Thelonius Monk','You\'ve got to dig it to dig it, you dig?'),(4,'Thelonius Monk','You\'ve got to dig it to dig it, you dig?'),(5,'Thelonius Monk','You\'ve got to dig it to dig it, you dig?'),(6,'Thelonius Monk','You\'ve got to dig it to dig it, you dig?');
/*!40000 ALTER TABLE `components_shared_quotes` ENABLE KEYS */;
UNLOCK TABLES;

--
-- Table structure for table `components_shared_rich_texts`
--

DROP TABLE IF EXISTS `components_shared_rich_texts`;
/*!40101 SET @saved_cs_client     = @@character_set_client */;
/*!50503 SET character_set_client = utf8mb4 */;
CREATE TABLE `components_shared_rich_texts` (
  `id` int unsigned NOT NULL AUTO_INCREMENT,
  `body` longtext,
  PRIMARY KEY (`id`)
) ENGINE=InnoDB AUTO_INCREMENT=12 DEFAULT CHARSET=utf8mb4 COLLATE=utf8mb4_0900_ai_ci;
/*!40101 SET character_set_client = @saved_cs_client */;

--
-- Dumping data for table `components_shared_rich_texts`
--

LOCK TABLES `components_shared_rich_texts` WRITE;
/*!40000 ALTER TABLE `components_shared_rich_texts` DISABLE KEYS */;
INSERT INTO `components_shared_rich_texts` VALUES (1,'## Probant \n\nse Lorem markdownum negat. Argo *saxa* videnda cornuaque hunc qui tanta spes teneas! Obliquis est dicenti est salutat ille tamen iuvenum nostrae dolore. - Colores nocituraque comitata eripiunt - Addit quodcunque solum cui et dextram illis - Nulli meus nec extemplo ille ferebat pressit Se blandita fulvae vox gravem Pittheus cesserunt sanguine herbis tu comitum tenuit. Sui in ruunt; Doridaque maculosae fuissem! Et loqui. \n\n## Abit sua\n\nse Lorem markdownum negat. Argo *saxa* videnda cornuaque hunc qui tanta spes teneas! Obliquis est dicenti est salutat ille tamen iuvenum nostrae dolore. - Colores nocituraque comitata eripiunt - Addit quodcunque solum cui et dextram illis - Nulli meus nec extemplo ille ferebat pressit Se blandita fulvae vox gravem Pittheus cesserunt sanguine herbis tu comitum tenuit. Sui in ruunt; Doridaque maculosae fuissem! Et loqui. '),(2,'## Spatiantia astra \n\nFoeda, medio silva *errandum*: onus formam munere. Mutata bibulis est auxiliare arces etiamnunc verbis virgineo Priamidas illa Thescelus, nam fit locis lucis auras. Exitus hospes gratulor ut pondere [speslimite](http://www.curas.io/figuram); quid habent, Avernales faciente de. Pervenit Ino sonabile supplex cognoscenti vires, Bacchumque errat miserarum venandi dignabere dedisti. Discrimina iuncosaque virgaque tot sine superest [fissus](http://quos.org/sitet.aspx). Non color esset potest non sumit, sed vix arserat. Nisi immo silva tantum pectusque quos pennis quisquam artus!'),(3,'## Probant \n\nse Lorem markdownum negat. Argo *saxa* videnda cornuaque hunc qui tanta spes teneas! Obliquis est dicenti est salutat ille tamen iuvenum nostrae dolore. - Colores nocituraque comitata eripiunt - Addit quodcunque solum cui et dextram illis - Nulli meus nec extemplo ille ferebat pressit Se blandita fulvae vox gravem Pittheus cesserunt sanguine herbis tu comitum tenuit. Sui in ruunt; Doridaque maculosae fuissem! Et loqui. \n\n## Abit sua\n\nse Lorem markdownum negat. Argo *saxa* videnda cornuaque hunc qui tanta spes teneas! Obliquis est dicenti est salutat ille tamen iuvenum nostrae dolore. - Colores nocituraque comitata eripiunt - Addit quodcunque solum cui et dextram illis - Nulli meus nec extemplo ille ferebat pressit Se blandita fulvae vox gravem Pittheus cesserunt sanguine herbis tu comitum tenuit. Sui in ruunt; Doridaque maculosae fuissem! Et loqui. '),(4,'## Spatiantia astra \n\nFoeda, medio silva *errandum*: onus formam munere. Mutata bibulis est auxiliare arces etiamnunc verbis virgineo Priamidas illa Thescelus, nam fit locis lucis auras. Exitus hospes gratulor ut pondere [speslimite](http://www.curas.io/figuram); quid habent, Avernales faciente de. Pervenit Ino sonabile supplex cognoscenti vires, Bacchumque errat miserarum venandi dignabere dedisti. Discrimina iuncosaque virgaque tot sine superest [fissus](http://quos.org/sitet.aspx). Non color esset potest non sumit, sed vix arserat. Nisi immo silva tantum pectusque quos pennis quisquam artus!'),(5,'## Probant \n\nse Lorem markdownum negat. Argo *saxa* videnda cornuaque hunc qui tanta spes teneas! Obliquis est dicenti est salutat ille tamen iuvenum nostrae dolore. - Colores nocituraque comitata eripiunt - Addit quodcunque solum cui et dextram illis - Nulli meus nec extemplo ille ferebat pressit Se blandita fulvae vox gravem Pittheus cesserunt sanguine herbis tu comitum tenuit. Sui in ruunt; Doridaque maculosae fuissem! Et loqui. \n\n## Abit sua\n\nse Lorem markdownum negat. Argo *saxa* videnda cornuaque hunc qui tanta spes teneas! Obliquis est dicenti est salutat ille tamen iuvenum nostrae dolore. - Colores nocituraque comitata eripiunt - Addit quodcunque solum cui et dextram illis - Nulli meus nec extemplo ille ferebat pressit Se blandita fulvae vox gravem Pittheus cesserunt sanguine herbis tu comitum tenuit. Sui in ruunt; Doridaque maculosae fuissem! Et loqui. '),(6,'## Spatiantia astra \n\nFoeda, medio silva *errandum*: onus formam munere. Mutata bibulis est auxiliare arces etiamnunc verbis virgineo Priamidas illa Thescelus, nam fit locis lucis auras. Exitus hospes gratulor ut pondere [speslimite](http://www.curas.io/figuram); quid habent, Avernales faciente de. Pervenit Ino sonabile supplex cognoscenti vires, Bacchumque errat miserarum venandi dignabere dedisti. Discrimina iuncosaque virgaque tot sine superest [fissus](http://quos.org/sitet.aspx). Non color esset potest non sumit, sed vix arserat. Nisi immo silva tantum pectusque quos pennis quisquam artus!'),(7,'## Probant \n\nse Lorem markdownum negat. Argo *saxa* videnda cornuaque hunc qui tanta spes teneas! Obliquis est dicenti est salutat ille tamen iuvenum nostrae dolore. - Colores nocituraque comitata eripiunt - Addit quodcunque solum cui et dextram illis - Nulli meus nec extemplo ille ferebat pressit Se blandita fulvae vox gravem Pittheus cesserunt sanguine herbis tu comitum tenuit. Sui in ruunt; Doridaque maculosae fuissem! Et loqui. \n\n## Abit sua\n\nse Lorem markdownum negat. Argo *saxa* videnda cornuaque hunc qui tanta spes teneas! Obliquis est dicenti est salutat ille tamen iuvenum nostrae dolore. - Colores nocituraque comitata eripiunt - Addit quodcunque solum cui et dextram illis - Nulli meus nec extemplo ille ferebat pressit Se blandita fulvae vox gravem Pittheus cesserunt sanguine herbis tu comitum tenuit. Sui in ruunt; Doridaque maculosae fuissem! Et loqui. '),(8,'## Spatiantia astra \n\nFoeda, medio silva *errandum*: onus formam munere. Mutata bibulis est auxiliare arces etiamnunc verbis virgineo Priamidas illa Thescelus, nam fit locis lucis auras. Exitus hospes gratulor ut pondere [speslimite](http://www.curas.io/figuram); quid habent, Avernales faciente de. Pervenit Ino sonabile supplex cognoscenti vires, Bacchumque errat miserarum venandi dignabere dedisti. Discrimina iuncosaque virgaque tot sine superest [fissus](http://quos.org/sitet.aspx). Non color esset potest non sumit, sed vix arserat. Nisi immo silva tantum pectusque quos pennis quisquam artus!'),(9,'## Probant \n\nse Lorem markdownum negat. Argo *saxa* videnda cornuaque hunc qui tanta spes teneas! Obliquis est dicenti est salutat ille tamen iuvenum nostrae dolore. - Colores nocituraque comitata eripiunt - Addit quodcunque solum cui et dextram illis - Nulli meus nec extemplo ille ferebat pressit Se blandita fulvae vox gravem Pittheus cesserunt sanguine herbis tu comitum tenuit. Sui in ruunt; Doridaque maculosae fuissem! Et loqui. \n\n## Abit sua\n\nse Lorem markdownum negat. Argo *saxa* videnda cornuaque hunc qui tanta spes teneas! Obliquis est dicenti est salutat ille tamen iuvenum nostrae dolore. - Colores nocituraque comitata eripiunt - Addit quodcunque solum cui et dextram illis - Nulli meus nec extemplo ille ferebat pressit Se blandita fulvae vox gravem Pittheus cesserunt sanguine herbis tu comitum tenuit. Sui in ruunt; Doridaque maculosae fuissem! Et loqui. '),(10,'## Spatiantia astra \n\nFoeda, medio silva *errandum*: onus formam munere. Mutata bibulis est auxiliare arces etiamnunc verbis virgineo Priamidas illa Thescelus, nam fit locis lucis auras. Exitus hospes gratulor ut pondere [speslimite](http://www.curas.io/figuram); quid habent, Avernales faciente de. Pervenit Ino sonabile supplex cognoscenti vires, Bacchumque errat miserarum venandi dignabere dedisti. Discrimina iuncosaque virgaque tot sine superest [fissus](http://quos.org/sitet.aspx). Non color esset potest non sumit, sed vix arserat. Nisi immo silva tantum pectusque quos pennis quisquam artus!'),(11,'## Dedit imago conspicuus cum capillis totidem inhibere\n\nLorem markdownum **rerum**, est limine: columbas: ab infelix hostem arbore nudis\ncrudelis. Videtur reliquit ambo ferrum dote sub amne fatis **illuc**, in magis,\nnec.');
/*!40000 ALTER TABLE `components_shared_rich_texts` ENABLE KEYS */;
UNLOCK TABLES;

--
-- Table structure for table `components_shared_seos`
--

DROP TABLE IF EXISTS `components_shared_seos`;
/*!40101 SET @saved_cs_client     = @@character_set_client */;
/*!50503 SET character_set_client = utf8mb4 */;
CREATE TABLE `components_shared_seos` (
  `id` int unsigned NOT NULL AUTO_INCREMENT,
  `meta_title` varchar(255) DEFAULT NULL,
  `meta_description` longtext,
  PRIMARY KEY (`id`)
) ENGINE=InnoDB AUTO_INCREMENT=2 DEFAULT CHARSET=utf8mb4 COLLATE=utf8mb4_0900_ai_ci;
/*!40101 SET character_set_client = @saved_cs_client */;

--
-- Dumping data for table `components_shared_seos`
--

LOCK TABLES `components_shared_seos` WRITE;
/*!40000 ALTER TABLE `components_shared_seos` DISABLE KEYS */;
INSERT INTO `components_shared_seos` VALUES (1,'Page','A blog made with Strapi');
/*!40000 ALTER TABLE `components_shared_seos` ENABLE KEYS */;
UNLOCK TABLES;

--
-- Table structure for table `components_shared_sliders`
--

DROP TABLE IF EXISTS `components_shared_sliders`;
/*!40101 SET @saved_cs_client     = @@character_set_client */;
/*!50503 SET character_set_client = utf8mb4 */;
CREATE TABLE `components_shared_sliders` (
  `id` int unsigned NOT NULL AUTO_INCREMENT,
  PRIMARY KEY (`id`)
) ENGINE=InnoDB AUTO_INCREMENT=6 DEFAULT CHARSET=utf8mb4 COLLATE=utf8mb4_0900_ai_ci;
/*!40101 SET character_set_client = @saved_cs_client */;

--
-- Dumping data for table `components_shared_sliders`
--

LOCK TABLES `components_shared_sliders` WRITE;
/*!40000 ALTER TABLE `components_shared_sliders` DISABLE KEYS */;
INSERT INTO `components_shared_sliders` VALUES (1),(2),(3),(4),(5);
/*!40000 ALTER TABLE `components_shared_sliders` ENABLE KEYS */;
UNLOCK TABLES;

--
-- Table structure for table `courses`
--

DROP TABLE IF EXISTS `courses`;
/*!40101 SET @saved_cs_client     = @@character_set_client */;
/*!50503 SET character_set_client = utf8mb4 */;
CREATE TABLE `courses` (
  `id` int unsigned NOT NULL AUTO_INCREMENT,
  `document_id` varchar(255) DEFAULT NULL,
  `title` varchar(255) DEFAULT NULL,
  `lesson` varchar(255) DEFAULT NULL,
  `duration` varchar(255) DEFAULT NULL,
  `featured` tinyint(1) DEFAULT NULL,
  `price` int DEFAULT NULL,
  `is_free` tinyint(1) DEFAULT NULL,
  `tag` varchar(255) DEFAULT NULL,
  `skill_level` varchar(255) DEFAULT NULL,
  `categories` varchar(255) DEFAULT NULL,
  `date` date DEFAULT NULL,
  `ins_name` varchar(255) DEFAULT NULL,
  `created_at` datetime(6) DEFAULT NULL,
  `updated_at` datetime(6) DEFAULT NULL,
  `published_at` datetime(6) DEFAULT NULL,
  `created_by_id` int unsigned DEFAULT NULL,
  `updated_by_id` int unsigned DEFAULT NULL,
  `locale` varchar(255) DEFAULT NULL,
  PRIMARY KEY (`id`),
  KEY `courses_documents_idx` (`document_id`,`locale`,`published_at`),
  KEY `courses_created_by_id_fk` (`created_by_id`),
  KEY `courses_updated_by_id_fk` (`updated_by_id`),
  CONSTRAINT `courses_created_by_id_fk` FOREIGN KEY (`created_by_id`) REFERENCES `admin_users` (`id`) ON DELETE SET NULL,
  CONSTRAINT `courses_updated_by_id_fk` FOREIGN KEY (`updated_by_id`) REFERENCES `admin_users` (`id`) ON DELETE SET NULL
) ENGINE=InnoDB AUTO_INCREMENT=116 DEFAULT CHARSET=utf8mb4 COLLATE=utf8mb4_0900_ai_ci;
/*!40101 SET character_set_client = @saved_cs_client */;

--
-- Dumping data for table `courses`
--

LOCK TABLES `courses` WRITE;
/*!40000 ALTER TABLE `courses` DISABLE KEYS */;
INSERT INTO `courses` VALUES (1,'doc1','Composite Rural Engineering Course','23 Lesson','6 Months',1,32,0,'Data & Tech','Fullstack','Art & Design','2025-01-16','Micle Jhon','2025-01-16 21:07:31.000000','2025-01-16 23:50:59.511000',NULL,NULL,1,'en'),(3,'doc3','Bamboo Articles Making Course','25 Lesson','1 Month',1,40,0,'Art & Craft','Intermediate','Lifestyle','2025-01-16','Jane Austen','2025-01-16 21:07:31.000000','2025-01-17 00:05:35.587000',NULL,NULL,1,'en'),(4,'doc4','Bee Keeping Certificate Course','36 Lesson','1 Month',1,40,0,'Nature','Beginner','Web Design','2025-01-16','Micle Robin','2025-01-16 21:07:31.000000','2025-01-17 00:06:46.536000',NULL,NULL,1,'en'),(5,'doc5','Fiber Fancy Articles Making Course','36 Lesson','1 Month',1,40,0,'Craft','Fullstack','Business','2025-01-16','Ch. Dickens','2025-01-16 21:07:31.000000','2025-01-17 00:07:04.695000',NULL,NULL,1,'en'),(6,'doc6','Dyeing and Printing Course','30 Lesson','2 Months',1,40,0,'Design','Wordpress','Art & Design','2025-01-16','Ge. Orwell','2025-01-16 21:07:31.000000','2025-01-17 00:07:20.224000',NULL,NULL,1,'en'),(7,'doc7','Basic Worli Painting Course','23 Lesson','1 Week',1,32,1,'Painting','English Learn','Art & Design','2025-01-16','Vi. Woolf','2025-01-16 21:07:31.000000','2025-01-17 00:07:41.099000',NULL,NULL,1,'en'),(8,'doc8','Honey Bee Box Making','29 Lesson','2 weeks',1,32,1,'Ux Design','English Learn','Lifestyle','2025-01-16','J Tolkien','2025-01-16 21:07:31.000000','2025-01-17 00:07:55.205000',NULL,NULL,1,'en'),(9,'doc9','Basic Computer Course','25 Lesson','1 Month',1,2000,0,'Technology','Intermediate','Lifestyle','2025-01-16','Ag. Christie','2025-01-16 21:07:31.000000','2025-01-17 00:08:16.054000',NULL,NULL,1,'en'),(10,'doc10','Desktop and Laptop Repair and Servicing','23 Lesson','1 Month',1,2000,0,'Technical','Wordpress','Business','2025-01-16','Emily Bronte','2025-01-16 21:07:31.000000','2025-01-17 00:08:31.688000',NULL,NULL,1,'en'),(11,'doc11','Herbal Product Making Course','29 Lesson','1 week',1,1000,1,'Health','English Learn','Art & Design','2025-01-16','Ch. Bronte','2025-01-16 21:07:31.000000','2025-01-17 00:09:09.148000',NULL,NULL,1,'en'),(12,'doc12','Tally With GST','25 Lesson','2 weeks',1,1500,0,'Finance','Fullstack','Art & Design','2025-01-16','Al. Huxley','2025-01-16 21:07:31.000000','2025-01-17 00:09:28.711000',NULL,NULL,1,'en'),(13,'doc13','Fruit and Vegetable Dehydration Course','36 Lesson','1 week',1,1000,0,'Food','Intermediate','Business','2025-01-16','Th. Hardy','2025-01-16 21:07:31.000000','2025-01-17 00:09:41.699000',NULL,NULL,1,'en'),(14,'doc14','Air Conditioning Repair & Servicing Course','36 Lesson','02 week',1,1500,0,'Repair','Wordpress','Art & Design','2025-01-16','D.H. Lawrence','2025-01-16 21:07:31.000000','2025-01-17 00:09:57.126000',NULL,NULL,1,'en'),(15,'doc15','Digital Marketing','30 Lesson','1 week',1,1000,0,'Marketing','Wordpress','Business','2025-01-16','Mary Shelley','2025-01-16 21:07:31.000000','2025-01-17 00:10:23.851000',NULL,NULL,1,'en'),(16,'doc16','Bakery Products','20 Lesson','1 week',1,1000,1,'Cooking','Beginner','Food','2025-01-16','John Doe','2025-01-16 21:07:31.000000','2025-01-17 00:10:36.499000',NULL,NULL,1,'en'),(17,'doc17','Basic Beautician','30 Lesson','2 weeks',1,1500,0,'Beauty','Intermediate','Personal Care','2025-01-16','Jane Smith','2025-01-16 21:07:31.000000','2025-01-17 00:10:48.811000',NULL,NULL,1,'en'),(18,'doc18','Paper Bag Making Course','15 Lesson','1 week',1,1000,1,'Eco-Friendly','Beginner','Craft','2025-01-16','Emily White','2025-01-16 21:07:31.000000','2025-01-17 00:11:09.849000',NULL,NULL,1,'en'),(19,'doc19','Masala Making Course','18 Lesson','1 week',1,1000,0,'Cooking','Intermediate','Food','2025-01-16','Ravi Gupta','2025-01-16 21:07:31.000000','2025-01-17 00:11:32.952000',NULL,NULL,1,'en'),(20,'doc20','Agarbatti Making Course','12 Lesson','1 week',1,1000,0,'Craft','Beginner','Lifestyle','2025-01-16','Sunil Das','2025-01-16 21:07:31.000000','2025-01-17 00:11:46.776000',NULL,NULL,1,'en'),(21,'doc21','Candle Making Course','20 Lesson','1 week',1,1000,1,'Craft','Intermediate','Lifestyle','2025-01-16','Priya Kapoor','2025-01-16 21:07:31.000000','2025-01-17 00:12:07.699000',NULL,NULL,1,'en'),(22,'doc22','Panchgavya Products Making','15 Lesson','1 week',1,1000,0,'Eco-Friendly','Beginner','Craft','2025-01-16','Rajesh Patil','2025-01-16 21:07:31.000000','2025-01-17 00:12:20.603000',NULL,NULL,1,'en'),(23,'doc23','Paper Craft Making','18 Lesson','1 week',1,1000,1,'Craft','Intermediate','Art & Design','2025-01-16','Manisha Mehta','2025-01-16 21:07:31.000000','2025-01-17 00:12:32.691000',NULL,NULL,1,'en'),(24,'doc24','Mineral Water Making','25 Lesson','1 week',1,1000,0,'Production','Advanced','Business','2025-01-16','Shyam Gupta','2025-01-16 21:07:31.000000','2025-01-17 00:13:18.078000',NULL,NULL,1,'en'),(25,'doc25','Block Printing Course','20 Lesson','1 week',1,1000,1,'Printing','Beginner','Art & Design','2025-01-16','Anita Sharma','2025-01-16 21:07:31.000000','2025-01-17 00:13:02.424000',NULL,NULL,1,'en'),(26,'doc26','Electrician/Wireman Course','25 Lesson','2 week',1,1500,0,'Technical','Intermediate','Technology','2025-01-16','Rohit Das','2025-01-16 21:07:31.000000','2025-01-17 00:13:30.496000',NULL,NULL,1,'en'),(27,'doc27','Plumbing Course','18 Lesson','2 weeks',1,1500,1,'Technical','Beginner','Technology','2025-01-16','Suresh Yadav','2025-01-16 21:07:31.000000','2025-01-17 00:13:48.533000',NULL,NULL,1,'en'),(28,'doc28','Basic Tailoring','15 Lesson','2 weeks',1,1500,1,'Fashion','Beginner','Lifestyle','2025-01-16','Alka Jain','2025-01-16 21:07:31.000000','2025-01-17 00:14:14.985000',NULL,NULL,1,'en'),(29,'doc29','Textile Design & Printing','25 Lesson','1 week',1,1000,0,'Design','Intermediate','Art & Design','2025-01-16','Pooja Singh','2025-01-16 21:07:31.000000','2025-01-17 00:14:26.909000',NULL,NULL,1,'en'),(30,'doc30','Mobile Repairing Course','18 Lesson','1 week',1,1000,0,'Technical','Beginner','Technology','2025-01-16','Amit Kumar','2025-01-16 21:07:31.000000','2025-01-17 00:14:36.053000',NULL,NULL,1,'en'),(31,'doc31','Gold Appraisal Course','12 Lesson','1 week',1,1000,1,'Jewelry','Intermediate','Business','2025-01-16','Rina Patel','2025-01-16 21:07:31.000000','2025-01-17 00:14:47.251000',NULL,NULL,1,'en'),(32,'doc32','Yoga and Meditation Course','15 Lesson','1 week',1,1000,1,'Wellness','Intermediate','Health & Fitness','2025-01-16','Amit Kumar','2025-01-16 21:07:31.000000','2025-01-17 00:15:06.284000',NULL,NULL,1,'en'),(33,'doc33','Mehendi Design Course','20 Lesson','1 week',1,1000,1,'Art','Intermediate','Personal Care','2025-01-16','Mona Lisa','2025-01-16 21:07:31.000000','2025-01-17 00:15:17.197000',NULL,NULL,1,'en'),(34,'doc34','Neera to Jaggery Making Training','25 Lesson','1 week',1,1000,1,'Agriculture','Advanced','Food Production','2025-01-16','Raj Verma','2025-01-16 21:07:31.000000','2025-01-17 00:15:26.742000',NULL,NULL,1,'en'),(35,'doc35','PMEGP-EDP Training','15 Lesson','10 days',1,3400,0,'Entrepreneurship','Advanced','Business','2025-01-16','Satish Sharma','2025-01-16 21:07:31.000000','2025-01-17 00:15:39.037000',NULL,NULL,1,'en'),(36,'doc36','PMEGP - KVIC Training','18 Lesson','1 week',1,3400,1,'Entrepreneurship','Advanced','Business','2025-01-16','Geeta Devi','2025-01-16 21:07:31.000000','2025-01-16 21:07:31.000000',NULL,NULL,NULL,'en'),(37,'doc37','Pond Aquaculture Course','30 Lesson','2 weeks',1,3200,0,'Farming','Beginner','Agriculture','2025-01-16','Suraj Singh','2025-01-16 21:07:31.000000','2025-01-17 00:15:47.252000',NULL,NULL,1,'en'),(69,'doc36','PMEGP - KVIC Training','18 Lesson','1 week',1,3400,1,'Entrepreneurship','Advanced','Business','2025-01-16','Geeta Devi','2025-01-16 21:07:31.000000','2025-01-16 21:07:31.000000','2025-01-16 21:08:41.918000',NULL,NULL,'en'),(75,'doc1','Composite Rural Engineering Course','23 Lesson','6 Months',1,32,0,'Data & Tech','Fullstack','Art & Design','2025-01-16','Micle Jhon','2025-01-16 21:07:31.000000','2025-01-16 23:50:59.511000','2025-01-16 23:50:59.563000',NULL,1,'en'),(77,'doc3','Bamboo Articles Making Course','25 Lesson','1 Month',1,40,0,'Art & Craft','Intermediate','Lifestyle','2025-01-16','Jane Austen','2025-01-16 21:07:31.000000','2025-01-17 00:05:35.587000','2025-01-17 00:05:35.616000',NULL,1,'en'),(78,'doc4','Bee Keeping Certificate Course','36 Lesson','1 Month',1,40,0,'Nature','Beginner','Web Design','2025-01-16','Micle Robin','2025-01-16 21:07:31.000000','2025-01-17 00:06:46.536000','2025-01-17 00:06:46.560000',NULL,1,'en'),(79,'doc5','Fiber Fancy Articles Making Course','36 Lesson','1 Month',1,40,0,'Craft','Fullstack','Business','2025-01-16','Ch. Dickens','2025-01-16 21:07:31.000000','2025-01-17 00:07:04.695000','2025-01-17 00:07:04.720000',NULL,1,'en'),(80,'doc6','Dyeing and Printing Course','30 Lesson','2 Months',1,40,0,'Design','Wordpress','Art & Design','2025-01-16','Ge. Orwell','2025-01-16 21:07:31.000000','2025-01-17 00:07:20.224000','2025-01-17 00:07:20.254000',NULL,1,'en'),(81,'doc7','Basic Worli Painting Course','23 Lesson','1 Week',1,32,1,'Painting','English Learn','Art & Design','2025-01-16','Vi. Woolf','2025-01-16 21:07:31.000000','2025-01-17 00:07:41.099000','2025-01-17 00:07:41.127000',NULL,1,'en'),(82,'doc8','Honey Bee Box Making','29 Lesson','2 weeks',1,32,1,'Ux Design','English Learn','Lifestyle','2025-01-16','J Tolkien','2025-01-16 21:07:31.000000','2025-01-17 00:07:55.205000','2025-01-17 00:07:55.239000',NULL,1,'en'),(83,'doc9','Basic Computer Course','25 Lesson','1 Month',1,2000,0,'Technology','Intermediate','Lifestyle','2025-01-16','Ag. Christie','2025-01-16 21:07:31.000000','2025-01-17 00:08:16.054000','2025-01-17 00:08:16.086000',NULL,1,'en'),(84,'doc10','Desktop and Laptop Repair and Servicing','23 Lesson','1 Month',1,2000,0,'Technical','Wordpress','Business','2025-01-16','Emily Bronte','2025-01-16 21:07:31.000000','2025-01-17 00:08:31.688000','2025-01-17 00:08:31.727000',NULL,1,'en'),(85,'doc11','Herbal Product Making Course','29 Lesson','1 week',1,1000,1,'Health','English Learn','Art & Design','2025-01-16','Ch. Bronte','2025-01-16 21:07:31.000000','2025-01-17 00:09:09.148000','2025-01-17 00:09:09.177000',NULL,1,'en'),(86,'doc12','Tally With GST','25 Lesson','2 weeks',1,1500,0,'Finance','Fullstack','Art & Design','2025-01-16','Al. Huxley','2025-01-16 21:07:31.000000','2025-01-17 00:09:28.711000','2025-01-17 00:09:28.732000',NULL,1,'en'),(87,'doc13','Fruit and Vegetable Dehydration Course','36 Lesson','1 week',1,1000,0,'Food','Intermediate','Business','2025-01-16','Th. Hardy','2025-01-16 21:07:31.000000','2025-01-17 00:09:41.699000','2025-01-17 00:09:41.721000',NULL,1,'en'),(88,'doc14','Air Conditioning Repair & Servicing Course','36 Lesson','02 week',1,1500,0,'Repair','Wordpress','Art & Design','2025-01-16','D.H. Lawrence','2025-01-16 21:07:31.000000','2025-01-17 00:09:57.126000','2025-01-17 00:09:57.171000',NULL,1,'en'),(89,'doc15','Digital Marketing','30 Lesson','1 week',1,1000,0,'Marketing','Wordpress','Business','2025-01-16','Mary Shelley','2025-01-16 21:07:31.000000','2025-01-17 00:10:23.851000','2025-01-17 00:10:23.895000',NULL,1,'en'),(90,'doc16','Bakery Products','20 Lesson','1 week',1,1000,1,'Cooking','Beginner','Food','2025-01-16','John Doe','2025-01-16 21:07:31.000000','2025-01-17 00:10:36.499000','2025-01-17 00:10:36.549000',NULL,1,'en'),(91,'doc17','Basic Beautician','30 Lesson','2 weeks',1,1500,0,'Beauty','Intermediate','Personal Care','2025-01-16','Jane Smith','2025-01-16 21:07:31.000000','2025-01-17 00:10:48.811000','2025-01-17 00:10:48.851000',NULL,1,'en'),(92,'doc18','Paper Bag Making Course','15 Lesson','1 week',1,1000,1,'Eco-Friendly','Beginner','Craft','2025-01-16','Emily White','2025-01-16 21:07:31.000000','2025-01-17 00:11:09.849000','2025-01-17 00:11:09.886000',NULL,1,'en'),(93,'doc19','Masala Making Course','18 Lesson','1 week',1,1000,0,'Cooking','Intermediate','Food','2025-01-16','Ravi Gupta','2025-01-16 21:07:31.000000','2025-01-17 00:11:32.952000','2025-01-17 00:11:33.000000',NULL,1,'en'),(94,'doc20','Agarbatti Making Course','12 Lesson','1 week',1,1000,0,'Craft','Beginner','Lifestyle','2025-01-16','Sunil Das','2025-01-16 21:07:31.000000','2025-01-17 00:11:46.776000','2025-01-17 00:11:46.803000',NULL,1,'en'),(95,'doc21','Candle Making Course','20 Lesson','1 week',1,1000,1,'Craft','Intermediate','Lifestyle','2025-01-16','Priya Kapoor','2025-01-16 21:07:31.000000','2025-01-17 00:12:07.699000','2025-01-17 00:12:07.722000',NULL,1,'en'),(96,'doc22','Panchgavya Products Making','15 Lesson','1 week',1,1000,0,'Eco-Friendly','Beginner','Craft','2025-01-16','Rajesh Patil','2025-01-16 21:07:31.000000','2025-01-17 00:12:20.603000','2025-01-17 00:12:20.630000',NULL,1,'en'),(97,'doc23','Paper Craft Making','18 Lesson','1 week',1,1000,1,'Craft','Intermediate','Art & Design','2025-01-16','Manisha Mehta','2025-01-16 21:07:31.000000','2025-01-17 00:12:32.691000','2025-01-17 00:12:32.712000',NULL,1,'en'),(98,'doc25','Block Printing Course','20 Lesson','1 week',1,1000,1,'Printing','Beginner','Art & Design','2025-01-16','Anita Sharma','2025-01-16 21:07:31.000000','2025-01-17 00:13:02.424000','2025-01-17 00:13:02.444000',NULL,1,'en'),(99,'doc24','Mineral Water Making','25 Lesson','1 week',1,1000,0,'Production','Advanced','Business','2025-01-16','Shyam Gupta','2025-01-16 21:07:31.000000','2025-01-17 00:13:18.078000','2025-01-17 00:13:18.101000',NULL,1,'en'),(100,'doc26','Electrician/Wireman Course','25 Lesson','2 week',1,1500,0,'Technical','Intermediate','Technology','2025-01-16','Rohit Das','2025-01-16 21:07:31.000000','2025-01-17 00:13:30.496000','2025-01-17 00:13:30.524000',NULL,1,'en'),(101,'doc27','Plumbing Course','18 Lesson','2 weeks',1,1500,1,'Technical','Beginner','Technology','2025-01-16','Suresh Yadav','2025-01-16 21:07:31.000000','2025-01-17 00:13:48.533000','2025-01-17 00:13:48.555000',NULL,1,'en'),(102,'doc28','Basic Tailoring','15 Lesson','2 weeks',1,1500,1,'Fashion','Beginner','Lifestyle','2025-01-16','Alka Jain','2025-01-16 21:07:31.000000','2025-01-17 00:14:14.985000','2025-01-17 00:14:15.011000',NULL,1,'en'),(103,'doc29','Textile Design & Printing','25 Lesson','1 week',1,1000,0,'Design','Intermediate','Art & Design','2025-01-16','Pooja Singh','2025-01-16 21:07:31.000000','2025-01-17 00:14:26.909000','2025-01-17 00:14:26.928000',NULL,1,'en'),(104,'doc30','Mobile Repairing Course','18 Lesson','1 week',1,1000,0,'Technical','Beginner','Technology','2025-01-16','Amit Kumar','2025-01-16 21:07:31.000000','2025-01-17 00:14:36.053000','2025-01-17 00:14:36.083000',NULL,1,'en'),(105,'doc31','Gold Appraisal Course','12 Lesson','1 week',1,1000,1,'Jewelry','Intermediate','Business','2025-01-16','Rina Patel','2025-01-16 21:07:31.000000','2025-01-17 00:14:47.251000','2025-01-17 00:14:47.271000',NULL,1,'en'),(106,'doc32','Yoga and Meditation Course','15 Lesson','1 week',1,1000,1,'Wellness','Intermediate','Health & Fitness','2025-01-16','Amit Kumar','2025-01-16 21:07:31.000000','2025-01-17 00:15:06.284000','2025-01-17 00:15:06.306000',NULL,1,'en'),(107,'doc33','Mehendi Design Course','20 Lesson','1 week',1,1000,1,'Art','Intermediate','Personal Care','2025-01-16','Mona Lisa','2025-01-16 21:07:31.000000','2025-01-17 00:15:17.197000','2025-01-17 00:15:17.221000',NULL,1,'en'),(108,'doc34','Neera to Jaggery Making Training','25 Lesson','1 week',1,1000,1,'Agriculture','Advanced','Food Production','2025-01-16','Raj Verma','2025-01-16 21:07:31.000000','2025-01-17 00:15:26.742000','2025-01-17 00:15:26.814000',NULL,1,'en'),(109,'doc35','PMEGP-EDP Training','15 Lesson','10 days',1,3400,0,'Entrepreneurship','Advanced','Business','2025-01-16','Satish Sharma','2025-01-16 21:07:31.000000','2025-01-17 00:15:39.037000','2025-01-17 00:15:39.062000',NULL,1,'en'),(110,'doc37','Pond Aquaculture Course','30 Lesson','2 weeks',1,3200,0,'Farming','Beginner','Agriculture','2025-01-16','Suraj Singh','2025-01-16 21:07:31.000000','2025-01-17 00:15:47.252000','2025-01-17 00:15:47.278000',NULL,1,'en');
/*!40000 ALTER TABLE `courses` ENABLE KEYS */;
UNLOCK TABLES;

--
-- Table structure for table `files`
--

DROP TABLE IF EXISTS `files`;
/*!40101 SET @saved_cs_client     = @@character_set_client */;
/*!50503 SET character_set_client = utf8mb4 */;
CREATE TABLE `files` (
  `id` int unsigned NOT NULL AUTO_INCREMENT,
  `document_id` varchar(255) DEFAULT NULL,
  `name` varchar(255) DEFAULT NULL,
  `alternative_text` varchar(255) DEFAULT NULL,
  `caption` varchar(255) DEFAULT NULL,
  `width` int DEFAULT NULL,
  `height` int DEFAULT NULL,
  `formats` json DEFAULT NULL,
  `hash` varchar(255) DEFAULT NULL,
  `ext` varchar(255) DEFAULT NULL,
  `mime` varchar(255) DEFAULT NULL,
  `size` decimal(10,2) DEFAULT NULL,
  `url` varchar(255) DEFAULT NULL,
  `preview_url` varchar(255) DEFAULT NULL,
  `provider` varchar(255) DEFAULT NULL,
  `provider_metadata` json DEFAULT NULL,
  `folder_path` varchar(255) DEFAULT NULL,
  `created_at` datetime(6) DEFAULT NULL,
  `updated_at` datetime(6) DEFAULT NULL,
  `published_at` datetime(6) DEFAULT NULL,
  `created_by_id` int unsigned DEFAULT NULL,
  `updated_by_id` int unsigned DEFAULT NULL,
  `locale` varchar(255) DEFAULT NULL,
  PRIMARY KEY (`id`),
  KEY `upload_files_folder_path_index` (`folder_path`),
  KEY `upload_files_created_at_index` (`created_at`),
  KEY `upload_files_updated_at_index` (`updated_at`),
  KEY `upload_files_name_index` (`name`),
  KEY `upload_files_size_index` (`size`),
  KEY `upload_files_ext_index` (`ext`),
  KEY `files_documents_idx` (`document_id`,`locale`,`published_at`),
  KEY `files_created_by_id_fk` (`created_by_id`),
  KEY `files_updated_by_id_fk` (`updated_by_id`),
  CONSTRAINT `files_created_by_id_fk` FOREIGN KEY (`created_by_id`) REFERENCES `admin_users` (`id`) ON DELETE SET NULL,
  CONSTRAINT `files_updated_by_id_fk` FOREIGN KEY (`updated_by_id`) REFERENCES `admin_users` (`id`) ON DELETE SET NULL
) ENGINE=InnoDB AUTO_INCREMENT=46 DEFAULT CHARSET=utf8mb4 COLLATE=utf8mb4_0900_ai_ci;
/*!40101 SET character_set_client = @saved_cs_client */;

--
-- Dumping data for table `files`
--

LOCK TABLES `files` WRITE;
/*!40000 ALTER TABLE `files` DISABLE KEYS */;
INSERT INTO `files` VALUES (1,'uflvw3hr5cwxu3xtpiutu5j2','Screenshot from 2024-12-20 14-33-58.png',NULL,NULL,1341,882,'{\"large\": {\"ext\": \".png\", \"url\": \"/uploads/large_Screenshot_from_2024_12_20_14_33_58_0c81785528.png\", \"hash\": \"large_Screenshot_from_2024_12_20_14_33_58_0c81785528\", \"mime\": \"image/png\", \"name\": \"large_Screenshot from 2024-12-20 14-33-58.png\", \"path\": null, \"size\": 206.2, \"width\": 1000, \"height\": 658, \"sizeInBytes\": 206203}, \"small\": {\"ext\": \".png\", \"url\": \"/uploads/small_Screenshot_from_2024_12_20_14_33_58_0c81785528.png\", \"hash\": \"small_Screenshot_from_2024_12_20_14_33_58_0c81785528\", \"mime\": \"image/png\", \"name\": \"small_Screenshot from 2024-12-20 14-33-58.png\", \"path\": null, \"size\": 68.14, \"width\": 500, \"height\": 329, \"sizeInBytes\": 68139}, \"medium\": {\"ext\": \".png\", \"url\": \"/uploads/medium_Screenshot_from_2024_12_20_14_33_58_0c81785528.png\", \"hash\": \"medium_Screenshot_from_2024_12_20_14_33_58_0c81785528\", \"mime\": \"image/png\", \"name\": \"medium_Screenshot from 2024-12-20 14-33-58.png\", \"path\": null, \"size\": 139, \"width\": 750, \"height\": 493, \"sizeInBytes\": 139004}, \"thumbnail\": {\"ext\": \".png\", \"url\": \"/uploads/thumbnail_Screenshot_from_2024_12_20_14_33_58_0c81785528.png\", \"hash\": \"thumbnail_Screenshot_from_2024_12_20_14_33_58_0c81785528\", \"mime\": \"image/png\", \"name\": \"thumbnail_Screenshot from 2024-12-20 14-33-58.png\", \"path\": null, \"size\": 23.08, \"width\": 237, \"height\": 156, \"sizeInBytes\": 23081}}','Screenshot_from_2024_12_20_14_33_58_0c81785528','.png','image/png',44.19,'/uploads/Screenshot_from_2024_12_20_14_33_58_0c81785528.png',NULL,'local',NULL,'/','2025-01-15 21:52:12.621000','2025-01-15 21:52:12.621000','2025-01-15 21:52:12.622000',1,1,NULL),(2,'zcyijkoi5kgrqwuo3zuyn8xd','daviddoe@strapi','An image uploaded to Strapi called daviddoe@strapi','daviddoe@strapi',2418,2711,'{\"large\": {\"ext\": \".jpeg\", \"url\": \"/uploads/large_daviddoe_strapi_35368b6e36.jpeg\", \"hash\": \"large_daviddoe_strapi_35368b6e36\", \"mime\": \"image/jpeg\", \"name\": \"large_daviddoe@strapi\", \"path\": null, \"size\": 74.56, \"width\": 892, \"height\": 1000, \"sizeInBytes\": 74560}, \"small\": {\"ext\": \".jpeg\", \"url\": \"/uploads/small_daviddoe_strapi_35368b6e36.jpeg\", \"hash\": \"small_daviddoe_strapi_35368b6e36\", \"mime\": \"image/jpeg\", \"name\": \"small_daviddoe@strapi\", \"path\": null, \"size\": 22.51, \"width\": 446, \"height\": 500, \"sizeInBytes\": 22509}, \"medium\": {\"ext\": \".jpeg\", \"url\": \"/uploads/medium_daviddoe_strapi_35368b6e36.jpeg\", \"hash\": \"medium_daviddoe_strapi_35368b6e36\", \"mime\": \"image/jpeg\", \"name\": \"medium_daviddoe@strapi\", \"path\": null, \"size\": 44.37, \"width\": 669, \"height\": 750, \"sizeInBytes\": 44372}, \"thumbnail\": {\"ext\": \".jpeg\", \"url\": \"/uploads/thumbnail_daviddoe_strapi_35368b6e36.jpeg\", \"hash\": \"thumbnail_daviddoe_strapi_35368b6e36\", \"mime\": \"image/jpeg\", \"name\": \"thumbnail_daviddoe@strapi\", \"path\": null, \"size\": 4.18, \"width\": 139, \"height\": 156, \"sizeInBytes\": 4175}}','daviddoe_strapi_35368b6e36','.jpeg','image/jpeg',587.69,'/uploads/daviddoe_strapi_35368b6e36.jpeg',NULL,'local',NULL,'/','2025-01-16 00:41:40.171000','2025-01-16 00:41:40.171000','2025-01-16 00:41:40.172000',NULL,NULL,NULL),(3,'hs0eljdxwwmrfziihycjpb2d','sarahbaker@strapi','An image uploaded to Strapi called sarahbaker@strapi','sarahbaker@strapi',3321,2746,'{\"large\": {\"ext\": \".jpeg\", \"url\": \"/uploads/large_sarahbaker_strapi_e25a0b6ce6.jpeg\", \"hash\": \"large_sarahbaker_strapi_e25a0b6ce6\", \"mime\": \"image/jpeg\", \"name\": \"large_sarahbaker@strapi\", \"path\": null, \"size\": 101.98, \"width\": 1000, \"height\": 827, \"sizeInBytes\": 101978}, \"small\": {\"ext\": \".jpeg\", \"url\": \"/uploads/small_sarahbaker_strapi_e25a0b6ce6.jpeg\", \"hash\": \"small_sarahbaker_strapi_e25a0b6ce6\", \"mime\": \"image/jpeg\", \"name\": \"small_sarahbaker@strapi\", \"path\": null, \"size\": 30.58, \"width\": 500, \"height\": 413, \"sizeInBytes\": 30578}, \"medium\": {\"ext\": \".jpeg\", \"url\": \"/uploads/medium_sarahbaker_strapi_e25a0b6ce6.jpeg\", \"hash\": \"medium_sarahbaker_strapi_e25a0b6ce6\", \"mime\": \"image/jpeg\", \"name\": \"medium_sarahbaker@strapi\", \"path\": null, \"size\": 61.37, \"width\": 750, \"height\": 620, \"sizeInBytes\": 61368}, \"thumbnail\": {\"ext\": \".jpeg\", \"url\": \"/uploads/thumbnail_sarahbaker_strapi_e25a0b6ce6.jpeg\", \"hash\": \"thumbnail_sarahbaker_strapi_e25a0b6ce6\", \"mime\": \"image/jpeg\", \"name\": \"thumbnail_sarahbaker@strapi\", \"path\": null, \"size\": 6.68, \"width\": 189, \"height\": 156, \"sizeInBytes\": 6681}}','sarahbaker_strapi_e25a0b6ce6','.jpeg','image/jpeg',795.13,'/uploads/sarahbaker_strapi_e25a0b6ce6.jpeg',NULL,'local',NULL,'/','2025-01-16 00:41:40.981000','2025-01-16 00:41:40.981000','2025-01-16 00:41:40.981000',NULL,NULL,NULL),(4,'am1pulxmrolq5r10xd8k2jn0','the-internet-s-own-boy','An image uploaded to Strapi called the-internet-s-own-boy','the-internet-s-own-boy',1200,707,'{\"large\": {\"ext\": \".jpeg\", \"url\": \"/uploads/large_the_internet_s_own_boy_36f9a23300.jpeg\", \"hash\": \"large_the_internet_s_own_boy_36f9a23300\", \"mime\": \"image/jpeg\", \"name\": \"large_the-internet-s-own-boy\", \"path\": null, \"size\": 70.11, \"width\": 1000, \"height\": 589, \"sizeInBytes\": 70105}, \"small\": {\"ext\": \".jpeg\", \"url\": \"/uploads/small_the_internet_s_own_boy_36f9a23300.jpeg\", \"hash\": \"small_the_internet_s_own_boy_36f9a23300\", \"mime\": \"image/jpeg\", \"name\": \"small_the-internet-s-own-boy\", \"path\": null, \"size\": 25.31, \"width\": 500, \"height\": 295, \"sizeInBytes\": 25308}, \"medium\": {\"ext\": \".jpeg\", \"url\": \"/uploads/medium_the_internet_s_own_boy_36f9a23300.jpeg\", \"hash\": \"medium_the_internet_s_own_boy_36f9a23300\", \"mime\": \"image/jpeg\", \"name\": \"medium_the-internet-s-own-boy\", \"path\": null, \"size\": 45.93, \"width\": 750, \"height\": 442, \"sizeInBytes\": 45925}, \"thumbnail\": {\"ext\": \".jpeg\", \"url\": \"/uploads/thumbnail_the_internet_s_own_boy_36f9a23300.jpeg\", \"hash\": \"thumbnail_the_internet_s_own_boy_36f9a23300\", \"mime\": \"image/jpeg\", \"name\": \"thumbnail_the-internet-s-own-boy\", \"path\": null, \"size\": 8.38, \"width\": 245, \"height\": 144, \"sizeInBytes\": 8380}}','the_internet_s_own_boy_36f9a23300','.jpeg','image/jpeg',91.55,'/uploads/the_internet_s_own_boy_36f9a23300.jpeg',NULL,'local',NULL,'/','2025-01-16 00:41:41.126000','2025-01-16 00:41:41.126000','2025-01-16 00:41:41.126000',NULL,NULL,NULL),(5,'zizxdsxrsltmcw0ielfz8ll1','coffee-art','An image uploaded to Strapi called coffee-art','coffee-art',5824,3259,'{\"large\": {\"ext\": \".jpeg\", \"url\": \"/uploads/large_coffee_art_f32b6caecc.jpeg\", \"hash\": \"large_coffee_art_f32b6caecc\", \"mime\": \"image/jpeg\", \"name\": \"large_coffee-art\", \"path\": null, \"size\": 40.78, \"width\": 1000, \"height\": 559, \"sizeInBytes\": 40778}, \"small\": {\"ext\": \".jpeg\", \"url\": \"/uploads/small_coffee_art_f32b6caecc.jpeg\", \"hash\": \"small_coffee_art_f32b6caecc\", \"mime\": \"image/jpeg\", \"name\": \"small_coffee-art\", \"path\": null, \"size\": 15.27, \"width\": 500, \"height\": 280, \"sizeInBytes\": 15273}, \"medium\": {\"ext\": \".jpeg\", \"url\": \"/uploads/medium_coffee_art_f32b6caecc.jpeg\", \"hash\": \"medium_coffee_art_f32b6caecc\", \"mime\": \"image/jpeg\", \"name\": \"medium_coffee-art\", \"path\": null, \"size\": 27.06, \"width\": 750, \"height\": 419, \"sizeInBytes\": 27063}, \"thumbnail\": {\"ext\": \".jpeg\", \"url\": \"/uploads/thumbnail_coffee_art_f32b6caecc.jpeg\", \"hash\": \"thumbnail_coffee_art_f32b6caecc\", \"mime\": \"image/jpeg\", \"name\": \"thumbnail_coffee-art\", \"path\": null, \"size\": 5.86, \"width\": 245, \"height\": 137, \"sizeInBytes\": 5860}}','coffee_art_f32b6caecc','.jpeg','image/jpeg',978.11,'/uploads/coffee_art_f32b6caecc.jpeg',NULL,'local',NULL,'/','2025-01-16 00:41:42.646000','2025-01-16 00:41:42.646000','2025-01-16 00:41:42.646000',NULL,NULL,NULL),(6,'dr314m6awue899ljoe3u8ozv','coffee-beans','An image uploaded to Strapi called coffee-beans','coffee-beans',5021,3347,'{\"large\": {\"ext\": \".jpeg\", \"url\": \"/uploads/large_coffee_beans_f32c5435ea.jpeg\", \"hash\": \"large_coffee_beans_f32c5435ea\", \"mime\": \"image/jpeg\", \"name\": \"large_coffee-beans\", \"path\": null, \"size\": 115.66, \"width\": 1000, \"height\": 666, \"sizeInBytes\": 115659}, \"small\": {\"ext\": \".jpeg\", \"url\": \"/uploads/small_coffee_beans_f32c5435ea.jpeg\", \"hash\": \"small_coffee_beans_f32c5435ea\", \"mime\": \"image/jpeg\", \"name\": \"small_coffee-beans\", \"path\": null, \"size\": 31.11, \"width\": 500, \"height\": 333, \"sizeInBytes\": 31106}, \"medium\": {\"ext\": \".jpeg\", \"url\": \"/uploads/medium_coffee_beans_f32c5435ea.jpeg\", \"hash\": \"medium_coffee_beans_f32c5435ea\", \"mime\": \"image/jpeg\", \"name\": \"medium_coffee-beans\", \"path\": null, \"size\": 67.95, \"width\": 750, \"height\": 500, \"sizeInBytes\": 67954}, \"thumbnail\": {\"ext\": \".jpeg\", \"url\": \"/uploads/thumbnail_coffee_beans_f32c5435ea.jpeg\", \"hash\": \"thumbnail_coffee_beans_f32c5435ea\", \"mime\": \"image/jpeg\", \"name\": \"thumbnail_coffee-beans\", \"path\": null, \"size\": 7.96, \"width\": 234, \"height\": 156, \"sizeInBytes\": 7962}}','coffee_beans_f32c5435ea','.jpeg','image/jpeg',2346.20,'/uploads/coffee_beans_f32c5435ea.jpeg',NULL,'local',NULL,'/','2025-01-16 00:41:44.255000','2025-01-16 00:41:44.255000','2025-01-16 00:41:44.255000',NULL,NULL,NULL),(7,'l7613wqewmfr1wz2855f8z6d','this-shrimp-is-awesome','An image uploaded to Strapi called this-shrimp-is-awesome','this-shrimp-is-awesome',1200,630,'{\"large\": {\"ext\": \".jpeg\", \"url\": \"/uploads/large_this_shrimp_is_awesome_70dc7baec9.jpeg\", \"hash\": \"large_this_shrimp_is_awesome_70dc7baec9\", \"mime\": \"image/jpeg\", \"name\": \"large_this-shrimp-is-awesome\", \"path\": null, \"size\": 72.87, \"width\": 1000, \"height\": 525, \"sizeInBytes\": 72867}, \"small\": {\"ext\": \".jpeg\", \"url\": \"/uploads/small_this_shrimp_is_awesome_70dc7baec9.jpeg\", \"hash\": \"small_this_shrimp_is_awesome_70dc7baec9\", \"mime\": \"image/jpeg\", \"name\": \"small_this-shrimp-is-awesome\", \"path\": null, \"size\": 26.93, \"width\": 500, \"height\": 263, \"sizeInBytes\": 26930}, \"medium\": {\"ext\": \".jpeg\", \"url\": \"/uploads/medium_this_shrimp_is_awesome_70dc7baec9.jpeg\", \"hash\": \"medium_this_shrimp_is_awesome_70dc7baec9\", \"mime\": \"image/jpeg\", \"name\": \"medium_this-shrimp-is-awesome\", \"path\": null, \"size\": 48.38, \"width\": 750, \"height\": 394, \"sizeInBytes\": 48380}, \"thumbnail\": {\"ext\": \".jpeg\", \"url\": \"/uploads/thumbnail_this_shrimp_is_awesome_70dc7baec9.jpeg\", \"hash\": \"thumbnail_this_shrimp_is_awesome_70dc7baec9\", \"mime\": \"image/jpeg\", \"name\": \"thumbnail_this-shrimp-is-awesome\", \"path\": null, \"size\": 9.63, \"width\": 245, \"height\": 129, \"sizeInBytes\": 9633}}','this_shrimp_is_awesome_70dc7baec9','.jpeg','image/jpeg',95.48,'/uploads/this_shrimp_is_awesome_70dc7baec9.jpeg',NULL,'local',NULL,'/','2025-01-16 00:41:44.573000','2025-01-16 00:41:44.573000','2025-01-16 00:41:44.573000',NULL,NULL,NULL),(8,'ch2xpy8epp7ju73rxupbs2wn','a-bug-is-becoming-a-meme-on-the-internet','An image uploaded to Strapi called a-bug-is-becoming-a-meme-on-the-internet','a-bug-is-becoming-a-meme-on-the-internet',3628,2419,'{\"large\": {\"ext\": \".jpeg\", \"url\": \"/uploads/large_a_bug_is_becoming_a_meme_on_the_internet_4c8350b01c.jpeg\", \"hash\": \"large_a_bug_is_becoming_a_meme_on_the_internet_4c8350b01c\", \"mime\": \"image/jpeg\", \"name\": \"large_a-bug-is-becoming-a-meme-on-the-internet\", \"path\": null, \"size\": 51.05, \"width\": 1000, \"height\": 666, \"sizeInBytes\": 51046}, \"small\": {\"ext\": \".jpeg\", \"url\": \"/uploads/small_a_bug_is_becoming_a_meme_on_the_internet_4c8350b01c.jpeg\", \"hash\": \"small_a_bug_is_becoming_a_meme_on_the_internet_4c8350b01c\", \"mime\": \"image/jpeg\", \"name\": \"small_a-bug-is-becoming-a-meme-on-the-internet\", \"path\": null, \"size\": 19.27, \"width\": 500, \"height\": 333, \"sizeInBytes\": 19268}, \"medium\": {\"ext\": \".jpeg\", \"url\": \"/uploads/medium_a_bug_is_becoming_a_meme_on_the_internet_4c8350b01c.jpeg\", \"hash\": \"medium_a_bug_is_becoming_a_meme_on_the_internet_4c8350b01c\", \"mime\": \"image/jpeg\", \"name\": \"medium_a-bug-is-becoming-a-meme-on-the-internet\", \"path\": null, \"size\": 33.58, \"width\": 750, \"height\": 500, \"sizeInBytes\": 33577}, \"thumbnail\": {\"ext\": \".jpeg\", \"url\": \"/uploads/thumbnail_a_bug_is_becoming_a_meme_on_the_internet_4c8350b01c.jpeg\", \"hash\": \"thumbnail_a_bug_is_becoming_a_meme_on_the_internet_4c8350b01c\", \"mime\": \"image/jpeg\", \"name\": \"thumbnail_a-bug-is-becoming-a-meme-on-the-internet\", \"path\": null, \"size\": 6.74, \"width\": 234, \"height\": 156, \"sizeInBytes\": 6743}}','a_bug_is_becoming_a_meme_on_the_internet_4c8350b01c','.jpeg','image/jpeg',234.02,'/uploads/a_bug_is_becoming_a_meme_on_the_internet_4c8350b01c.jpeg',NULL,'local',NULL,'/','2025-01-16 00:41:45.596000','2025-01-16 00:41:45.596000','2025-01-16 00:41:45.596000',NULL,NULL,NULL),(9,'yu55nxe25f7zpppwi9u9mvz1','beautiful-picture','An image uploaded to Strapi called beautiful-picture','beautiful-picture',3824,2548,'{\"large\": {\"ext\": \".jpeg\", \"url\": \"/uploads/large_beautiful_picture_36f6de1cf4.jpeg\", \"hash\": \"large_beautiful_picture_36f6de1cf4\", \"mime\": \"image/jpeg\", \"name\": \"large_beautiful-picture\", \"path\": null, \"size\": 83.42, \"width\": 1000, \"height\": 666, \"sizeInBytes\": 83416}, \"small\": {\"ext\": \".jpeg\", \"url\": \"/uploads/small_beautiful_picture_36f6de1cf4.jpeg\", \"hash\": \"small_beautiful_picture_36f6de1cf4\", \"mime\": \"image/jpeg\", \"name\": \"small_beautiful-picture\", \"path\": null, \"size\": 23.38, \"width\": 500, \"height\": 333, \"sizeInBytes\": 23380}, \"medium\": {\"ext\": \".jpeg\", \"url\": \"/uploads/medium_beautiful_picture_36f6de1cf4.jpeg\", \"hash\": \"medium_beautiful_picture_36f6de1cf4\", \"mime\": \"image/jpeg\", \"name\": \"medium_beautiful-picture\", \"path\": null, \"size\": 47.89, \"width\": 750, \"height\": 500, \"sizeInBytes\": 47888}, \"thumbnail\": {\"ext\": \".jpeg\", \"url\": \"/uploads/thumbnail_beautiful_picture_36f6de1cf4.jpeg\", \"hash\": \"thumbnail_beautiful_picture_36f6de1cf4\", \"mime\": \"image/jpeg\", \"name\": \"thumbnail_beautiful-picture\", \"path\": null, \"size\": 6.43, \"width\": 234, \"height\": 156, \"sizeInBytes\": 6427}}','beautiful_picture_36f6de1cf4','.jpeg','image/jpeg',710.28,'/uploads/beautiful_picture_36f6de1cf4.jpeg',NULL,'local',NULL,'/','2025-01-16 00:41:46.499000','2025-01-16 00:41:46.499000','2025-01-16 00:41:46.499000',NULL,NULL,NULL),(10,'g4mw4gdre5l5dbk0pd9c54wt','what-s-inside-a-black-hole','An image uploaded to Strapi called what-s-inside-a-black-hole','what-s-inside-a-black-hole',800,466,'{\"small\": {\"ext\": \".jpeg\", \"url\": \"/uploads/small_what_s_inside_a_black_hole_5dc283c81c.jpeg\", \"hash\": \"small_what_s_inside_a_black_hole_5dc283c81c\", \"mime\": \"image/jpeg\", \"name\": \"small_what-s-inside-a-black-hole\", \"path\": null, \"size\": 3.89, \"width\": 500, \"height\": 291, \"sizeInBytes\": 3889}, \"medium\": {\"ext\": \".jpeg\", \"url\": \"/uploads/medium_what_s_inside_a_black_hole_5dc283c81c.jpeg\", \"hash\": \"medium_what_s_inside_a_black_hole_5dc283c81c\", \"mime\": \"image/jpeg\", \"name\": \"medium_what-s-inside-a-black-hole\", \"path\": null, \"size\": 6.94, \"width\": 750, \"height\": 437, \"sizeInBytes\": 6935}, \"thumbnail\": {\"ext\": \".jpeg\", \"url\": \"/uploads/thumbnail_what_s_inside_a_black_hole_5dc283c81c.jpeg\", \"hash\": \"thumbnail_what_s_inside_a_black_hole_5dc283c81c\", \"mime\": \"image/jpeg\", \"name\": \"thumbnail_what-s-inside-a-black-hole\", \"path\": null, \"size\": 1.55, \"width\": 245, \"height\": 143, \"sizeInBytes\": 1549}}','what_s_inside_a_black_hole_5dc283c81c','.jpeg','image/jpeg',7.50,'/uploads/what_s_inside_a_black_hole_5dc283c81c.jpeg',NULL,'local',NULL,'/','2025-01-16 00:41:46.635000','2025-01-16 00:41:46.635000','2025-01-16 00:41:46.635000',NULL,NULL,NULL),(11,'miy86it0edtr1h4fdvtn4k30','favicon','An image uploaded to Strapi called favicon','favicon',512,512,'{\"small\": {\"ext\": \".png\", \"url\": \"/uploads/small_favicon_0826f4acd6.png\", \"hash\": \"small_favicon_0826f4acd6\", \"mime\": \"image/png\", \"name\": \"small_favicon\", \"path\": null, \"size\": 20.56, \"width\": 500, \"height\": 500, \"sizeInBytes\": 20560}, \"thumbnail\": {\"ext\": \".png\", \"url\": \"/uploads/thumbnail_favicon_0826f4acd6.png\", \"hash\": \"thumbnail_favicon_0826f4acd6\", \"mime\": \"image/png\", \"name\": \"thumbnail_favicon\", \"path\": null, \"size\": 4.69, \"width\": 156, \"height\": 156, \"sizeInBytes\": 4690}}','favicon_0826f4acd6','.png','image/png',2.78,'/uploads/favicon_0826f4acd6.png',NULL,'local',NULL,'/','2025-01-16 00:41:46.800000','2025-01-16 00:41:46.800000','2025-01-16 00:41:46.801000',NULL,NULL,NULL),(12,'vz7oxay5qhltfyu8ltt0j371','default-image','An image uploaded to Strapi called default-image','default-image',1208,715,'{\"large\": {\"ext\": \".png\", \"url\": \"/uploads/large_default_image_e8188686fa.png\", \"hash\": \"large_default_image_e8188686fa\", \"mime\": \"image/png\", \"name\": \"large_default-image\", \"path\": null, \"size\": 322.9, \"width\": 1000, \"height\": 592, \"sizeInBytes\": 322895}, \"small\": {\"ext\": \".png\", \"url\": \"/uploads/small_default_image_e8188686fa.png\", \"hash\": \"small_default_image_e8188686fa\", \"mime\": \"image/png\", \"name\": \"small_default-image\", \"path\": null, \"size\": 74.29, \"width\": 500, \"height\": 296, \"sizeInBytes\": 74292}, \"medium\": {\"ext\": \".png\", \"url\": \"/uploads/medium_default_image_e8188686fa.png\", \"hash\": \"medium_default_image_e8188686fa\", \"mime\": \"image/png\", \"name\": \"medium_default-image\", \"path\": null, \"size\": 170.33, \"width\": 750, \"height\": 444, \"sizeInBytes\": 170325}, \"thumbnail\": {\"ext\": \".png\", \"url\": \"/uploads/thumbnail_default_image_e8188686fa.png\", \"hash\": \"thumbnail_default_image_e8188686fa\", \"mime\": \"image/png\", \"name\": \"thumbnail_default-image\", \"path\": null, \"size\": 20.52, \"width\": 245, \"height\": 145, \"sizeInBytes\": 20518}}','default_image_e8188686fa','.png','image/png',81.61,'/uploads/default_image_e8188686fa.png',NULL,'local',NULL,'/','2025-01-16 00:41:47.144000','2025-01-16 00:41:47.144000','2025-01-16 00:41:47.144000',NULL,NULL,NULL),(13,'qr6l0baz1ldzon2dv9fpcx3f','1.png',NULL,NULL,342,215,'{\"thumbnail\": {\"ext\": \".png\", \"url\": \"/uploads/thumbnail_1_5dd6621294.png\", \"hash\": \"thumbnail_1_5dd6621294\", \"mime\": \"image/png\", \"name\": \"thumbnail_1.png\", \"path\": null, \"size\": 87.15, \"width\": 245, \"height\": 154, \"sizeInBytes\": 87154}}','1_5dd6621294','.png','image/png',40.10,'/uploads/1_5dd6621294.png',NULL,'local',NULL,'/','2025-01-16 23:50:55.586000','2025-01-16 23:50:55.586000','2025-01-16 23:50:55.587000',1,1,NULL),(14,'xef7ajx9kjkfvnysqxigbomo','3.png',NULL,NULL,342,215,'{\"thumbnail\": {\"ext\": \".png\", \"url\": \"/uploads/thumbnail_3_d72874f9e6.png\", \"hash\": \"thumbnail_3_d72874f9e6\", \"mime\": \"image/png\", \"name\": \"thumbnail_3.png\", \"path\": null, \"size\": 101.52, \"width\": 245, \"height\": 154, \"sizeInBytes\": 101520}}','3_d72874f9e6','.png','image/png',58.56,'/uploads/3_d72874f9e6.png',NULL,'local',NULL,'/','2025-01-17 00:03:08.121000','2025-01-17 00:03:08.121000','2025-01-17 00:03:08.122000',1,1,NULL),(15,'yg485i4leal8r2dzk745yxft','2.png',NULL,NULL,342,215,'{\"thumbnail\": {\"ext\": \".png\", \"url\": \"/uploads/thumbnail_2_2526b805da.png\", \"hash\": \"thumbnail_2_2526b805da\", \"mime\": \"image/png\", \"name\": \"thumbnail_2.png\", \"path\": null, \"size\": 96.29, \"width\": 245, \"height\": 154, \"sizeInBytes\": 96285}}','2_2526b805da','.png','image/png',45.86,'/uploads/2_2526b805da.png',NULL,'local',NULL,'/','2025-01-17 00:03:08.129000','2025-01-17 00:03:08.129000','2025-01-17 00:03:08.129000',1,1,NULL),(16,'t7oy3q278df4vjl4oxonw0co','7.png',NULL,NULL,342,215,'{\"thumbnail\": {\"ext\": \".png\", \"url\": \"/uploads/thumbnail_7_3005fe2154.png\", \"hash\": \"thumbnail_7_3005fe2154\", \"mime\": \"image/png\", \"name\": \"thumbnail_7.png\", \"path\": null, \"size\": 95.87, \"width\": 245, \"height\": 154, \"sizeInBytes\": 95874}}','7_3005fe2154','.png','image/png',50.91,'/uploads/7_3005fe2154.png',NULL,'local',NULL,'/','2025-01-17 00:03:08.137000','2025-01-17 00:03:08.137000','2025-01-17 00:03:08.137000',1,1,NULL),(17,'ivt1bzaac6h25f8upeo15pnd','4.png',NULL,NULL,342,215,'{\"thumbnail\": {\"ext\": \".png\", \"url\": \"/uploads/thumbnail_4_a18b7a0f2a.png\", \"hash\": \"thumbnail_4_a18b7a0f2a\", \"mime\": \"image/png\", \"name\": \"thumbnail_4.png\", \"path\": null, \"size\": 96.76, \"width\": 245, \"height\": 154, \"sizeInBytes\": 96759}}','4_a18b7a0f2a','.png','image/png',42.89,'/uploads/4_a18b7a0f2a.png',NULL,'local',NULL,'/','2025-01-17 00:03:08.148000','2025-01-17 00:03:08.148000','2025-01-17 00:03:08.149000',1,1,NULL),(18,'ct06cqv4nd66zupidwgwfdvj','6.png',NULL,NULL,342,215,'{\"thumbnail\": {\"ext\": \".png\", \"url\": \"/uploads/thumbnail_6_2d27639330.png\", \"hash\": \"thumbnail_6_2d27639330\", \"mime\": \"image/png\", \"name\": \"thumbnail_6.png\", \"path\": null, \"size\": 88.74, \"width\": 245, \"height\": 154, \"sizeInBytes\": 88742}}','6_2d27639330','.png','image/png',41.50,'/uploads/6_2d27639330.png',NULL,'local',NULL,'/','2025-01-17 00:03:08.552000','2025-01-17 00:03:08.552000','2025-01-17 00:03:08.556000',1,1,NULL),(19,'vfzplgnid77hclfr5qc11uzo','5.png',NULL,NULL,342,215,'{\"thumbnail\": {\"ext\": \".png\", \"url\": \"/uploads/thumbnail_5_20e7bf2a50.png\", \"hash\": \"thumbnail_5_20e7bf2a50\", \"mime\": \"image/png\", \"name\": \"thumbnail_5.png\", \"path\": null, \"size\": 104.78, \"width\": 245, \"height\": 154, \"sizeInBytes\": 104783}}','5_20e7bf2a50','.png','image/png',64.48,'/uploads/5_20e7bf2a50.png',NULL,'local',NULL,'/','2025-01-17 00:03:09.078000','2025-01-17 00:03:09.078000','2025-01-17 00:03:09.078000',1,1,NULL),(20,'y1norfoafpg1v80mrmqjquz0','8.png',NULL,NULL,342,215,'{\"thumbnail\": {\"ext\": \".png\", \"url\": \"/uploads/thumbnail_8_77bad97f43.png\", \"hash\": \"thumbnail_8_77bad97f43\", \"mime\": \"image/png\", \"name\": \"thumbnail_8.png\", \"path\": null, \"size\": 91.72, \"width\": 245, \"height\": 154, \"sizeInBytes\": 91719}}','8_77bad97f43','.png','image/png',41.28,'/uploads/8_77bad97f43.png',NULL,'local',NULL,'/','2025-01-17 00:03:09.191000','2025-01-17 00:03:09.191000','2025-01-17 00:03:09.192000',1,1,NULL),(21,'pck1vk60z5668ufh8k7btb67','9.png',NULL,NULL,342,215,'{\"thumbnail\": {\"ext\": \".png\", \"url\": \"/uploads/thumbnail_9_bab7dfcfe7.png\", \"hash\": \"thumbnail_9_bab7dfcfe7\", \"mime\": \"image/png\", \"name\": \"thumbnail_9.png\", \"path\": null, \"size\": 87.6, \"width\": 245, \"height\": 154, \"sizeInBytes\": 87602}}','9_bab7dfcfe7','.png','image/png',38.68,'/uploads/9_bab7dfcfe7.png',NULL,'local',NULL,'/','2025-01-17 00:03:09.292000','2025-01-17 00:03:09.292000','2025-01-17 00:03:09.293000',1,1,NULL),(22,'h8xz5jazdtagln44n3wrdgzw','10.png',NULL,NULL,342,215,'{\"thumbnail\": {\"ext\": \".png\", \"url\": \"/uploads/thumbnail_10_9fa125bc98.png\", \"hash\": \"thumbnail_10_9fa125bc98\", \"mime\": \"image/png\", \"name\": \"thumbnail_10.png\", \"path\": null, \"size\": 92.83, \"width\": 245, \"height\": 154, \"sizeInBytes\": 92831}}','10_9fa125bc98','.png','image/png',46.15,'/uploads/10_9fa125bc98.png',NULL,'local',NULL,'/','2025-01-17 00:03:09.323000','2025-01-17 00:03:09.323000','2025-01-17 00:03:09.323000',1,1,NULL),(23,'kmt9tnzn0b1jyi16vjvw8vnv','11.png',NULL,NULL,342,215,'{\"thumbnail\": {\"ext\": \".png\", \"url\": \"/uploads/thumbnail_11_73df7f6321.png\", \"hash\": \"thumbnail_11_73df7f6321\", \"mime\": \"image/png\", \"name\": \"thumbnail_11.png\", \"path\": null, \"size\": 101.59, \"width\": 245, \"height\": 154, \"sizeInBytes\": 101586}}','11_73df7f6321','.png','image/png',48.36,'/uploads/11_73df7f6321.png',NULL,'local',NULL,'/','2025-01-17 00:03:10.021000','2025-01-17 00:03:10.021000','2025-01-17 00:03:10.021000',1,1,NULL),(24,'psugl8yhv0ucmghu6vcqhed0','15.png',NULL,NULL,342,215,'{\"thumbnail\": {\"ext\": \".png\", \"url\": \"/uploads/thumbnail_15_1a07d5867f.png\", \"hash\": \"thumbnail_15_1a07d5867f\", \"mime\": \"image/png\", \"name\": \"thumbnail_15.png\", \"path\": null, \"size\": 49.89, \"width\": 245, \"height\": 154, \"sizeInBytes\": 49893}}','15_1a07d5867f','.png','image/png',21.17,'/uploads/15_1a07d5867f.png',NULL,'local',NULL,'/','2025-01-17 00:03:10.122000','2025-01-17 00:03:10.122000','2025-01-17 00:03:10.122000',1,1,NULL),(25,'nnf8m5x2d4homd4u1cyd6khg','12.png',NULL,NULL,342,215,'{\"thumbnail\": {\"ext\": \".png\", \"url\": \"/uploads/thumbnail_12_6b4538262d.png\", \"hash\": \"thumbnail_12_6b4538262d\", \"mime\": \"image/png\", \"name\": \"thumbnail_12.png\", \"path\": null, \"size\": 84.12, \"width\": 245, \"height\": 154, \"sizeInBytes\": 84120}}','12_6b4538262d','.png','image/png',43.46,'/uploads/12_6b4538262d.png',NULL,'local',NULL,'/','2025-01-17 00:03:10.141000','2025-01-17 00:03:10.141000','2025-01-17 00:03:10.141000',1,1,NULL),(26,'twrdrdn2cw4mw5op5vc26wmv','13.png',NULL,NULL,342,215,'{\"thumbnail\": {\"ext\": \".png\", \"url\": \"/uploads/thumbnail_13_02dbeeb7f6.png\", \"hash\": \"thumbnail_13_02dbeeb7f6\", \"mime\": \"image/png\", \"name\": \"thumbnail_13.png\", \"path\": null, \"size\": 98.43, \"width\": 245, \"height\": 154, \"sizeInBytes\": 98426}}','13_02dbeeb7f6','.png','image/png',45.90,'/uploads/13_02dbeeb7f6.png',NULL,'local',NULL,'/','2025-01-17 00:03:10.142000','2025-01-17 00:03:10.142000','2025-01-17 00:03:10.142000',1,1,NULL),(27,'idc73e9magjzlon69g6ju6gy','14.png',NULL,NULL,342,215,'{\"thumbnail\": {\"ext\": \".png\", \"url\": \"/uploads/thumbnail_14_4972b3ca4f.png\", \"hash\": \"thumbnail_14_4972b3ca4f\", \"mime\": \"image/png\", \"name\": \"thumbnail_14.png\", \"path\": null, \"size\": 95.38, \"width\": 245, \"height\": 154, \"sizeInBytes\": 95378}}','14_4972b3ca4f','.png','image/png',44.50,'/uploads/14_4972b3ca4f.png',NULL,'local',NULL,'/','2025-01-17 00:03:10.608000','2025-01-17 00:03:10.608000','2025-01-17 00:03:10.609000',1,1,NULL),(28,'hoj4s8613mmndx7iqrwkctzt','16.png',NULL,NULL,342,215,'{\"thumbnail\": {\"ext\": \".png\", \"url\": \"/uploads/thumbnail_16_f289847673.png\", \"hash\": \"thumbnail_16_f289847673\", \"mime\": \"image/png\", \"name\": \"thumbnail_16.png\", \"path\": null, \"size\": 82.47, \"width\": 245, \"height\": 154, \"sizeInBytes\": 82473}}','16_f289847673','.png','image/png',44.48,'/uploads/16_f289847673.png',NULL,'local',NULL,'/','2025-01-17 00:03:10.904000','2025-01-17 00:03:10.904000','2025-01-17 00:03:10.905000',1,1,NULL),(29,'vt2q85pck68hrf1qps3slfov','18.png',NULL,NULL,342,215,'{\"thumbnail\": {\"ext\": \".png\", \"url\": \"/uploads/thumbnail_18_4278754182.png\", \"hash\": \"thumbnail_18_4278754182\", \"mime\": \"image/png\", \"name\": \"thumbnail_18.png\", \"path\": null, \"size\": 58.07, \"width\": 245, \"height\": 154, \"sizeInBytes\": 58072}}','18_4278754182','.png','image/png',23.99,'/uploads/18_4278754182.png',NULL,'local',NULL,'/','2025-01-17 00:03:10.917000','2025-01-17 00:03:10.917000','2025-01-17 00:03:10.918000',1,1,NULL),(30,'bfmto8axj9rgwfmtupzl397s','17.png',NULL,NULL,342,215,'{\"thumbnail\": {\"ext\": \".png\", \"url\": \"/uploads/thumbnail_17_1c0ec4eddf.png\", \"hash\": \"thumbnail_17_1c0ec4eddf\", \"mime\": \"image/png\", \"name\": \"thumbnail_17.png\", \"path\": null, \"size\": 80.81, \"width\": 245, \"height\": 154, \"sizeInBytes\": 80806}}','17_1c0ec4eddf','.png','image/png',41.49,'/uploads/17_1c0ec4eddf.png',NULL,'local',NULL,'/','2025-01-17 00:03:10.926000','2025-01-17 00:03:10.926000','2025-01-17 00:03:10.926000',1,1,NULL),(31,'y1pdcgskmaq6mnh1ip1r7zaz','20.png',NULL,NULL,342,215,'{\"thumbnail\": {\"ext\": \".png\", \"url\": \"/uploads/thumbnail_20_912bdfecd7.png\", \"hash\": \"thumbnail_20_912bdfecd7\", \"mime\": \"image/png\", \"name\": \"thumbnail_20.png\", \"path\": null, \"size\": 70.56, \"width\": 245, \"height\": 154, \"sizeInBytes\": 70563}}','20_912bdfecd7','.png','image/png',39.32,'/uploads/20_912bdfecd7.png',NULL,'local',NULL,'/','2025-01-17 00:03:11.135000','2025-01-17 00:03:11.135000','2025-01-17 00:03:11.136000',1,1,NULL),(32,'m52g3vni81q5y81nrsqpy6gg','19.png',NULL,NULL,342,215,'{\"thumbnail\": {\"ext\": \".png\", \"url\": \"/uploads/thumbnail_19_bccfcb6992.png\", \"hash\": \"thumbnail_19_bccfcb6992\", \"mime\": \"image/png\", \"name\": \"thumbnail_19.png\", \"path\": null, \"size\": 103.77, \"width\": 245, \"height\": 154, \"sizeInBytes\": 103767}}','19_bccfcb6992','.png','image/png',48.35,'/uploads/19_bccfcb6992.png',NULL,'local',NULL,'/','2025-01-17 00:03:11.291000','2025-01-17 00:03:11.291000','2025-01-17 00:03:11.291000',1,1,NULL),(33,'n1drv79ymz2to69ddc9nb675','24.png',NULL,NULL,342,215,'{\"thumbnail\": {\"ext\": \".png\", \"url\": \"/uploads/thumbnail_24_4e393c7be5.png\", \"hash\": \"thumbnail_24_4e393c7be5\", \"mime\": \"image/png\", \"name\": \"thumbnail_24.png\", \"path\": null, \"size\": 61.04, \"width\": 245, \"height\": 154, \"sizeInBytes\": 61044}}','24_4e393c7be5','.png','image/png',42.50,'/uploads/24_4e393c7be5.png',NULL,'local',NULL,'/','2025-01-17 00:03:11.669000','2025-01-17 00:03:11.669000','2025-01-17 00:03:11.670000',1,1,NULL),(34,'kg1t36mouzriu1lz5g38erml','21.png',NULL,NULL,342,215,'{\"thumbnail\": {\"ext\": \".png\", \"url\": \"/uploads/thumbnail_21_1c3dc08856.png\", \"hash\": \"thumbnail_21_1c3dc08856\", \"mime\": \"image/png\", \"name\": \"thumbnail_21.png\", \"path\": null, \"size\": 79.6, \"width\": 245, \"height\": 154, \"sizeInBytes\": 79599}}','21_1c3dc08856','.png','image/png',37.70,'/uploads/21_1c3dc08856.png',NULL,'local',NULL,'/','2025-01-17 00:03:11.755000','2025-01-17 00:03:11.755000','2025-01-17 00:03:11.756000',1,1,NULL),(35,'usfxftzj6ffygaqthtqfiifj','23.png',NULL,NULL,342,215,'{\"thumbnail\": {\"ext\": \".png\", \"url\": \"/uploads/thumbnail_23_8797abc358.png\", \"hash\": \"thumbnail_23_8797abc358\", \"mime\": \"image/png\", \"name\": \"thumbnail_23.png\", \"path\": null, \"size\": 85.5, \"width\": 245, \"height\": 154, \"sizeInBytes\": 85498}}','23_8797abc358','.png','image/png',31.05,'/uploads/23_8797abc358.png',NULL,'local',NULL,'/','2025-01-17 00:03:11.956000','2025-01-17 00:03:11.956000','2025-01-17 00:03:11.956000',1,1,NULL),(36,'qcpquwxnkjas2t35nvvjm1du','22.png',NULL,NULL,342,215,'{\"thumbnail\": {\"ext\": \".png\", \"url\": \"/uploads/thumbnail_22_10c71df969.png\", \"hash\": \"thumbnail_22_10c71df969\", \"mime\": \"image/png\", \"name\": \"thumbnail_22.png\", \"path\": null, \"size\": 106.39, \"width\": 245, \"height\": 154, \"sizeInBytes\": 106386}}','22_10c71df969','.png','image/png',63.87,'/uploads/22_10c71df969.png',NULL,'local',NULL,'/','2025-01-17 00:03:12.036000','2025-01-17 00:03:12.036000','2025-01-17 00:03:12.036000',1,1,NULL),(37,'tpz45uvvqa3ub4xqdek93zut','25.png',NULL,NULL,342,215,'{\"thumbnail\": {\"ext\": \".png\", \"url\": \"/uploads/thumbnail_25_9463e28c65.png\", \"hash\": \"thumbnail_25_9463e28c65\", \"mime\": \"image/png\", \"name\": \"thumbnail_25.png\", \"path\": null, \"size\": 75.91, \"width\": 245, \"height\": 154, \"sizeInBytes\": 75913}}','25_9463e28c65','.png','image/png',43.44,'/uploads/25_9463e28c65.png',NULL,'local',NULL,'/','2025-01-17 00:03:12.069000','2025-01-17 00:03:12.069000','2025-01-17 00:03:12.070000',1,1,NULL),(38,'yfjzdrnihkrsf2pvccu8hlbe','26.png',NULL,NULL,342,215,'{\"thumbnail\": {\"ext\": \".png\", \"url\": \"/uploads/thumbnail_26_4c7709d0fa.png\", \"hash\": \"thumbnail_26_4c7709d0fa\", \"mime\": \"image/png\", \"name\": \"thumbnail_26.png\", \"path\": null, \"size\": 98.94, \"width\": 245, \"height\": 154, \"sizeInBytes\": 98942}}','26_4c7709d0fa','.png','image/png',51.11,'/uploads/26_4c7709d0fa.png',NULL,'local',NULL,'/','2025-01-17 00:03:12.587000','2025-01-17 00:03:12.587000','2025-01-17 00:03:12.587000',1,1,NULL),(39,'dwbymubftwhwh50bkvu3yq08','28.png',NULL,NULL,342,215,'{\"thumbnail\": {\"ext\": \".png\", \"url\": \"/uploads/thumbnail_28_16dddd74e7.png\", \"hash\": \"thumbnail_28_16dddd74e7\", \"mime\": \"image/png\", \"name\": \"thumbnail_28.png\", \"path\": null, \"size\": 64.97, \"width\": 245, \"height\": 154, \"sizeInBytes\": 64966}}','28_16dddd74e7','.png','image/png',31.85,'/uploads/28_16dddd74e7.png',NULL,'local',NULL,'/','2025-01-17 00:03:12.596000','2025-01-17 00:03:12.596000','2025-01-17 00:03:12.596000',1,1,NULL),(40,'tz1muqjxurmikc4b5cd2eg5j','27.png',NULL,NULL,342,215,'{\"thumbnail\": {\"ext\": \".png\", \"url\": \"/uploads/thumbnail_27_d3c484bfe3.png\", \"hash\": \"thumbnail_27_d3c484bfe3\", \"mime\": \"image/png\", \"name\": \"thumbnail_27.png\", \"path\": null, \"size\": 90.42, \"width\": 245, \"height\": 154, \"sizeInBytes\": 90419}}','27_d3c484bfe3','.png','image/png',37.14,'/uploads/27_d3c484bfe3.png',NULL,'local',NULL,'/','2025-01-17 00:03:12.642000','2025-01-17 00:03:12.642000','2025-01-17 00:03:12.642000',1,1,NULL),(41,'y68lj59bl0llvzvmfnxhclfn','29.png',NULL,NULL,342,215,'{\"thumbnail\": {\"ext\": \".png\", \"url\": \"/uploads/thumbnail_29_cfa2d05aaa.png\", \"hash\": \"thumbnail_29_cfa2d05aaa\", \"mime\": \"image/png\", \"name\": \"thumbnail_29.png\", \"path\": null, \"size\": 82.95, \"width\": 245, \"height\": 154, \"sizeInBytes\": 82953}}','29_cfa2d05aaa','.png','image/png',33.60,'/uploads/29_cfa2d05aaa.png',NULL,'local',NULL,'/','2025-01-17 00:03:12.795000','2025-01-17 00:03:12.795000','2025-01-17 00:03:12.795000',1,1,NULL),(42,'b4wny9ce5u0vkan4xgnplzzs','30.png',NULL,NULL,342,215,'{\"thumbnail\": {\"ext\": \".png\", \"url\": \"/uploads/thumbnail_30_0f4e644856.png\", \"hash\": \"thumbnail_30_0f4e644856\", \"mime\": \"image/png\", \"name\": \"thumbnail_30.png\", \"path\": null, \"size\": 93.15, \"width\": 245, \"height\": 154, \"sizeInBytes\": 93152}}','30_0f4e644856','.png','image/png',42.90,'/uploads/30_0f4e644856.png',NULL,'local',NULL,'/','2025-01-17 00:03:12.856000','2025-01-17 00:03:12.856000','2025-01-17 00:03:12.857000',1,1,NULL),(43,'ask53vd0ka0oks1hrdo4qed5','31.png',NULL,NULL,342,215,'{\"thumbnail\": {\"ext\": \".png\", \"url\": \"/uploads/thumbnail_31_65a17ab8cb.png\", \"hash\": \"thumbnail_31_65a17ab8cb\", \"mime\": \"image/png\", \"name\": \"thumbnail_31.png\", \"path\": null, \"size\": 86.58, \"width\": 245, \"height\": 154, \"sizeInBytes\": 86579}}','31_65a17ab8cb','.png','image/png',58.33,'/uploads/31_65a17ab8cb.png',NULL,'local',NULL,'/','2025-01-17 00:03:13.019000','2025-01-17 00:03:13.019000','2025-01-17 00:03:13.019000',1,1,NULL),(44,'b25wx2krnqnl3n41w1n7svpb','33.png',NULL,NULL,342,215,'{\"thumbnail\": {\"ext\": \".png\", \"url\": \"/uploads/thumbnail_33_edbb57f50b.png\", \"hash\": \"thumbnail_33_edbb57f50b\", \"mime\": \"image/png\", \"name\": \"thumbnail_33.png\", \"path\": null, \"size\": 87.6, \"width\": 245, \"height\": 154, \"sizeInBytes\": 87602}}','33_edbb57f50b','.png','image/png',38.68,'/uploads/33_edbb57f50b.png',NULL,'local',NULL,'/','2025-01-17 00:03:13.164000','2025-01-17 00:03:13.164000','2025-01-17 00:03:13.164000',1,1,NULL),(45,'lgd03sav6547pnfu8as51hc8','32.png',NULL,NULL,342,215,'{\"thumbnail\": {\"ext\": \".png\", \"url\": \"/uploads/thumbnail_32_0de27fda99.png\", \"hash\": \"thumbnail_32_0de27fda99\", \"mime\": \"image/png\", \"name\": \"thumbnail_32.png\", \"path\": null, \"size\": 72.32, \"width\": 245, \"height\": 154, \"sizeInBytes\": 72317}}','32_0de27fda99','.png','image/png',37.27,'/uploads/32_0de27fda99.png',NULL,'local',NULL,'/','2025-01-17 00:03:13.182000','2025-01-17 00:03:13.182000','2025-01-17 00:03:13.182000',1,1,NULL);
/*!40000 ALTER TABLE `files` ENABLE KEYS */;
UNLOCK TABLES;

--
-- Table structure for table `files_folder_lnk`
--

DROP TABLE IF EXISTS `files_folder_lnk`;
/*!40101 SET @saved_cs_client     = @@character_set_client */;
/*!50503 SET character_set_client = utf8mb4 */;
CREATE TABLE `files_folder_lnk` (
  `id` int unsigned NOT NULL AUTO_INCREMENT,
  `file_id` int unsigned DEFAULT NULL,
  `folder_id` int unsigned DEFAULT NULL,
  `file_ord` double unsigned DEFAULT NULL,
  PRIMARY KEY (`id`),
  UNIQUE KEY `files_folder_lnk_uq` (`file_id`,`folder_id`),
  KEY `files_folder_lnk_fk` (`file_id`),
  KEY `files_folder_lnk_ifk` (`folder_id`),
  KEY `files_folder_lnk_oifk` (`file_ord`),
  CONSTRAINT `files_folder_lnk_fk` FOREIGN KEY (`file_id`) REFERENCES `files` (`id`) ON DELETE CASCADE,
  CONSTRAINT `files_folder_lnk_ifk` FOREIGN KEY (`folder_id`) REFERENCES `upload_folders` (`id`) ON DELETE CASCADE
) ENGINE=InnoDB DEFAULT CHARSET=utf8mb4 COLLATE=utf8mb4_0900_ai_ci;
/*!40101 SET character_set_client = @saved_cs_client */;

--
-- Dumping data for table `files_folder_lnk`
--

LOCK TABLES `files_folder_lnk` WRITE;
/*!40000 ALTER TABLE `files_folder_lnk` DISABLE KEYS */;
/*!40000 ALTER TABLE `files_folder_lnk` ENABLE KEYS */;
UNLOCK TABLES;

--
-- Table structure for table `files_related_mph`
--

DROP TABLE IF EXISTS `files_related_mph`;
/*!40101 SET @saved_cs_client     = @@character_set_client */;
/*!50503 SET character_set_client = utf8mb4 */;
CREATE TABLE `files_related_mph` (
  `id` int unsigned NOT NULL AUTO_INCREMENT,
  `file_id` int unsigned DEFAULT NULL,
  `related_id` int unsigned DEFAULT NULL,
  `related_type` varchar(255) DEFAULT NULL,
  `field` varchar(255) DEFAULT NULL,
  `order` double unsigned DEFAULT NULL,
  PRIMARY KEY (`id`),
  KEY `files_related_mph_fk` (`file_id`),
  KEY `files_related_mph_oidx` (`order`),
  KEY `files_related_mph_idix` (`related_id`),
  CONSTRAINT `files_related_mph_fk` FOREIGN KEY (`file_id`) REFERENCES `files` (`id`) ON DELETE CASCADE
) ENGINE=InnoDB AUTO_INCREMENT=103 DEFAULT CHARSET=utf8mb4 COLLATE=utf8mb4_0900_ai_ci;
/*!40101 SET character_set_client = @saved_cs_client */;

--
-- Dumping data for table `files_related_mph`
--

LOCK TABLES `files_related_mph` WRITE;
/*!40000 ALTER TABLE `files_related_mph` DISABLE KEYS */;
INSERT INTO `files_related_mph` VALUES (3,2,1,'api::author.author','avatar',1),(4,3,2,'api::author.author','avatar',1),(5,5,1,'shared.media','file',1),(6,5,1,'shared.slider','files',1),(7,6,1,'shared.slider','files',2),(8,4,1,'api::article.article','cover',1),(9,5,2,'shared.media','file',1),(10,5,2,'shared.slider','files',1),(11,6,2,'shared.slider','files',2),(12,7,2,'api::article.article','cover',1),(13,5,3,'shared.media','file',1),(14,5,3,'shared.slider','files',1),(15,6,3,'shared.slider','files',2),(16,8,3,'api::article.article','cover',1),(17,5,4,'shared.media','file',1),(18,5,4,'shared.slider','files',1),(19,6,4,'shared.slider','files',2),(20,9,4,'api::article.article','cover',1),(21,5,5,'shared.media','file',1),(22,5,5,'shared.slider','files',1),(23,6,5,'shared.slider','files',2),(24,10,5,'api::article.article','cover',1),(25,12,1,'shared.seo','shareImage',1),(26,11,1,'api::global.global','favicon',1),(27,5,6,'shared.media','file',1),(30,13,1,'api::course.course','imageUrl',1),(31,13,75,'api::course.course','imageUrl',1),(34,14,3,'api::course.course','imageUrl',1),(35,14,77,'api::course.course','imageUrl',1),(36,17,4,'api::course.course','imageUrl',1),(37,17,78,'api::course.course','imageUrl',1),(38,19,5,'api::course.course','imageUrl',1),(39,19,79,'api::course.course','imageUrl',1),(40,18,6,'api::course.course','imageUrl',1),(41,18,80,'api::course.course','imageUrl',1),(42,16,7,'api::course.course','imageUrl',1),(43,16,81,'api::course.course','imageUrl',1),(44,20,8,'api::course.course','imageUrl',1),(45,20,82,'api::course.course','imageUrl',1),(46,21,9,'api::course.course','imageUrl',1),(47,21,83,'api::course.course','imageUrl',1),(48,22,10,'api::course.course','imageUrl',1),(49,22,84,'api::course.course','imageUrl',1),(50,23,11,'api::course.course','imageUrl',1),(51,23,85,'api::course.course','imageUrl',1),(52,25,12,'api::course.course','imageUrl',1),(53,25,86,'api::course.course','imageUrl',1),(54,26,13,'api::course.course','imageUrl',1),(55,26,87,'api::course.course','imageUrl',1),(56,27,14,'api::course.course','imageUrl',1),(57,27,88,'api::course.course','imageUrl',1),(58,24,15,'api::course.course','imageUrl',1),(59,24,89,'api::course.course','imageUrl',1),(60,28,16,'api::course.course','imageUrl',1),(61,28,90,'api::course.course','imageUrl',1),(62,30,17,'api::course.course','imageUrl',1),(63,30,91,'api::course.course','imageUrl',1),(64,29,18,'api::course.course','imageUrl',1),(65,29,92,'api::course.course','imageUrl',1),(66,32,19,'api::course.course','imageUrl',1),(67,32,93,'api::course.course','imageUrl',1),(68,31,20,'api::course.course','imageUrl',1),(69,31,94,'api::course.course','imageUrl',1),(70,34,21,'api::course.course','imageUrl',1),(71,34,95,'api::course.course','imageUrl',1),(72,36,22,'api::course.course','imageUrl',1),(73,36,96,'api::course.course','imageUrl',1),(74,37,23,'api::course.course','imageUrl',1),(75,37,97,'api::course.course','imageUrl',1),(76,37,25,'api::course.course','imageUrl',1),(77,37,98,'api::course.course','imageUrl',1),(78,33,24,'api::course.course','imageUrl',1),(79,33,99,'api::course.course','imageUrl',1),(80,38,26,'api::course.course','imageUrl',1),(81,38,100,'api::course.course','imageUrl',1),(82,40,27,'api::course.course','imageUrl',1),(83,40,101,'api::course.course','imageUrl',1),(84,14,28,'api::course.course','imageUrl',1),(85,14,102,'api::course.course','imageUrl',1),(86,41,29,'api::course.course','imageUrl',1),(87,41,103,'api::course.course','imageUrl',1),(88,42,30,'api::course.course','imageUrl',1),(89,42,104,'api::course.course','imageUrl',1),(90,43,31,'api::course.course','imageUrl',1),(91,43,105,'api::course.course','imageUrl',1),(92,45,32,'api::course.course','imageUrl',1),(93,45,106,'api::course.course','imageUrl',1),(94,45,33,'api::course.course','imageUrl',1),(95,45,107,'api::course.course','imageUrl',1),(96,39,34,'api::course.course','imageUrl',1),(97,39,108,'api::course.course','imageUrl',1),(98,44,35,'api::course.course','imageUrl',1),(99,44,109,'api::course.course','imageUrl',1),(100,42,37,'api::course.course','imageUrl',1),(101,42,110,'api::course.course','imageUrl',1);
/*!40000 ALTER TABLE `files_related_mph` ENABLE KEYS */;
UNLOCK TABLES;

--
-- Table structure for table `globals`
--

DROP TABLE IF EXISTS `globals`;
/*!40101 SET @saved_cs_client     = @@character_set_client */;
/*!50503 SET character_set_client = utf8mb4 */;
CREATE TABLE `globals` (
  `id` int unsigned NOT NULL AUTO_INCREMENT,
  `document_id` varchar(255) DEFAULT NULL,
  `site_name` varchar(255) DEFAULT NULL,
  `site_description` longtext,
  `created_at` datetime(6) DEFAULT NULL,
  `updated_at` datetime(6) DEFAULT NULL,
  `published_at` datetime(6) DEFAULT NULL,
  `created_by_id` int unsigned DEFAULT NULL,
  `updated_by_id` int unsigned DEFAULT NULL,
  `locale` varchar(255) DEFAULT NULL,
  PRIMARY KEY (`id`),
  KEY `globals_documents_idx` (`document_id`,`locale`,`published_at`),
  KEY `globals_created_by_id_fk` (`created_by_id`),
  KEY `globals_updated_by_id_fk` (`updated_by_id`),
  CONSTRAINT `globals_created_by_id_fk` FOREIGN KEY (`created_by_id`) REFERENCES `admin_users` (`id`) ON DELETE SET NULL,
  CONSTRAINT `globals_updated_by_id_fk` FOREIGN KEY (`updated_by_id`) REFERENCES `admin_users` (`id`) ON DELETE SET NULL
) ENGINE=InnoDB AUTO_INCREMENT=2 DEFAULT CHARSET=utf8mb4 COLLATE=utf8mb4_0900_ai_ci;
/*!40101 SET character_set_client = @saved_cs_client */;

--
-- Dumping data for table `globals`
--

LOCK TABLES `globals` WRITE;
/*!40000 ALTER TABLE `globals` DISABLE KEYS */;
INSERT INTO `globals` VALUES (1,'qe6qr43mzmd4djny715cn0bf','Strapi Blog','A Blog made with Strapi','2025-01-16 00:41:47.182000','2025-01-16 00:41:47.182000','2025-01-16 00:41:47.175000',NULL,NULL,NULL);
/*!40000 ALTER TABLE `globals` ENABLE KEYS */;
UNLOCK TABLES;

--
-- Table structure for table `globals_cmps`
--

DROP TABLE IF EXISTS `globals_cmps`;
/*!40101 SET @saved_cs_client     = @@character_set_client */;
/*!50503 SET character_set_client = utf8mb4 */;
CREATE TABLE `globals_cmps` (
  `id` int unsigned NOT NULL AUTO_INCREMENT,
  `entity_id` int unsigned DEFAULT NULL,
  `cmp_id` int unsigned DEFAULT NULL,
  `component_type` varchar(255) DEFAULT NULL,
  `field` varchar(255) DEFAULT NULL,
  `order` double unsigned DEFAULT NULL,
  PRIMARY KEY (`id`),
  UNIQUE KEY `globals_uq` (`entity_id`,`cmp_id`,`field`,`component_type`),
  KEY `globals_field_idx` (`field`),
  KEY `globals_component_type_idx` (`component_type`),
  KEY `globals_entity_fk` (`entity_id`),
  CONSTRAINT `globals_entity_fk` FOREIGN KEY (`entity_id`) REFERENCES `globals` (`id`) ON DELETE CASCADE
) ENGINE=InnoDB AUTO_INCREMENT=2 DEFAULT CHARSET=utf8mb4 COLLATE=utf8mb4_0900_ai_ci;
/*!40101 SET character_set_client = @saved_cs_client */;

--
-- Dumping data for table `globals_cmps`
--

LOCK TABLES `globals_cmps` WRITE;
/*!40000 ALTER TABLE `globals_cmps` DISABLE KEYS */;
INSERT INTO `globals_cmps` VALUES (1,1,1,'shared.seo','defaultSeo',NULL);
/*!40000 ALTER TABLE `globals_cmps` ENABLE KEYS */;
UNLOCK TABLES;

--
-- Table structure for table `i18n_locale`
--

DROP TABLE IF EXISTS `i18n_locale`;
/*!40101 SET @saved_cs_client     = @@character_set_client */;
/*!50503 SET character_set_client = utf8mb4 */;
CREATE TABLE `i18n_locale` (
  `id` int unsigned NOT NULL AUTO_INCREMENT,
  `document_id` varchar(255) DEFAULT NULL,
  `name` varchar(255) DEFAULT NULL,
  `code` varchar(255) DEFAULT NULL,
  `created_at` datetime(6) DEFAULT NULL,
  `updated_at` datetime(6) DEFAULT NULL,
  `published_at` datetime(6) DEFAULT NULL,
  `created_by_id` int unsigned DEFAULT NULL,
  `updated_by_id` int unsigned DEFAULT NULL,
  `locale` varchar(255) DEFAULT NULL,
  PRIMARY KEY (`id`),
  KEY `i18n_locale_documents_idx` (`document_id`,`locale`,`published_at`),
  KEY `i18n_locale_created_by_id_fk` (`created_by_id`),
  KEY `i18n_locale_updated_by_id_fk` (`updated_by_id`),
  CONSTRAINT `i18n_locale_created_by_id_fk` FOREIGN KEY (`created_by_id`) REFERENCES `admin_users` (`id`) ON DELETE SET NULL,
  CONSTRAINT `i18n_locale_updated_by_id_fk` FOREIGN KEY (`updated_by_id`) REFERENCES `admin_users` (`id`) ON DELETE SET NULL
) ENGINE=InnoDB AUTO_INCREMENT=2 DEFAULT CHARSET=utf8mb4 COLLATE=utf8mb4_0900_ai_ci;
/*!40101 SET character_set_client = @saved_cs_client */;

--
-- Dumping data for table `i18n_locale`
--

LOCK TABLES `i18n_locale` WRITE;
/*!40000 ALTER TABLE `i18n_locale` DISABLE KEYS */;
INSERT INTO `i18n_locale` VALUES (1,'wyzfemyz61x1ahrm20je0swr','English (en)','en','2025-01-15 20:54:47.058000','2025-01-15 20:54:47.058000','2025-01-15 20:54:47.059000',NULL,NULL,NULL);
/*!40000 ALTER TABLE `i18n_locale` ENABLE KEYS */;
UNLOCK TABLES;

--
-- Table structure for table `strapi_api_token_permissions`
--

DROP TABLE IF EXISTS `strapi_api_token_permissions`;
/*!40101 SET @saved_cs_client     = @@character_set_client */;
/*!50503 SET character_set_client = utf8mb4 */;
CREATE TABLE `strapi_api_token_permissions` (
  `id` int unsigned NOT NULL AUTO_INCREMENT,
  `document_id` varchar(255) DEFAULT NULL,
  `action` varchar(255) DEFAULT NULL,
  `created_at` datetime(6) DEFAULT NULL,
  `updated_at` datetime(6) DEFAULT NULL,
  `published_at` datetime(6) DEFAULT NULL,
  `created_by_id` int unsigned DEFAULT NULL,
  `updated_by_id` int unsigned DEFAULT NULL,
  `locale` varchar(255) DEFAULT NULL,
  PRIMARY KEY (`id`),
  KEY `strapi_api_token_permissions_documents_idx` (`document_id`,`locale`,`published_at`),
  KEY `strapi_api_token_permissions_created_by_id_fk` (`created_by_id`),
  KEY `strapi_api_token_permissions_updated_by_id_fk` (`updated_by_id`),
  CONSTRAINT `strapi_api_token_permissions_created_by_id_fk` FOREIGN KEY (`created_by_id`) REFERENCES `admin_users` (`id`) ON DELETE SET NULL,
  CONSTRAINT `strapi_api_token_permissions_updated_by_id_fk` FOREIGN KEY (`updated_by_id`) REFERENCES `admin_users` (`id`) ON DELETE SET NULL
) ENGINE=InnoDB DEFAULT CHARSET=utf8mb4 COLLATE=utf8mb4_0900_ai_ci;
/*!40101 SET character_set_client = @saved_cs_client */;

--
-- Dumping data for table `strapi_api_token_permissions`
--

LOCK TABLES `strapi_api_token_permissions` WRITE;
/*!40000 ALTER TABLE `strapi_api_token_permissions` DISABLE KEYS */;
/*!40000 ALTER TABLE `strapi_api_token_permissions` ENABLE KEYS */;
UNLOCK TABLES;

--
-- Table structure for table `strapi_api_token_permissions_token_lnk`
--

DROP TABLE IF EXISTS `strapi_api_token_permissions_token_lnk`;
/*!40101 SET @saved_cs_client     = @@character_set_client */;
/*!50503 SET character_set_client = utf8mb4 */;
CREATE TABLE `strapi_api_token_permissions_token_lnk` (
  `id` int unsigned NOT NULL AUTO_INCREMENT,
  `api_token_permission_id` int unsigned DEFAULT NULL,
  `api_token_id` int unsigned DEFAULT NULL,
  `api_token_permission_ord` double unsigned DEFAULT NULL,
  PRIMARY KEY (`id`),
  UNIQUE KEY `strapi_api_token_permissions_token_lnk_uq` (`api_token_permission_id`,`api_token_id`),
  KEY `strapi_api_token_permissions_token_lnk_fk` (`api_token_permission_id`),
  KEY `strapi_api_token_permissions_token_lnk_ifk` (`api_token_id`),
  KEY `strapi_api_token_permissions_token_lnk_oifk` (`api_token_permission_ord`),
  CONSTRAINT `strapi_api_token_permissions_token_lnk_fk` FOREIGN KEY (`api_token_permission_id`) REFERENCES `strapi_api_token_permissions` (`id`) ON DELETE CASCADE,
  CONSTRAINT `strapi_api_token_permissions_token_lnk_ifk` FOREIGN KEY (`api_token_id`) REFERENCES `strapi_api_tokens` (`id`) ON DELETE CASCADE
) ENGINE=InnoDB DEFAULT CHARSET=utf8mb4 COLLATE=utf8mb4_0900_ai_ci;
/*!40101 SET character_set_client = @saved_cs_client */;

--
-- Dumping data for table `strapi_api_token_permissions_token_lnk`
--

LOCK TABLES `strapi_api_token_permissions_token_lnk` WRITE;
/*!40000 ALTER TABLE `strapi_api_token_permissions_token_lnk` DISABLE KEYS */;
/*!40000 ALTER TABLE `strapi_api_token_permissions_token_lnk` ENABLE KEYS */;
UNLOCK TABLES;

--
-- Table structure for table `strapi_api_tokens`
--

DROP TABLE IF EXISTS `strapi_api_tokens`;
/*!40101 SET @saved_cs_client     = @@character_set_client */;
/*!50503 SET character_set_client = utf8mb4 */;
CREATE TABLE `strapi_api_tokens` (
  `id` int unsigned NOT NULL AUTO_INCREMENT,
  `document_id` varchar(255) DEFAULT NULL,
  `name` varchar(255) DEFAULT NULL,
  `description` varchar(255) DEFAULT NULL,
  `type` varchar(255) DEFAULT NULL,
  `access_key` varchar(255) DEFAULT NULL,
  `last_used_at` datetime(6) DEFAULT NULL,
  `expires_at` datetime(6) DEFAULT NULL,
  `lifespan` bigint DEFAULT NULL,
  `created_at` datetime(6) DEFAULT NULL,
  `updated_at` datetime(6) DEFAULT NULL,
  `published_at` datetime(6) DEFAULT NULL,
  `created_by_id` int unsigned DEFAULT NULL,
  `updated_by_id` int unsigned DEFAULT NULL,
  `locale` varchar(255) DEFAULT NULL,
  PRIMARY KEY (`id`),
  KEY `strapi_api_tokens_documents_idx` (`document_id`,`locale`,`published_at`),
  KEY `strapi_api_tokens_created_by_id_fk` (`created_by_id`),
  KEY `strapi_api_tokens_updated_by_id_fk` (`updated_by_id`),
  CONSTRAINT `strapi_api_tokens_created_by_id_fk` FOREIGN KEY (`created_by_id`) REFERENCES `admin_users` (`id`) ON DELETE SET NULL,
  CONSTRAINT `strapi_api_tokens_updated_by_id_fk` FOREIGN KEY (`updated_by_id`) REFERENCES `admin_users` (`id`) ON DELETE SET NULL
) ENGINE=InnoDB DEFAULT CHARSET=utf8mb4 COLLATE=utf8mb4_0900_ai_ci;
/*!40101 SET character_set_client = @saved_cs_client */;

--
-- Dumping data for table `strapi_api_tokens`
--

LOCK TABLES `strapi_api_tokens` WRITE;
/*!40000 ALTER TABLE `strapi_api_tokens` DISABLE KEYS */;
/*!40000 ALTER TABLE `strapi_api_tokens` ENABLE KEYS */;
UNLOCK TABLES;

--
-- Table structure for table `strapi_core_store_settings`
--

DROP TABLE IF EXISTS `strapi_core_store_settings`;
/*!40101 SET @saved_cs_client     = @@character_set_client */;
/*!50503 SET character_set_client = utf8mb4 */;
CREATE TABLE `strapi_core_store_settings` (
  `id` int unsigned NOT NULL AUTO_INCREMENT,
  `key` varchar(255) DEFAULT NULL,
  `value` longtext,
  `type` varchar(255) DEFAULT NULL,
  `environment` varchar(255) DEFAULT NULL,
  `tag` varchar(255) DEFAULT NULL,
  PRIMARY KEY (`id`)
) ENGINE=InnoDB AUTO_INCREMENT=41 DEFAULT CHARSET=utf8mb4 COLLATE=utf8mb4_0900_ai_ci;
/*!40101 SET character_set_client = @saved_cs_client */;

--
-- Dumping data for table `strapi_core_store_settings`
--

LOCK TABLES `strapi_core_store_settings` WRITE;
/*!40000 ALTER TABLE `strapi_core_store_settings` DISABLE KEYS */;
INSERT INTO `strapi_core_store_settings` VALUES (1,'strapi_content_types_schema','{\"plugin::upload.file\":{\"collectionName\":\"files\",\"info\":{\"singularName\":\"file\",\"pluralName\":\"files\",\"displayName\":\"File\",\"description\":\"\"},\"options\":{\"draftAndPublish\":false},\"pluginOptions\":{\"content-manager\":{\"visible\":false},\"content-type-builder\":{\"visible\":false}},\"attributes\":{\"name\":{\"type\":\"string\",\"configurable\":false,\"required\":true},\"alternativeText\":{\"type\":\"string\",\"configurable\":false},\"caption\":{\"type\":\"string\",\"configurable\":false},\"width\":{\"type\":\"integer\",\"configurable\":false},\"height\":{\"type\":\"integer\",\"configurable\":false},\"formats\":{\"type\":\"json\",\"configurable\":false},\"hash\":{\"type\":\"string\",\"configurable\":false,\"required\":true},\"ext\":{\"type\":\"string\",\"configurable\":false},\"mime\":{\"type\":\"string\",\"configurable\":false,\"required\":true},\"size\":{\"type\":\"decimal\",\"configurable\":false,\"required\":true},\"url\":{\"type\":\"string\",\"configurable\":false,\"required\":true},\"previewUrl\":{\"type\":\"string\",\"configurable\":false},\"provider\":{\"type\":\"string\",\"configurable\":false,\"required\":true},\"provider_metadata\":{\"type\":\"json\",\"configurable\":false},\"related\":{\"type\":\"relation\",\"relation\":\"morphToMany\",\"configurable\":false},\"folder\":{\"type\":\"relation\",\"relation\":\"manyToOne\",\"target\":\"plugin::upload.folder\",\"inversedBy\":\"files\",\"private\":true},\"folderPath\":{\"type\":\"string\",\"minLength\":1,\"required\":true,\"private\":true,\"searchable\":false},\"createdAt\":{\"type\":\"datetime\"},\"updatedAt\":{\"type\":\"datetime\"},\"publishedAt\":{\"type\":\"datetime\",\"configurable\":false,\"writable\":true,\"visible\":false},\"createdBy\":{\"type\":\"relation\",\"relation\":\"oneToOne\",\"target\":\"admin::user\",\"configurable\":false,\"writable\":false,\"visible\":false,\"useJoinTable\":false,\"private\":true},\"updatedBy\":{\"type\":\"relation\",\"relation\":\"oneToOne\",\"target\":\"admin::user\",\"configurable\":false,\"writable\":false,\"visible\":false,\"useJoinTable\":false,\"private\":true},\"locale\":{\"writable\":true,\"private\":true,\"configurable\":false,\"visible\":false,\"type\":\"string\"},\"localizations\":{\"type\":\"relation\",\"relation\":\"oneToMany\",\"target\":\"plugin::upload.file\",\"writable\":false,\"private\":true,\"configurable\":false,\"visible\":false,\"unstable_virtual\":true,\"joinColumn\":{\"name\":\"document_id\",\"referencedColumn\":\"document_id\",\"referencedTable\":\"files\"}}},\"indexes\":[{\"name\":\"upload_files_folder_path_index\",\"columns\":[\"folder_path\"],\"type\":null},{\"name\":\"upload_files_created_at_index\",\"columns\":[\"created_at\"],\"type\":null},{\"name\":\"upload_files_updated_at_index\",\"columns\":[\"updated_at\"],\"type\":null},{\"name\":\"upload_files_name_index\",\"columns\":[\"name\"],\"type\":null},{\"name\":\"upload_files_size_index\",\"columns\":[\"size\"],\"type\":null},{\"name\":\"upload_files_ext_index\",\"columns\":[\"ext\"],\"type\":null}],\"plugin\":\"upload\",\"globalId\":\"UploadFile\",\"uid\":\"plugin::upload.file\",\"modelType\":\"contentType\",\"kind\":\"collectionType\",\"__schema__\":{\"collectionName\":\"files\",\"info\":{\"singularName\":\"file\",\"pluralName\":\"files\",\"displayName\":\"File\",\"description\":\"\"},\"options\":{},\"pluginOptions\":{\"content-manager\":{\"visible\":false},\"content-type-builder\":{\"visible\":false}},\"attributes\":{\"name\":{\"type\":\"string\",\"configurable\":false,\"required\":true},\"alternativeText\":{\"type\":\"string\",\"configurable\":false},\"caption\":{\"type\":\"string\",\"configurable\":false},\"width\":{\"type\":\"integer\",\"configurable\":false},\"height\":{\"type\":\"integer\",\"configurable\":false},\"formats\":{\"type\":\"json\",\"configurable\":false},\"hash\":{\"type\":\"string\",\"configurable\":false,\"required\":true},\"ext\":{\"type\":\"string\",\"configurable\":false},\"mime\":{\"type\":\"string\",\"configurable\":false,\"required\":true},\"size\":{\"type\":\"decimal\",\"configurable\":false,\"required\":true},\"url\":{\"type\":\"string\",\"configurable\":false,\"required\":true},\"previewUrl\":{\"type\":\"string\",\"configurable\":false},\"provider\":{\"type\":\"string\",\"configurable\":false,\"required\":true},\"provider_metadata\":{\"type\":\"json\",\"configurable\":false},\"related\":{\"type\":\"relation\",\"relation\":\"morphToMany\",\"configurable\":false},\"folder\":{\"type\":\"relation\",\"relation\":\"manyToOne\",\"target\":\"plugin::upload.folder\",\"inversedBy\":\"files\",\"private\":true},\"folderPath\":{\"type\":\"string\",\"minLength\":1,\"required\":true,\"private\":true,\"searchable\":false}},\"kind\":\"collectionType\"},\"modelName\":\"file\"},\"plugin::upload.folder\":{\"collectionName\":\"upload_folders\",\"info\":{\"singularName\":\"folder\",\"pluralName\":\"folders\",\"displayName\":\"Folder\"},\"options\":{\"draftAndPublish\":false},\"pluginOptions\":{\"content-manager\":{\"visible\":false},\"content-type-builder\":{\"visible\":false}},\"attributes\":{\"name\":{\"type\":\"string\",\"minLength\":1,\"required\":true},\"pathId\":{\"type\":\"integer\",\"unique\":true,\"required\":true},\"parent\":{\"type\":\"relation\",\"relation\":\"manyToOne\",\"target\":\"plugin::upload.folder\",\"inversedBy\":\"children\"},\"children\":{\"type\":\"relation\",\"relation\":\"oneToMany\",\"target\":\"plugin::upload.folder\",\"mappedBy\":\"parent\"},\"files\":{\"type\":\"relation\",\"relation\":\"oneToMany\",\"target\":\"plugin::upload.file\",\"mappedBy\":\"folder\"},\"path\":{\"type\":\"string\",\"minLength\":1,\"required\":true},\"createdAt\":{\"type\":\"datetime\"},\"updatedAt\":{\"type\":\"datetime\"},\"publishedAt\":{\"type\":\"datetime\",\"configurable\":false,\"writable\":true,\"visible\":false},\"createdBy\":{\"type\":\"relation\",\"relation\":\"oneToOne\",\"target\":\"admin::user\",\"configurable\":false,\"writable\":false,\"visible\":false,\"useJoinTable\":false,\"private\":true},\"updatedBy\":{\"type\":\"relation\",\"relation\":\"oneToOne\",\"target\":\"admin::user\",\"configurable\":false,\"writable\":false,\"visible\":false,\"useJoinTable\":false,\"private\":true},\"locale\":{\"writable\":true,\"private\":true,\"configurable\":false,\"visible\":false,\"type\":\"string\"},\"localizations\":{\"type\":\"relation\",\"relation\":\"oneToMany\",\"target\":\"plugin::upload.folder\",\"writable\":false,\"private\":true,\"configurable\":false,\"visible\":false,\"unstable_virtual\":true,\"joinColumn\":{\"name\":\"document_id\",\"referencedColumn\":\"document_id\",\"referencedTable\":\"upload_folders\"}}},\"indexes\":[{\"name\":\"upload_folders_path_id_index\",\"columns\":[\"path_id\"],\"type\":\"unique\"},{\"name\":\"upload_folders_path_index\",\"columns\":[\"path\"],\"type\":\"unique\"}],\"plugin\":\"upload\",\"globalId\":\"UploadFolder\",\"uid\":\"plugin::upload.folder\",\"modelType\":\"contentType\",\"kind\":\"collectionType\",\"__schema__\":{\"collectionName\":\"upload_folders\",\"info\":{\"singularName\":\"folder\",\"pluralName\":\"folders\",\"displayName\":\"Folder\"},\"options\":{},\"pluginOptions\":{\"content-manager\":{\"visible\":false},\"content-type-builder\":{\"visible\":false}},\"attributes\":{\"name\":{\"type\":\"string\",\"minLength\":1,\"required\":true},\"pathId\":{\"type\":\"integer\",\"unique\":true,\"required\":true},\"parent\":{\"type\":\"relation\",\"relation\":\"manyToOne\",\"target\":\"plugin::upload.folder\",\"inversedBy\":\"children\"},\"children\":{\"type\":\"relation\",\"relation\":\"oneToMany\",\"target\":\"plugin::upload.folder\",\"mappedBy\":\"parent\"},\"files\":{\"type\":\"relation\",\"relation\":\"oneToMany\",\"target\":\"plugin::upload.file\",\"mappedBy\":\"folder\"},\"path\":{\"type\":\"string\",\"minLength\":1,\"required\":true}},\"kind\":\"collectionType\"},\"modelName\":\"folder\"},\"plugin::i18n.locale\":{\"info\":{\"singularName\":\"locale\",\"pluralName\":\"locales\",\"collectionName\":\"locales\",\"displayName\":\"Locale\",\"description\":\"\"},\"options\":{\"draftAndPublish\":false},\"pluginOptions\":{\"content-manager\":{\"visible\":false},\"content-type-builder\":{\"visible\":false}},\"attributes\":{\"name\":{\"type\":\"string\",\"min\":1,\"max\":50,\"configurable\":false},\"code\":{\"type\":\"string\",\"unique\":true,\"configurable\":false},\"createdAt\":{\"type\":\"datetime\"},\"updatedAt\":{\"type\":\"datetime\"},\"publishedAt\":{\"type\":\"datetime\",\"configurable\":false,\"writable\":true,\"visible\":false},\"createdBy\":{\"type\":\"relation\",\"relation\":\"oneToOne\",\"target\":\"admin::user\",\"configurable\":false,\"writable\":false,\"visible\":false,\"useJoinTable\":false,\"private\":true},\"updatedBy\":{\"type\":\"relation\",\"relation\":\"oneToOne\",\"target\":\"admin::user\",\"configurable\":false,\"writable\":false,\"visible\":false,\"useJoinTable\":false,\"private\":true},\"locale\":{\"writable\":true,\"private\":true,\"configurable\":false,\"visible\":false,\"type\":\"string\"},\"localizations\":{\"type\":\"relation\",\"relation\":\"oneToMany\",\"target\":\"plugin::i18n.locale\",\"writable\":false,\"private\":true,\"configurable\":false,\"visible\":false,\"unstable_virtual\":true,\"joinColumn\":{\"name\":\"document_id\",\"referencedColumn\":\"document_id\",\"referencedTable\":\"i18n_locale\"}}},\"plugin\":\"i18n\",\"collectionName\":\"i18n_locale\",\"globalId\":\"I18NLocale\",\"uid\":\"plugin::i18n.locale\",\"modelType\":\"contentType\",\"kind\":\"collectionType\",\"__schema__\":{\"collectionName\":\"i18n_locale\",\"info\":{\"singularName\":\"locale\",\"pluralName\":\"locales\",\"collectionName\":\"locales\",\"displayName\":\"Locale\",\"description\":\"\"},\"options\":{},\"pluginOptions\":{\"content-manager\":{\"visible\":false},\"content-type-builder\":{\"visible\":false}},\"attributes\":{\"name\":{\"type\":\"string\",\"min\":1,\"max\":50,\"configurable\":false},\"code\":{\"type\":\"string\",\"unique\":true,\"configurable\":false}},\"kind\":\"collectionType\"},\"modelName\":\"locale\"},\"plugin::content-releases.release\":{\"collectionName\":\"strapi_releases\",\"info\":{\"singularName\":\"release\",\"pluralName\":\"releases\",\"displayName\":\"Release\"},\"options\":{\"draftAndPublish\":false},\"pluginOptions\":{\"content-manager\":{\"visible\":false},\"content-type-builder\":{\"visible\":false}},\"attributes\":{\"name\":{\"type\":\"string\",\"required\":true},\"releasedAt\":{\"type\":\"datetime\"},\"scheduledAt\":{\"type\":\"datetime\"},\"timezone\":{\"type\":\"string\"},\"status\":{\"type\":\"enumeration\",\"enum\":[\"ready\",\"blocked\",\"failed\",\"done\",\"empty\"],\"required\":true},\"actions\":{\"type\":\"relation\",\"relation\":\"oneToMany\",\"target\":\"plugin::content-releases.release-action\",\"mappedBy\":\"release\"},\"createdAt\":{\"type\":\"datetime\"},\"updatedAt\":{\"type\":\"datetime\"},\"publishedAt\":{\"type\":\"datetime\",\"configurable\":false,\"writable\":true,\"visible\":false},\"createdBy\":{\"type\":\"relation\",\"relation\":\"oneToOne\",\"target\":\"admin::user\",\"configurable\":false,\"writable\":false,\"visible\":false,\"useJoinTable\":false,\"private\":true},\"updatedBy\":{\"type\":\"relation\",\"relation\":\"oneToOne\",\"target\":\"admin::user\",\"configurable\":false,\"writable\":false,\"visible\":false,\"useJoinTable\":false,\"private\":true},\"locale\":{\"writable\":true,\"private\":true,\"configurable\":false,\"visible\":false,\"type\":\"string\"},\"localizations\":{\"type\":\"relation\",\"relation\":\"oneToMany\",\"target\":\"plugin::content-releases.release\",\"writable\":false,\"private\":true,\"configurable\":false,\"visible\":false,\"unstable_virtual\":true,\"joinColumn\":{\"name\":\"document_id\",\"referencedColumn\":\"document_id\",\"referencedTable\":\"strapi_releases\"}}},\"plugin\":\"content-releases\",\"globalId\":\"ContentReleasesRelease\",\"uid\":\"plugin::content-releases.release\",\"modelType\":\"contentType\",\"kind\":\"collectionType\",\"__schema__\":{\"collectionName\":\"strapi_releases\",\"info\":{\"singularName\":\"release\",\"pluralName\":\"releases\",\"displayName\":\"Release\"},\"options\":{\"draftAndPublish\":false},\"pluginOptions\":{\"content-manager\":{\"visible\":false},\"content-type-builder\":{\"visible\":false}},\"attributes\":{\"name\":{\"type\":\"string\",\"required\":true},\"releasedAt\":{\"type\":\"datetime\"},\"scheduledAt\":{\"type\":\"datetime\"},\"timezone\":{\"type\":\"string\"},\"status\":{\"type\":\"enumeration\",\"enum\":[\"ready\",\"blocked\",\"failed\",\"done\",\"empty\"],\"required\":true},\"actions\":{\"type\":\"relation\",\"relation\":\"oneToMany\",\"target\":\"plugin::content-releases.release-action\",\"mappedBy\":\"release\"}},\"kind\":\"collectionType\"},\"modelName\":\"release\"},\"plugin::content-releases.release-action\":{\"collectionName\":\"strapi_release_actions\",\"info\":{\"singularName\":\"release-action\",\"pluralName\":\"release-actions\",\"displayName\":\"Release Action\"},\"options\":{\"draftAndPublish\":false},\"pluginOptions\":{\"content-manager\":{\"visible\":false},\"content-type-builder\":{\"visible\":false}},\"attributes\":{\"type\":{\"type\":\"enumeration\",\"enum\":[\"publish\",\"unpublish\"],\"required\":true},\"contentType\":{\"type\":\"string\",\"required\":true},\"entryDocumentId\":{\"type\":\"string\"},\"locale\":{\"writable\":true,\"private\":true,\"configurable\":false,\"visible\":false,\"type\":\"string\"},\"release\":{\"type\":\"relation\",\"relation\":\"manyToOne\",\"target\":\"plugin::content-releases.release\",\"inversedBy\":\"actions\"},\"isEntryValid\":{\"type\":\"boolean\"},\"createdAt\":{\"type\":\"datetime\"},\"updatedAt\":{\"type\":\"datetime\"},\"publishedAt\":{\"type\":\"datetime\",\"configurable\":false,\"writable\":true,\"visible\":false},\"createdBy\":{\"type\":\"relation\",\"relation\":\"oneToOne\",\"target\":\"admin::user\",\"configurable\":false,\"writable\":false,\"visible\":false,\"useJoinTable\":false,\"private\":true},\"updatedBy\":{\"type\":\"relation\",\"relation\":\"oneToOne\",\"target\":\"admin::user\",\"configurable\":false,\"writable\":false,\"visible\":false,\"useJoinTable\":false,\"private\":true},\"localizations\":{\"type\":\"relation\",\"relation\":\"oneToMany\",\"target\":\"plugin::content-releases.release-action\",\"writable\":false,\"private\":true,\"configurable\":false,\"visible\":false,\"unstable_virtual\":true,\"joinColumn\":{\"name\":\"document_id\",\"referencedColumn\":\"document_id\",\"referencedTable\":\"strapi_release_actions\"}}},\"plugin\":\"content-releases\",\"globalId\":\"ContentReleasesReleaseAction\",\"uid\":\"plugin::content-releases.release-action\",\"modelType\":\"contentType\",\"kind\":\"collectionType\",\"__schema__\":{\"collectionName\":\"strapi_release_actions\",\"info\":{\"singularName\":\"release-action\",\"pluralName\":\"release-actions\",\"displayName\":\"Release Action\"},\"options\":{\"draftAndPublish\":false},\"pluginOptions\":{\"content-manager\":{\"visible\":false},\"content-type-builder\":{\"visible\":false}},\"attributes\":{\"type\":{\"type\":\"enumeration\",\"enum\":[\"publish\",\"unpublish\"],\"required\":true},\"contentType\":{\"type\":\"string\",\"required\":true},\"entryDocumentId\":{\"type\":\"string\"},\"locale\":{\"type\":\"string\"},\"release\":{\"type\":\"relation\",\"relation\":\"manyToOne\",\"target\":\"plugin::content-releases.release\",\"inversedBy\":\"actions\"},\"isEntryValid\":{\"type\":\"boolean\"}},\"kind\":\"collectionType\"},\"modelName\":\"release-action\"},\"plugin::review-workflows.workflow\":{\"collectionName\":\"strapi_workflows\",\"info\":{\"name\":\"Workflow\",\"description\":\"\",\"singularName\":\"workflow\",\"pluralName\":\"workflows\",\"displayName\":\"Workflow\"},\"options\":{\"draftAndPublish\":false},\"pluginOptions\":{\"content-manager\":{\"visible\":false},\"content-type-builder\":{\"visible\":false}},\"attributes\":{\"name\":{\"type\":\"string\",\"required\":true,\"unique\":true},\"stages\":{\"type\":\"relation\",\"target\":\"plugin::review-workflows.workflow-stage\",\"relation\":\"oneToMany\",\"mappedBy\":\"workflow\"},\"stageRequiredToPublish\":{\"type\":\"relation\",\"target\":\"plugin::review-workflows.workflow-stage\",\"relation\":\"oneToOne\",\"required\":false},\"contentTypes\":{\"type\":\"json\",\"required\":true,\"default\":\"[]\"},\"createdAt\":{\"type\":\"datetime\"},\"updatedAt\":{\"type\":\"datetime\"},\"publishedAt\":{\"type\":\"datetime\",\"configurable\":false,\"writable\":true,\"visible\":false},\"createdBy\":{\"type\":\"relation\",\"relation\":\"oneToOne\",\"target\":\"admin::user\",\"configurable\":false,\"writable\":false,\"visible\":false,\"useJoinTable\":false,\"private\":true},\"updatedBy\":{\"type\":\"relation\",\"relation\":\"oneToOne\",\"target\":\"admin::user\",\"configurable\":false,\"writable\":false,\"visible\":false,\"useJoinTable\":false,\"private\":true},\"locale\":{\"writable\":true,\"private\":true,\"configurable\":false,\"visible\":false,\"type\":\"string\"},\"localizations\":{\"type\":\"relation\",\"relation\":\"oneToMany\",\"target\":\"plugin::review-workflows.workflow\",\"writable\":false,\"private\":true,\"configurable\":false,\"visible\":false,\"unstable_virtual\":true,\"joinColumn\":{\"name\":\"document_id\",\"referencedColumn\":\"document_id\",\"referencedTable\":\"strapi_workflows\"}}},\"plugin\":\"review-workflows\",\"globalId\":\"ReviewWorkflowsWorkflow\",\"uid\":\"plugin::review-workflows.workflow\",\"modelType\":\"contentType\",\"kind\":\"collectionType\",\"__schema__\":{\"collectionName\":\"strapi_workflows\",\"info\":{\"name\":\"Workflow\",\"description\":\"\",\"singularName\":\"workflow\",\"pluralName\":\"workflows\",\"displayName\":\"Workflow\"},\"options\":{},\"pluginOptions\":{\"content-manager\":{\"visible\":false},\"content-type-builder\":{\"visible\":false}},\"attributes\":{\"name\":{\"type\":\"string\",\"required\":true,\"unique\":true},\"stages\":{\"type\":\"relation\",\"target\":\"plugin::review-workflows.workflow-stage\",\"relation\":\"oneToMany\",\"mappedBy\":\"workflow\"},\"stageRequiredToPublish\":{\"type\":\"relation\",\"target\":\"plugin::review-workflows.workflow-stage\",\"relation\":\"oneToOne\",\"required\":false},\"contentTypes\":{\"type\":\"json\",\"required\":true,\"default\":\"[]\"}},\"kind\":\"collectionType\"},\"modelName\":\"workflow\"},\"plugin::review-workflows.workflow-stage\":{\"collectionName\":\"strapi_workflows_stages\",\"info\":{\"name\":\"Workflow Stage\",\"description\":\"\",\"singularName\":\"workflow-stage\",\"pluralName\":\"workflow-stages\",\"displayName\":\"Stages\"},\"options\":{\"version\":\"1.1.0\",\"draftAndPublish\":false},\"pluginOptions\":{\"content-manager\":{\"visible\":false},\"content-type-builder\":{\"visible\":false}},\"attributes\":{\"name\":{\"type\":\"string\",\"configurable\":false},\"color\":{\"type\":\"string\",\"configurable\":false,\"default\":\"#4945FF\"},\"workflow\":{\"type\":\"relation\",\"target\":\"plugin::review-workflows.workflow\",\"relation\":\"manyToOne\",\"inversedBy\":\"stages\",\"configurable\":false},\"permissions\":{\"type\":\"relation\",\"target\":\"admin::permission\",\"relation\":\"manyToMany\",\"configurable\":false},\"createdAt\":{\"type\":\"datetime\"},\"updatedAt\":{\"type\":\"datetime\"},\"publishedAt\":{\"type\":\"datetime\",\"configurable\":false,\"writable\":true,\"visible\":false},\"createdBy\":{\"type\":\"relation\",\"relation\":\"oneToOne\",\"target\":\"admin::user\",\"configurable\":false,\"writable\":false,\"visible\":false,\"useJoinTable\":false,\"private\":true},\"updatedBy\":{\"type\":\"relation\",\"relation\":\"oneToOne\",\"target\":\"admin::user\",\"configurable\":false,\"writable\":false,\"visible\":false,\"useJoinTable\":false,\"private\":true},\"locale\":{\"writable\":true,\"private\":true,\"configurable\":false,\"visible\":false,\"type\":\"string\"},\"localizations\":{\"type\":\"relation\",\"relation\":\"oneToMany\",\"target\":\"plugin::review-workflows.workflow-stage\",\"writable\":false,\"private\":true,\"configurable\":false,\"visible\":false,\"unstable_virtual\":true,\"joinColumn\":{\"name\":\"document_id\",\"referencedColumn\":\"document_id\",\"referencedTable\":\"strapi_workflows_stages\"}}},\"plugin\":\"review-workflows\",\"globalId\":\"ReviewWorkflowsWorkflowStage\",\"uid\":\"plugin::review-workflows.workflow-stage\",\"modelType\":\"contentType\",\"kind\":\"collectionType\",\"__schema__\":{\"collectionName\":\"strapi_workflows_stages\",\"info\":{\"name\":\"Workflow Stage\",\"description\":\"\",\"singularName\":\"workflow-stage\",\"pluralName\":\"workflow-stages\",\"displayName\":\"Stages\"},\"options\":{\"version\":\"1.1.0\"},\"pluginOptions\":{\"content-manager\":{\"visible\":false},\"content-type-builder\":{\"visible\":false}},\"attributes\":{\"name\":{\"type\":\"string\",\"configurable\":false},\"color\":{\"type\":\"string\",\"configurable\":false,\"default\":\"#4945FF\"},\"workflow\":{\"type\":\"relation\",\"target\":\"plugin::review-workflows.workflow\",\"relation\":\"manyToOne\",\"inversedBy\":\"stages\",\"configurable\":false},\"permissions\":{\"type\":\"relation\",\"target\":\"admin::permission\",\"relation\":\"manyToMany\",\"configurable\":false}},\"kind\":\"collectionType\"},\"modelName\":\"workflow-stage\"},\"plugin::users-permissions.permission\":{\"collectionName\":\"up_permissions\",\"info\":{\"name\":\"permission\",\"description\":\"\",\"singularName\":\"permission\",\"pluralName\":\"permissions\",\"displayName\":\"Permission\"},\"pluginOptions\":{\"content-manager\":{\"visible\":false},\"content-type-builder\":{\"visible\":false}},\"attributes\":{\"action\":{\"type\":\"string\",\"required\":true,\"configurable\":false},\"role\":{\"type\":\"relation\",\"relation\":\"manyToOne\",\"target\":\"plugin::users-permissions.role\",\"inversedBy\":\"permissions\",\"configurable\":false},\"createdAt\":{\"type\":\"datetime\"},\"updatedAt\":{\"type\":\"datetime\"},\"publishedAt\":{\"type\":\"datetime\",\"configurable\":false,\"writable\":true,\"visible\":false},\"createdBy\":{\"type\":\"relation\",\"relation\":\"oneToOne\",\"target\":\"admin::user\",\"configurable\":false,\"writable\":false,\"visible\":false,\"useJoinTable\":false,\"private\":true},\"updatedBy\":{\"type\":\"relation\",\"relation\":\"oneToOne\",\"target\":\"admin::user\",\"configurable\":false,\"writable\":false,\"visible\":false,\"useJoinTable\":false,\"private\":true},\"locale\":{\"writable\":true,\"private\":true,\"configurable\":false,\"visible\":false,\"type\":\"string\"},\"localizations\":{\"type\":\"relation\",\"relation\":\"oneToMany\",\"target\":\"plugin::users-permissions.permission\",\"writable\":false,\"private\":true,\"configurable\":false,\"visible\":false,\"unstable_virtual\":true,\"joinColumn\":{\"name\":\"document_id\",\"referencedColumn\":\"document_id\",\"referencedTable\":\"up_permissions\"}}},\"plugin\":\"users-permissions\",\"globalId\":\"UsersPermissionsPermission\",\"uid\":\"plugin::users-permissions.permission\",\"modelType\":\"contentType\",\"kind\":\"collectionType\",\"__schema__\":{\"collectionName\":\"up_permissions\",\"info\":{\"name\":\"permission\",\"description\":\"\",\"singularName\":\"permission\",\"pluralName\":\"permissions\",\"displayName\":\"Permission\"},\"pluginOptions\":{\"content-manager\":{\"visible\":false},\"content-type-builder\":{\"visible\":false}},\"attributes\":{\"action\":{\"type\":\"string\",\"required\":true,\"configurable\":false},\"role\":{\"type\":\"relation\",\"relation\":\"manyToOne\",\"target\":\"plugin::users-permissions.role\",\"inversedBy\":\"permissions\",\"configurable\":false}},\"kind\":\"collectionType\"},\"modelName\":\"permission\",\"options\":{\"draftAndPublish\":false}},\"plugin::users-permissions.role\":{\"collectionName\":\"up_roles\",\"info\":{\"name\":\"role\",\"description\":\"\",\"singularName\":\"role\",\"pluralName\":\"roles\",\"displayName\":\"Role\"},\"pluginOptions\":{\"content-manager\":{\"visible\":false},\"content-type-builder\":{\"visible\":false}},\"attributes\":{\"name\":{\"type\":\"string\",\"minLength\":3,\"required\":true,\"configurable\":false},\"description\":{\"type\":\"string\",\"configurable\":false},\"type\":{\"type\":\"string\",\"unique\":true,\"configurable\":false},\"permissions\":{\"type\":\"relation\",\"relation\":\"oneToMany\",\"target\":\"plugin::users-permissions.permission\",\"mappedBy\":\"role\",\"configurable\":false},\"users\":{\"type\":\"relation\",\"relation\":\"oneToMany\",\"target\":\"plugin::users-permissions.user\",\"mappedBy\":\"role\",\"configurable\":false},\"createdAt\":{\"type\":\"datetime\"},\"updatedAt\":{\"type\":\"datetime\"},\"publishedAt\":{\"type\":\"datetime\",\"configurable\":false,\"writable\":true,\"visible\":false},\"createdBy\":{\"type\":\"relation\",\"relation\":\"oneToOne\",\"target\":\"admin::user\",\"configurable\":false,\"writable\":false,\"visible\":false,\"useJoinTable\":false,\"private\":true},\"updatedBy\":{\"type\":\"relation\",\"relation\":\"oneToOne\",\"target\":\"admin::user\",\"configurable\":false,\"writable\":false,\"visible\":false,\"useJoinTable\":false,\"private\":true},\"locale\":{\"writable\":true,\"private\":true,\"configurable\":false,\"visible\":false,\"type\":\"string\"},\"localizations\":{\"type\":\"relation\",\"relation\":\"oneToMany\",\"target\":\"plugin::users-permissions.role\",\"writable\":false,\"private\":true,\"configurable\":false,\"visible\":false,\"unstable_virtual\":true,\"joinColumn\":{\"name\":\"document_id\",\"referencedColumn\":\"document_id\",\"referencedTable\":\"up_roles\"}}},\"plugin\":\"users-permissions\",\"globalId\":\"UsersPermissionsRole\",\"uid\":\"plugin::users-permissions.role\",\"modelType\":\"contentType\",\"kind\":\"collectionType\",\"__schema__\":{\"collectionName\":\"up_roles\",\"info\":{\"name\":\"role\",\"description\":\"\",\"singularName\":\"role\",\"pluralName\":\"roles\",\"displayName\":\"Role\"},\"pluginOptions\":{\"content-manager\":{\"visible\":false},\"content-type-builder\":{\"visible\":false}},\"attributes\":{\"name\":{\"type\":\"string\",\"minLength\":3,\"required\":true,\"configurable\":false},\"description\":{\"type\":\"string\",\"configurable\":false},\"type\":{\"type\":\"string\",\"unique\":true,\"configurable\":false},\"permissions\":{\"type\":\"relation\",\"relation\":\"oneToMany\",\"target\":\"plugin::users-permissions.permission\",\"mappedBy\":\"role\",\"configurable\":false},\"users\":{\"type\":\"relation\",\"relation\":\"oneToMany\",\"target\":\"plugin::users-permissions.user\",\"mappedBy\":\"role\",\"configurable\":false}},\"kind\":\"collectionType\"},\"modelName\":\"role\",\"options\":{\"draftAndPublish\":false}},\"plugin::users-permissions.user\":{\"collectionName\":\"up_users\",\"info\":{\"name\":\"user\",\"description\":\"\",\"singularName\":\"user\",\"pluralName\":\"users\",\"displayName\":\"User\"},\"options\":{\"timestamps\":true,\"draftAndPublish\":false},\"attributes\":{\"username\":{\"type\":\"string\",\"minLength\":3,\"unique\":true,\"configurable\":false,\"required\":true},\"email\":{\"type\":\"email\",\"minLength\":6,\"configurable\":false,\"required\":true},\"provider\":{\"type\":\"string\",\"configurable\":false},\"password\":{\"type\":\"password\",\"minLength\":6,\"configurable\":false,\"private\":true,\"searchable\":false},\"resetPasswordToken\":{\"type\":\"string\",\"configurable\":false,\"private\":true,\"searchable\":false},\"confirmationToken\":{\"type\":\"string\",\"configurable\":false,\"private\":true,\"searchable\":false},\"confirmed\":{\"type\":\"boolean\",\"default\":false,\"configurable\":false},\"blocked\":{\"type\":\"boolean\",\"default\":false,\"configurable\":false},\"role\":{\"type\":\"relation\",\"relation\":\"manyToOne\",\"target\":\"plugin::users-permissions.role\",\"inversedBy\":\"users\",\"configurable\":false},\"createdAt\":{\"type\":\"datetime\"},\"updatedAt\":{\"type\":\"datetime\"},\"publishedAt\":{\"type\":\"datetime\",\"configurable\":false,\"writable\":true,\"visible\":false},\"createdBy\":{\"type\":\"relation\",\"relation\":\"oneToOne\",\"target\":\"admin::user\",\"configurable\":false,\"writable\":false,\"visible\":false,\"useJoinTable\":false,\"private\":true},\"updatedBy\":{\"type\":\"relation\",\"relation\":\"oneToOne\",\"target\":\"admin::user\",\"configurable\":false,\"writable\":false,\"visible\":false,\"useJoinTable\":false,\"private\":true},\"locale\":{\"writable\":true,\"private\":true,\"configurable\":false,\"visible\":false,\"type\":\"string\"},\"localizations\":{\"type\":\"relation\",\"relation\":\"oneToMany\",\"target\":\"plugin::users-permissions.user\",\"writable\":false,\"private\":true,\"configurable\":false,\"visible\":false,\"unstable_virtual\":true,\"joinColumn\":{\"name\":\"document_id\",\"referencedColumn\":\"document_id\",\"referencedTable\":\"up_users\"}}},\"config\":{\"attributes\":{\"resetPasswordToken\":{\"hidden\":true},\"confirmationToken\":{\"hidden\":true},\"provider\":{\"hidden\":true}}},\"plugin\":\"users-permissions\",\"globalId\":\"UsersPermissionsUser\",\"uid\":\"plugin::users-permissions.user\",\"modelType\":\"contentType\",\"kind\":\"collectionType\",\"__schema__\":{\"collectionName\":\"up_users\",\"info\":{\"name\":\"user\",\"description\":\"\",\"singularName\":\"user\",\"pluralName\":\"users\",\"displayName\":\"User\"},\"options\":{\"timestamps\":true},\"attributes\":{\"username\":{\"type\":\"string\",\"minLength\":3,\"unique\":true,\"configurable\":false,\"required\":true},\"email\":{\"type\":\"email\",\"minLength\":6,\"configurable\":false,\"required\":true},\"provider\":{\"type\":\"string\",\"configurable\":false},\"password\":{\"type\":\"password\",\"minLength\":6,\"configurable\":false,\"private\":true,\"searchable\":false},\"resetPasswordToken\":{\"type\":\"string\",\"configurable\":false,\"private\":true,\"searchable\":false},\"confirmationToken\":{\"type\":\"string\",\"configurable\":false,\"private\":true,\"searchable\":false},\"confirmed\":{\"type\":\"boolean\",\"default\":false,\"configurable\":false},\"blocked\":{\"type\":\"boolean\",\"default\":false,\"configurable\":false},\"role\":{\"type\":\"relation\",\"relation\":\"manyToOne\",\"target\":\"plugin::users-permissions.role\",\"inversedBy\":\"users\",\"configurable\":false}},\"kind\":\"collectionType\"},\"modelName\":\"user\"},\"api::about.about\":{\"kind\":\"singleType\",\"collectionName\":\"abouts\",\"info\":{\"singularName\":\"about\",\"pluralName\":\"abouts\",\"displayName\":\"About\",\"description\":\"Write about yourself and the content you create\"},\"options\":{\"draftAndPublish\":false},\"pluginOptions\":{},\"attributes\":{\"title\":{\"type\":\"string\"},\"blocks\":{\"type\":\"dynamiczone\",\"components\":[\"shared.media\",\"shared.quote\",\"shared.rich-text\",\"shared.slider\"]},\"createdAt\":{\"type\":\"datetime\"},\"updatedAt\":{\"type\":\"datetime\"},\"publishedAt\":{\"type\":\"datetime\",\"configurable\":false,\"writable\":true,\"visible\":false},\"createdBy\":{\"type\":\"relation\",\"relation\":\"oneToOne\",\"target\":\"admin::user\",\"configurable\":false,\"writable\":false,\"visible\":false,\"useJoinTable\":false,\"private\":true},\"updatedBy\":{\"type\":\"relation\",\"relation\":\"oneToOne\",\"target\":\"admin::user\",\"configurable\":false,\"writable\":false,\"visible\":false,\"useJoinTable\":false,\"private\":true},\"locale\":{\"writable\":true,\"private\":true,\"configurable\":false,\"visible\":false,\"type\":\"string\"},\"localizations\":{\"type\":\"relation\",\"relation\":\"oneToMany\",\"target\":\"api::about.about\",\"writable\":false,\"private\":true,\"configurable\":false,\"visible\":false,\"unstable_virtual\":true,\"joinColumn\":{\"name\":\"document_id\",\"referencedColumn\":\"document_id\",\"referencedTable\":\"abouts\"}}},\"apiName\":\"about\",\"globalId\":\"About\",\"uid\":\"api::about.about\",\"modelType\":\"contentType\",\"__schema__\":{\"collectionName\":\"abouts\",\"info\":{\"singularName\":\"about\",\"pluralName\":\"abouts\",\"displayName\":\"About\",\"description\":\"Write about yourself and the content you create\"},\"options\":{\"draftAndPublish\":false},\"pluginOptions\":{},\"attributes\":{\"title\":{\"type\":\"string\"},\"blocks\":{\"type\":\"dynamiczone\",\"components\":[\"shared.media\",\"shared.quote\",\"shared.rich-text\",\"shared.slider\"]}},\"kind\":\"singleType\"},\"modelName\":\"about\",\"actions\":{},\"lifecycles\":{}},\"api::article.article\":{\"kind\":\"collectionType\",\"collectionName\":\"articles\",\"info\":{\"singularName\":\"article\",\"pluralName\":\"articles\",\"displayName\":\"Article\",\"description\":\"Create your blog content\"},\"options\":{\"draftAndPublish\":true},\"pluginOptions\":{},\"attributes\":{\"title\":{\"type\":\"string\"},\"description\":{\"type\":\"text\",\"maxLength\":80},\"slug\":{\"type\":\"uid\",\"targetField\":\"title\"},\"cover\":{\"type\":\"media\",\"multiple\":false,\"required\":false,\"allowedTypes\":[\"images\",\"files\",\"videos\"]},\"author\":{\"type\":\"relation\",\"relation\":\"manyToOne\",\"target\":\"api::author.author\",\"inversedBy\":\"articles\"},\"category\":{\"type\":\"relation\",\"relation\":\"manyToOne\",\"target\":\"api::category.category\",\"inversedBy\":\"articles\"},\"blocks\":{\"type\":\"dynamiczone\",\"components\":[\"shared.media\",\"shared.quote\",\"shared.rich-text\",\"shared.slider\"]},\"createdAt\":{\"type\":\"datetime\"},\"updatedAt\":{\"type\":\"datetime\"},\"publishedAt\":{\"type\":\"datetime\",\"configurable\":false,\"writable\":true,\"visible\":false},\"createdBy\":{\"type\":\"relation\",\"relation\":\"oneToOne\",\"target\":\"admin::user\",\"configurable\":false,\"writable\":false,\"visible\":false,\"useJoinTable\":false,\"private\":true},\"updatedBy\":{\"type\":\"relation\",\"relation\":\"oneToOne\",\"target\":\"admin::user\",\"configurable\":false,\"writable\":false,\"visible\":false,\"useJoinTable\":false,\"private\":true},\"locale\":{\"writable\":true,\"private\":true,\"configurable\":false,\"visible\":false,\"type\":\"string\"},\"localizations\":{\"type\":\"relation\",\"relation\":\"oneToMany\",\"target\":\"api::article.article\",\"writable\":false,\"private\":true,\"configurable\":false,\"visible\":false,\"unstable_virtual\":true,\"joinColumn\":{\"name\":\"document_id\",\"referencedColumn\":\"document_id\",\"referencedTable\":\"articles\"}}},\"apiName\":\"article\",\"globalId\":\"Article\",\"uid\":\"api::article.article\",\"modelType\":\"contentType\",\"__schema__\":{\"collectionName\":\"articles\",\"info\":{\"singularName\":\"article\",\"pluralName\":\"articles\",\"displayName\":\"Article\",\"description\":\"Create your blog content\"},\"options\":{\"draftAndPublish\":true},\"pluginOptions\":{},\"attributes\":{\"title\":{\"type\":\"string\"},\"description\":{\"type\":\"text\",\"maxLength\":80},\"slug\":{\"type\":\"uid\",\"targetField\":\"title\"},\"cover\":{\"type\":\"media\",\"multiple\":false,\"required\":false,\"allowedTypes\":[\"images\",\"files\",\"videos\"]},\"author\":{\"type\":\"relation\",\"relation\":\"manyToOne\",\"target\":\"api::author.author\",\"inversedBy\":\"articles\"},\"category\":{\"type\":\"relation\",\"relation\":\"manyToOne\",\"target\":\"api::category.category\",\"inversedBy\":\"articles\"},\"blocks\":{\"type\":\"dynamiczone\",\"components\":[\"shared.media\",\"shared.quote\",\"shared.rich-text\",\"shared.slider\"]}},\"kind\":\"collectionType\"},\"modelName\":\"article\",\"actions\":{},\"lifecycles\":{}},\"api::author.author\":{\"kind\":\"collectionType\",\"collectionName\":\"authors\",\"info\":{\"singularName\":\"author\",\"pluralName\":\"authors\",\"displayName\":\"Author\",\"description\":\"Create authors for your content\"},\"options\":{\"draftAndPublish\":false},\"pluginOptions\":{},\"attributes\":{\"name\":{\"type\":\"string\"},\"avatar\":{\"type\":\"media\",\"multiple\":false,\"required\":false,\"allowedTypes\":[\"images\",\"files\",\"videos\"]},\"email\":{\"type\":\"string\"},\"articles\":{\"type\":\"relation\",\"relation\":\"oneToMany\",\"target\":\"api::article.article\",\"mappedBy\":\"author\"},\"blogImage\":{\"allowedTypes\":[\"images\",\"files\",\"videos\",\"audios\"],\"type\":\"media\",\"multiple\":false},\"createdAt\":{\"type\":\"datetime\"},\"updatedAt\":{\"type\":\"datetime\"},\"publishedAt\":{\"type\":\"datetime\",\"configurable\":false,\"writable\":true,\"visible\":false},\"createdBy\":{\"type\":\"relation\",\"relation\":\"oneToOne\",\"target\":\"admin::user\",\"configurable\":false,\"writable\":false,\"visible\":false,\"useJoinTable\":false,\"private\":true},\"updatedBy\":{\"type\":\"relation\",\"relation\":\"oneToOne\",\"target\":\"admin::user\",\"configurable\":false,\"writable\":false,\"visible\":false,\"useJoinTable\":false,\"private\":true},\"locale\":{\"writable\":true,\"private\":true,\"configurable\":false,\"visible\":false,\"type\":\"string\"},\"localizations\":{\"type\":\"relation\",\"relation\":\"oneToMany\",\"target\":\"api::author.author\",\"writable\":false,\"private\":true,\"configurable\":false,\"visible\":false,\"unstable_virtual\":true,\"joinColumn\":{\"name\":\"document_id\",\"referencedColumn\":\"document_id\",\"referencedTable\":\"authors\"}}},\"apiName\":\"author\",\"globalId\":\"Author\",\"uid\":\"api::author.author\",\"modelType\":\"contentType\",\"__schema__\":{\"collectionName\":\"authors\",\"info\":{\"singularName\":\"author\",\"pluralName\":\"authors\",\"displayName\":\"Author\",\"description\":\"Create authors for your content\"},\"options\":{\"draftAndPublish\":false},\"pluginOptions\":{},\"attributes\":{\"name\":{\"type\":\"string\"},\"avatar\":{\"type\":\"media\",\"multiple\":false,\"required\":false,\"allowedTypes\":[\"images\",\"files\",\"videos\"]},\"email\":{\"type\":\"string\"},\"articles\":{\"type\":\"relation\",\"relation\":\"oneToMany\",\"target\":\"api::article.article\",\"mappedBy\":\"author\"},\"blogImage\":{\"allowedTypes\":[\"images\",\"files\",\"videos\",\"audios\"],\"type\":\"media\",\"multiple\":false}},\"kind\":\"collectionType\"},\"modelName\":\"author\",\"actions\":{},\"lifecycles\":{}},\"api::blog.blog\":{\"kind\":\"collectionType\",\"collectionName\":\"blogs\",\"info\":{\"singularName\":\"blog\",\"pluralName\":\"blogs\",\"displayName\":\"Blog\",\"description\":\"\"},\"options\":{\"draftAndPublish\":true},\"pluginOptions\":{},\"attributes\":{\"title\":{\"type\":\"string\"},\"desc\":{\"type\":\"text\"},\"date\":{\"type\":\"string\"},\"publishDate\":{\"type\":\"string\"},\"month\":{\"type\":\"string\"},\"author\":{\"type\":\"relation\",\"relation\":\"oneToOne\",\"target\":\"api::author.author\"},\"blogImage\":{\"allowedTypes\":[\"images\",\"files\",\"videos\",\"audios\"],\"type\":\"media\",\"multiple\":false},\"createdAt\":{\"type\":\"datetime\"},\"updatedAt\":{\"type\":\"datetime\"},\"publishedAt\":{\"type\":\"datetime\",\"configurable\":false,\"writable\":true,\"visible\":false},\"createdBy\":{\"type\":\"relation\",\"relation\":\"oneToOne\",\"target\":\"admin::user\",\"configurable\":false,\"writable\":false,\"visible\":false,\"useJoinTable\":false,\"private\":true},\"updatedBy\":{\"type\":\"relation\",\"relation\":\"oneToOne\",\"target\":\"admin::user\",\"configurable\":false,\"writable\":false,\"visible\":false,\"useJoinTable\":false,\"private\":true},\"locale\":{\"writable\":true,\"private\":true,\"configurable\":false,\"visible\":false,\"type\":\"string\"},\"localizations\":{\"type\":\"relation\",\"relation\":\"oneToMany\",\"target\":\"api::blog.blog\",\"writable\":false,\"private\":true,\"configurable\":false,\"visible\":false,\"unstable_virtual\":true,\"joinColumn\":{\"name\":\"document_id\",\"referencedColumn\":\"document_id\",\"referencedTable\":\"blogs\"}}},\"apiName\":\"blog\",\"globalId\":\"Blog\",\"uid\":\"api::blog.blog\",\"modelType\":\"contentType\",\"__schema__\":{\"collectionName\":\"blogs\",\"info\":{\"singularName\":\"blog\",\"pluralName\":\"blogs\",\"displayName\":\"Blog\",\"description\":\"\"},\"options\":{\"draftAndPublish\":true},\"pluginOptions\":{},\"attributes\":{\"title\":{\"type\":\"string\"},\"desc\":{\"type\":\"text\"},\"date\":{\"type\":\"string\"},\"publishDate\":{\"type\":\"string\"},\"month\":{\"type\":\"string\"},\"author\":{\"type\":\"relation\",\"relation\":\"oneToOne\",\"target\":\"api::author.author\"},\"blogImage\":{\"allowedTypes\":[\"images\",\"files\",\"videos\",\"audios\"],\"type\":\"media\",\"multiple\":false}},\"kind\":\"collectionType\"},\"modelName\":\"blog\",\"actions\":{},\"lifecycles\":{}},\"api::category.category\":{\"kind\":\"collectionType\",\"collectionName\":\"categories\",\"info\":{\"singularName\":\"category\",\"pluralName\":\"categories\",\"displayName\":\"Category\",\"description\":\"Organize your content into categories\"},\"options\":{\"draftAndPublish\":false},\"pluginOptions\":{},\"attributes\":{\"name\":{\"type\":\"string\"},\"slug\":{\"type\":\"uid\"},\"articles\":{\"type\":\"relation\",\"relation\":\"oneToMany\",\"target\":\"api::article.article\",\"mappedBy\":\"category\"},\"description\":{\"type\":\"text\"},\"createdAt\":{\"type\":\"datetime\"},\"updatedAt\":{\"type\":\"datetime\"},\"publishedAt\":{\"type\":\"datetime\",\"configurable\":false,\"writable\":true,\"visible\":false},\"createdBy\":{\"type\":\"relation\",\"relation\":\"oneToOne\",\"target\":\"admin::user\",\"configurable\":false,\"writable\":false,\"visible\":false,\"useJoinTable\":false,\"private\":true},\"updatedBy\":{\"type\":\"relation\",\"relation\":\"oneToOne\",\"target\":\"admin::user\",\"configurable\":false,\"writable\":false,\"visible\":false,\"useJoinTable\":false,\"private\":true},\"locale\":{\"writable\":true,\"private\":true,\"configurable\":false,\"visible\":false,\"type\":\"string\"},\"localizations\":{\"type\":\"relation\",\"relation\":\"oneToMany\",\"target\":\"api::category.category\",\"writable\":false,\"private\":true,\"configurable\":false,\"visible\":false,\"unstable_virtual\":true,\"joinColumn\":{\"name\":\"document_id\",\"referencedColumn\":\"document_id\",\"referencedTable\":\"categories\"}}},\"apiName\":\"category\",\"globalId\":\"Category\",\"uid\":\"api::category.category\",\"modelType\":\"contentType\",\"__schema__\":{\"collectionName\":\"categories\",\"info\":{\"singularName\":\"category\",\"pluralName\":\"categories\",\"displayName\":\"Category\",\"description\":\"Organize your content into categories\"},\"options\":{\"draftAndPublish\":false},\"pluginOptions\":{},\"attributes\":{\"name\":{\"type\":\"string\"},\"slug\":{\"type\":\"uid\"},\"articles\":{\"type\":\"relation\",\"relation\":\"oneToMany\",\"target\":\"api::article.article\",\"mappedBy\":\"category\"},\"description\":{\"type\":\"text\"}},\"kind\":\"collectionType\"},\"modelName\":\"category\",\"actions\":{},\"lifecycles\":{}},\"api::course.course\":{\"kind\":\"collectionType\",\"collectionName\":\"courses\",\"info\":{\"singularName\":\"course\",\"pluralName\":\"courses\",\"displayName\":\"Course\"},\"options\":{\"draftAndPublish\":true},\"pluginOptions\":{},\"attributes\":{\"title\":{\"type\":\"string\",\"required\":true},\"lesson\":{\"type\":\"string\"},\"duration\":{\"type\":\"string\"},\"featured\":{\"type\":\"boolean\"},\"price\":{\"type\":\"integer\"},\"isFree\":{\"type\":\"boolean\"},\"tag\":{\"type\":\"string\"},\"skillLevel\":{\"type\":\"string\"},\"categories\":{\"type\":\"string\"},\"date\":{\"type\":\"date\"},\"insName\":{\"type\":\"string\"},\"imageUrl\":{\"allowedTypes\":[\"images\",\"files\",\"videos\",\"audios\"],\"type\":\"media\",\"multiple\":false},\"createdAt\":{\"type\":\"datetime\"},\"updatedAt\":{\"type\":\"datetime\"},\"publishedAt\":{\"type\":\"datetime\",\"configurable\":false,\"writable\":true,\"visible\":false},\"createdBy\":{\"type\":\"relation\",\"relation\":\"oneToOne\",\"target\":\"admin::user\",\"configurable\":false,\"writable\":false,\"visible\":false,\"useJoinTable\":false,\"private\":true},\"updatedBy\":{\"type\":\"relation\",\"relation\":\"oneToOne\",\"target\":\"admin::user\",\"configurable\":false,\"writable\":false,\"visible\":false,\"useJoinTable\":false,\"private\":true},\"locale\":{\"writable\":true,\"private\":true,\"configurable\":false,\"visible\":false,\"type\":\"string\"},\"localizations\":{\"type\":\"relation\",\"relation\":\"oneToMany\",\"target\":\"api::course.course\",\"writable\":false,\"private\":true,\"configurable\":false,\"visible\":false,\"unstable_virtual\":true,\"joinColumn\":{\"name\":\"document_id\",\"referencedColumn\":\"document_id\",\"referencedTable\":\"courses\"}}},\"apiName\":\"course\",\"globalId\":\"Course\",\"uid\":\"api::course.course\",\"modelType\":\"contentType\",\"__schema__\":{\"collectionName\":\"courses\",\"info\":{\"singularName\":\"course\",\"pluralName\":\"courses\",\"displayName\":\"Course\"},\"options\":{\"draftAndPublish\":true},\"pluginOptions\":{},\"attributes\":{\"title\":{\"type\":\"string\",\"required\":true},\"lesson\":{\"type\":\"string\"},\"duration\":{\"type\":\"string\"},\"featured\":{\"type\":\"boolean\"},\"price\":{\"type\":\"integer\"},\"isFree\":{\"type\":\"boolean\"},\"tag\":{\"type\":\"string\"},\"skillLevel\":{\"type\":\"string\"},\"categories\":{\"type\":\"string\"},\"date\":{\"type\":\"date\"},\"insName\":{\"type\":\"string\"},\"imageUrl\":{\"allowedTypes\":[\"images\",\"files\",\"videos\",\"audios\"],\"type\":\"media\",\"multiple\":false}},\"kind\":\"collectionType\"},\"modelName\":\"course\",\"actions\":{},\"lifecycles\":{}},\"api::global.global\":{\"kind\":\"singleType\",\"collectionName\":\"globals\",\"info\":{\"singularName\":\"global\",\"pluralName\":\"globals\",\"displayName\":\"Global\",\"description\":\"Define global settings\"},\"options\":{\"draftAndPublish\":false},\"pluginOptions\":{},\"attributes\":{\"siteName\":{\"type\":\"string\",\"required\":true},\"favicon\":{\"type\":\"media\",\"multiple\":false,\"required\":false,\"allowedTypes\":[\"images\",\"files\",\"videos\"]},\"siteDescription\":{\"type\":\"text\",\"required\":true},\"defaultSeo\":{\"type\":\"component\",\"repeatable\":false,\"component\":\"shared.seo\"},\"createdAt\":{\"type\":\"datetime\"},\"updatedAt\":{\"type\":\"datetime\"},\"publishedAt\":{\"type\":\"datetime\",\"configurable\":false,\"writable\":true,\"visible\":false},\"createdBy\":{\"type\":\"relation\",\"relation\":\"oneToOne\",\"target\":\"admin::user\",\"configurable\":false,\"writable\":false,\"visible\":false,\"useJoinTable\":false,\"private\":true},\"updatedBy\":{\"type\":\"relation\",\"relation\":\"oneToOne\",\"target\":\"admin::user\",\"configurable\":false,\"writable\":false,\"visible\":false,\"useJoinTable\":false,\"private\":true},\"locale\":{\"writable\":true,\"private\":true,\"configurable\":false,\"visible\":false,\"type\":\"string\"},\"localizations\":{\"type\":\"relation\",\"relation\":\"oneToMany\",\"target\":\"api::global.global\",\"writable\":false,\"private\":true,\"configurable\":false,\"visible\":false,\"unstable_virtual\":true,\"joinColumn\":{\"name\":\"document_id\",\"referencedColumn\":\"document_id\",\"referencedTable\":\"globals\"}}},\"apiName\":\"global\",\"globalId\":\"Global\",\"uid\":\"api::global.global\",\"modelType\":\"contentType\",\"__schema__\":{\"collectionName\":\"globals\",\"info\":{\"singularName\":\"global\",\"pluralName\":\"globals\",\"displayName\":\"Global\",\"description\":\"Define global settings\"},\"options\":{\"draftAndPublish\":false},\"pluginOptions\":{},\"attributes\":{\"siteName\":{\"type\":\"string\",\"required\":true},\"favicon\":{\"type\":\"media\",\"multiple\":false,\"required\":false,\"allowedTypes\":[\"images\",\"files\",\"videos\"]},\"siteDescription\":{\"type\":\"text\",\"required\":true},\"defaultSeo\":{\"type\":\"component\",\"repeatable\":false,\"component\":\"shared.seo\"}},\"kind\":\"singleType\"},\"modelName\":\"global\",\"actions\":{},\"lifecycles\":{}},\"admin::permission\":{\"collectionName\":\"admin_permissions\",\"info\":{\"name\":\"Permission\",\"description\":\"\",\"singularName\":\"permission\",\"pluralName\":\"permissions\",\"displayName\":\"Permission\"},\"options\":{\"draftAndPublish\":false},\"pluginOptions\":{\"content-manager\":{\"visible\":false},\"content-type-builder\":{\"visible\":false}},\"attributes\":{\"action\":{\"type\":\"string\",\"minLength\":1,\"configurable\":false,\"required\":true},\"actionParameters\":{\"type\":\"json\",\"configurable\":false,\"required\":false,\"default\":{}},\"subject\":{\"type\":\"string\",\"minLength\":1,\"configurable\":false,\"required\":false},\"properties\":{\"type\":\"json\",\"configurable\":false,\"required\":false,\"default\":{}},\"conditions\":{\"type\":\"json\",\"configurable\":false,\"required\":false,\"default\":[]},\"role\":{\"configurable\":false,\"type\":\"relation\",\"relation\":\"manyToOne\",\"inversedBy\":\"permissions\",\"target\":\"admin::role\"},\"createdAt\":{\"type\":\"datetime\"},\"updatedAt\":{\"type\":\"datetime\"},\"publishedAt\":{\"type\":\"datetime\",\"configurable\":false,\"writable\":true,\"visible\":false},\"createdBy\":{\"type\":\"relation\",\"relation\":\"oneToOne\",\"target\":\"admin::user\",\"configurable\":false,\"writable\":false,\"visible\":false,\"useJoinTable\":false,\"private\":true},\"updatedBy\":{\"type\":\"relation\",\"relation\":\"oneToOne\",\"target\":\"admin::user\",\"configurable\":false,\"writable\":false,\"visible\":false,\"useJoinTable\":false,\"private\":true},\"locale\":{\"writable\":true,\"private\":true,\"configurable\":false,\"visible\":false,\"type\":\"string\"},\"localizations\":{\"type\":\"relation\",\"relation\":\"oneToMany\",\"target\":\"admin::permission\",\"writable\":false,\"private\":true,\"configurable\":false,\"visible\":false,\"unstable_virtual\":true,\"joinColumn\":{\"name\":\"document_id\",\"referencedColumn\":\"document_id\",\"referencedTable\":\"admin_permissions\"}}},\"plugin\":\"admin\",\"globalId\":\"AdminPermission\",\"uid\":\"admin::permission\",\"modelType\":\"contentType\",\"kind\":\"collectionType\",\"__schema__\":{\"collectionName\":\"admin_permissions\",\"info\":{\"name\":\"Permission\",\"description\":\"\",\"singularName\":\"permission\",\"pluralName\":\"permissions\",\"displayName\":\"Permission\"},\"options\":{},\"pluginOptions\":{\"content-manager\":{\"visible\":false},\"content-type-builder\":{\"visible\":false}},\"attributes\":{\"action\":{\"type\":\"string\",\"minLength\":1,\"configurable\":false,\"required\":true},\"actionParameters\":{\"type\":\"json\",\"configurable\":false,\"required\":false,\"default\":{}},\"subject\":{\"type\":\"string\",\"minLength\":1,\"configurable\":false,\"required\":false},\"properties\":{\"type\":\"json\",\"configurable\":false,\"required\":false,\"default\":{}},\"conditions\":{\"type\":\"json\",\"configurable\":false,\"required\":false,\"default\":[]},\"role\":{\"configurable\":false,\"type\":\"relation\",\"relation\":\"manyToOne\",\"inversedBy\":\"permissions\",\"target\":\"admin::role\"}},\"kind\":\"collectionType\"},\"modelName\":\"permission\"},\"admin::user\":{\"collectionName\":\"admin_users\",\"info\":{\"name\":\"User\",\"description\":\"\",\"singularName\":\"user\",\"pluralName\":\"users\",\"displayName\":\"User\"},\"pluginOptions\":{\"content-manager\":{\"visible\":false},\"content-type-builder\":{\"visible\":false}},\"attributes\":{\"firstname\":{\"type\":\"string\",\"unique\":false,\"minLength\":1,\"configurable\":false,\"required\":false},\"lastname\":{\"type\":\"string\",\"unique\":false,\"minLength\":1,\"configurable\":false,\"required\":false},\"username\":{\"type\":\"string\",\"unique\":false,\"configurable\":false,\"required\":false},\"email\":{\"type\":\"email\",\"minLength\":6,\"configurable\":false,\"required\":true,\"unique\":true,\"private\":true},\"password\":{\"type\":\"password\",\"minLength\":6,\"configurable\":false,\"required\":false,\"private\":true,\"searchable\":false},\"resetPasswordToken\":{\"type\":\"string\",\"configurable\":false,\"private\":true,\"searchable\":false},\"registrationToken\":{\"type\":\"string\",\"configurable\":false,\"private\":true,\"searchable\":false},\"isActive\":{\"type\":\"boolean\",\"default\":false,\"configurable\":false,\"private\":true},\"roles\":{\"configurable\":false,\"private\":true,\"type\":\"relation\",\"relation\":\"manyToMany\",\"inversedBy\":\"users\",\"target\":\"admin::role\",\"collectionName\":\"strapi_users_roles\"},\"blocked\":{\"type\":\"boolean\",\"default\":false,\"configurable\":false,\"private\":true},\"preferedLanguage\":{\"type\":\"string\",\"configurable\":false,\"required\":false,\"searchable\":false},\"createdAt\":{\"type\":\"datetime\"},\"updatedAt\":{\"type\":\"datetime\"},\"publishedAt\":{\"type\":\"datetime\",\"configurable\":false,\"writable\":true,\"visible\":false},\"createdBy\":{\"type\":\"relation\",\"relation\":\"oneToOne\",\"target\":\"admin::user\",\"configurable\":false,\"writable\":false,\"visible\":false,\"useJoinTable\":false,\"private\":true},\"updatedBy\":{\"type\":\"relation\",\"relation\":\"oneToOne\",\"target\":\"admin::user\",\"configurable\":false,\"writable\":false,\"visible\":false,\"useJoinTable\":false,\"private\":true},\"locale\":{\"writable\":true,\"private\":true,\"configurable\":false,\"visible\":false,\"type\":\"string\"},\"localizations\":{\"type\":\"relation\",\"relation\":\"oneToMany\",\"target\":\"admin::user\",\"writable\":false,\"private\":true,\"configurable\":false,\"visible\":false,\"unstable_virtual\":true,\"joinColumn\":{\"name\":\"document_id\",\"referencedColumn\":\"document_id\",\"referencedTable\":\"admin_users\"}}},\"config\":{\"attributes\":{\"resetPasswordToken\":{\"hidden\":true},\"registrationToken\":{\"hidden\":true}}},\"plugin\":\"admin\",\"globalId\":\"AdminUser\",\"uid\":\"admin::user\",\"modelType\":\"contentType\",\"kind\":\"collectionType\",\"__schema__\":{\"collectionName\":\"admin_users\",\"info\":{\"name\":\"User\",\"description\":\"\",\"singularName\":\"user\",\"pluralName\":\"users\",\"displayName\":\"User\"},\"pluginOptions\":{\"content-manager\":{\"visible\":false},\"content-type-builder\":{\"visible\":false}},\"attributes\":{\"firstname\":{\"type\":\"string\",\"unique\":false,\"minLength\":1,\"configurable\":false,\"required\":false},\"lastname\":{\"type\":\"string\",\"unique\":false,\"minLength\":1,\"configurable\":false,\"required\":false},\"username\":{\"type\":\"string\",\"unique\":false,\"configurable\":false,\"required\":false},\"email\":{\"type\":\"email\",\"minLength\":6,\"configurable\":false,\"required\":true,\"unique\":true,\"private\":true},\"password\":{\"type\":\"password\",\"minLength\":6,\"configurable\":false,\"required\":false,\"private\":true,\"searchable\":false},\"resetPasswordToken\":{\"type\":\"string\",\"configurable\":false,\"private\":true,\"searchable\":false},\"registrationToken\":{\"type\":\"string\",\"configurable\":false,\"private\":true,\"searchable\":false},\"isActive\":{\"type\":\"boolean\",\"default\":false,\"configurable\":false,\"private\":true},\"roles\":{\"configurable\":false,\"private\":true,\"type\":\"relation\",\"relation\":\"manyToMany\",\"inversedBy\":\"users\",\"target\":\"admin::role\",\"collectionName\":\"strapi_users_roles\"},\"blocked\":{\"type\":\"boolean\",\"default\":false,\"configurable\":false,\"private\":true},\"preferedLanguage\":{\"type\":\"string\",\"configurable\":false,\"required\":false,\"searchable\":false}},\"kind\":\"collectionType\"},\"modelName\":\"user\",\"options\":{\"draftAndPublish\":false}},\"admin::role\":{\"collectionName\":\"admin_roles\",\"info\":{\"name\":\"Role\",\"description\":\"\",\"singularName\":\"role\",\"pluralName\":\"roles\",\"displayName\":\"Role\"},\"options\":{\"draftAndPublish\":false},\"pluginOptions\":{\"content-manager\":{\"visible\":false},\"content-type-builder\":{\"visible\":false}},\"attributes\":{\"name\":{\"type\":\"string\",\"minLength\":1,\"unique\":true,\"configurable\":false,\"required\":true},\"code\":{\"type\":\"string\",\"minLength\":1,\"unique\":true,\"configurable\":false,\"required\":true},\"description\":{\"type\":\"string\",\"configurable\":false},\"users\":{\"configurable\":false,\"type\":\"relation\",\"relation\":\"manyToMany\",\"mappedBy\":\"roles\",\"target\":\"admin::user\"},\"permissions\":{\"configurable\":false,\"type\":\"relation\",\"relation\":\"oneToMany\",\"mappedBy\":\"role\",\"target\":\"admin::permission\"},\"createdAt\":{\"type\":\"datetime\"},\"updatedAt\":{\"type\":\"datetime\"},\"publishedAt\":{\"type\":\"datetime\",\"configurable\":false,\"writable\":true,\"visible\":false},\"createdBy\":{\"type\":\"relation\",\"relation\":\"oneToOne\",\"target\":\"admin::user\",\"configurable\":false,\"writable\":false,\"visible\":false,\"useJoinTable\":false,\"private\":true},\"updatedBy\":{\"type\":\"relation\",\"relation\":\"oneToOne\",\"target\":\"admin::user\",\"configurable\":false,\"writable\":false,\"visible\":false,\"useJoinTable\":false,\"private\":true},\"locale\":{\"writable\":true,\"private\":true,\"configurable\":false,\"visible\":false,\"type\":\"string\"},\"localizations\":{\"type\":\"relation\",\"relation\":\"oneToMany\",\"target\":\"admin::role\",\"writable\":false,\"private\":true,\"configurable\":false,\"visible\":false,\"unstable_virtual\":true,\"joinColumn\":{\"name\":\"document_id\",\"referencedColumn\":\"document_id\",\"referencedTable\":\"admin_roles\"}}},\"plugin\":\"admin\",\"globalId\":\"AdminRole\",\"uid\":\"admin::role\",\"modelType\":\"contentType\",\"kind\":\"collectionType\",\"__schema__\":{\"collectionName\":\"admin_roles\",\"info\":{\"name\":\"Role\",\"description\":\"\",\"singularName\":\"role\",\"pluralName\":\"roles\",\"displayName\":\"Role\"},\"options\":{},\"pluginOptions\":{\"content-manager\":{\"visible\":false},\"content-type-builder\":{\"visible\":false}},\"attributes\":{\"name\":{\"type\":\"string\",\"minLength\":1,\"unique\":true,\"configurable\":false,\"required\":true},\"code\":{\"type\":\"string\",\"minLength\":1,\"unique\":true,\"configurable\":false,\"required\":true},\"description\":{\"type\":\"string\",\"configurable\":false},\"users\":{\"configurable\":false,\"type\":\"relation\",\"relation\":\"manyToMany\",\"mappedBy\":\"roles\",\"target\":\"admin::user\"},\"permissions\":{\"configurable\":false,\"type\":\"relation\",\"relation\":\"oneToMany\",\"mappedBy\":\"role\",\"target\":\"admin::permission\"}},\"kind\":\"collectionType\"},\"modelName\":\"role\"},\"admin::api-token\":{\"collectionName\":\"strapi_api_tokens\",\"info\":{\"name\":\"Api Token\",\"singularName\":\"api-token\",\"pluralName\":\"api-tokens\",\"displayName\":\"Api Token\",\"description\":\"\"},\"options\":{\"draftAndPublish\":false},\"pluginOptions\":{\"content-manager\":{\"visible\":false},\"content-type-builder\":{\"visible\":false}},\"attributes\":{\"name\":{\"type\":\"string\",\"minLength\":1,\"configurable\":false,\"required\":true,\"unique\":true},\"description\":{\"type\":\"string\",\"minLength\":1,\"configurable\":false,\"required\":false,\"default\":\"\"},\"type\":{\"type\":\"enumeration\",\"enum\":[\"read-only\",\"full-access\",\"custom\"],\"configurable\":false,\"required\":true,\"default\":\"read-only\"},\"accessKey\":{\"type\":\"string\",\"minLength\":1,\"configurable\":false,\"required\":true,\"searchable\":false},\"lastUsedAt\":{\"type\":\"datetime\",\"configurable\":false,\"required\":false},\"permissions\":{\"type\":\"relation\",\"target\":\"admin::api-token-permission\",\"relation\":\"oneToMany\",\"mappedBy\":\"token\",\"configurable\":false,\"required\":false},\"expiresAt\":{\"type\":\"datetime\",\"configurable\":false,\"required\":false},\"lifespan\":{\"type\":\"biginteger\",\"configurable\":false,\"required\":false},\"createdAt\":{\"type\":\"datetime\"},\"updatedAt\":{\"type\":\"datetime\"},\"publishedAt\":{\"type\":\"datetime\",\"configurable\":false,\"writable\":true,\"visible\":false},\"createdBy\":{\"type\":\"relation\",\"relation\":\"oneToOne\",\"target\":\"admin::user\",\"configurable\":false,\"writable\":false,\"visible\":false,\"useJoinTable\":false,\"private\":true},\"updatedBy\":{\"type\":\"relation\",\"relation\":\"oneToOne\",\"target\":\"admin::user\",\"configurable\":false,\"writable\":false,\"visible\":false,\"useJoinTable\":false,\"private\":true},\"locale\":{\"writable\":true,\"private\":true,\"configurable\":false,\"visible\":false,\"type\":\"string\"},\"localizations\":{\"type\":\"relation\",\"relation\":\"oneToMany\",\"target\":\"admin::api-token\",\"writable\":false,\"private\":true,\"configurable\":false,\"visible\":false,\"unstable_virtual\":true,\"joinColumn\":{\"name\":\"document_id\",\"referencedColumn\":\"document_id\",\"referencedTable\":\"strapi_api_tokens\"}}},\"plugin\":\"admin\",\"globalId\":\"AdminApiToken\",\"uid\":\"admin::api-token\",\"modelType\":\"contentType\",\"kind\":\"collectionType\",\"__schema__\":{\"collectionName\":\"strapi_api_tokens\",\"info\":{\"name\":\"Api Token\",\"singularName\":\"api-token\",\"pluralName\":\"api-tokens\",\"displayName\":\"Api Token\",\"description\":\"\"},\"options\":{},\"pluginOptions\":{\"content-manager\":{\"visible\":false},\"content-type-builder\":{\"visible\":false}},\"attributes\":{\"name\":{\"type\":\"string\",\"minLength\":1,\"configurable\":false,\"required\":true,\"unique\":true},\"description\":{\"type\":\"string\",\"minLength\":1,\"configurable\":false,\"required\":false,\"default\":\"\"},\"type\":{\"type\":\"enumeration\",\"enum\":[\"read-only\",\"full-access\",\"custom\"],\"configurable\":false,\"required\":true,\"default\":\"read-only\"},\"accessKey\":{\"type\":\"string\",\"minLength\":1,\"configurable\":false,\"required\":true,\"searchable\":false},\"lastUsedAt\":{\"type\":\"datetime\",\"configurable\":false,\"required\":false},\"permissions\":{\"type\":\"relation\",\"target\":\"admin::api-token-permission\",\"relation\":\"oneToMany\",\"mappedBy\":\"token\",\"configurable\":false,\"required\":false},\"expiresAt\":{\"type\":\"datetime\",\"configurable\":false,\"required\":false},\"lifespan\":{\"type\":\"biginteger\",\"configurable\":false,\"required\":false}},\"kind\":\"collectionType\"},\"modelName\":\"api-token\"},\"admin::api-token-permission\":{\"collectionName\":\"strapi_api_token_permissions\",\"info\":{\"name\":\"API Token Permission\",\"description\":\"\",\"singularName\":\"api-token-permission\",\"pluralName\":\"api-token-permissions\",\"displayName\":\"API Token Permission\"},\"options\":{\"draftAndPublish\":false},\"pluginOptions\":{\"content-manager\":{\"visible\":false},\"content-type-builder\":{\"visible\":false}},\"attributes\":{\"action\":{\"type\":\"string\",\"minLength\":1,\"configurable\":false,\"required\":true},\"token\":{\"configurable\":false,\"type\":\"relation\",\"relation\":\"manyToOne\",\"inversedBy\":\"permissions\",\"target\":\"admin::api-token\"},\"createdAt\":{\"type\":\"datetime\"},\"updatedAt\":{\"type\":\"datetime\"},\"publishedAt\":{\"type\":\"datetime\",\"configurable\":false,\"writable\":true,\"visible\":false},\"createdBy\":{\"type\":\"relation\",\"relation\":\"oneToOne\",\"target\":\"admin::user\",\"configurable\":false,\"writable\":false,\"visible\":false,\"useJoinTable\":false,\"private\":true},\"updatedBy\":{\"type\":\"relation\",\"relation\":\"oneToOne\",\"target\":\"admin::user\",\"configurable\":false,\"writable\":false,\"visible\":false,\"useJoinTable\":false,\"private\":true},\"locale\":{\"writable\":true,\"private\":true,\"configurable\":false,\"visible\":false,\"type\":\"string\"},\"localizations\":{\"type\":\"relation\",\"relation\":\"oneToMany\",\"target\":\"admin::api-token-permission\",\"writable\":false,\"private\":true,\"configurable\":false,\"visible\":false,\"unstable_virtual\":true,\"joinColumn\":{\"name\":\"document_id\",\"referencedColumn\":\"document_id\",\"referencedTable\":\"strapi_api_token_permissions\"}}},\"plugin\":\"admin\",\"globalId\":\"AdminApiTokenPermission\",\"uid\":\"admin::api-token-permission\",\"modelType\":\"contentType\",\"kind\":\"collectionType\",\"__schema__\":{\"collectionName\":\"strapi_api_token_permissions\",\"info\":{\"name\":\"API Token Permission\",\"description\":\"\",\"singularName\":\"api-token-permission\",\"pluralName\":\"api-token-permissions\",\"displayName\":\"API Token Permission\"},\"options\":{},\"pluginOptions\":{\"content-manager\":{\"visible\":false},\"content-type-builder\":{\"visible\":false}},\"attributes\":{\"action\":{\"type\":\"string\",\"minLength\":1,\"configurable\":false,\"required\":true},\"token\":{\"configurable\":false,\"type\":\"relation\",\"relation\":\"manyToOne\",\"inversedBy\":\"permissions\",\"target\":\"admin::api-token\"}},\"kind\":\"collectionType\"},\"modelName\":\"api-token-permission\"},\"admin::transfer-token\":{\"collectionName\":\"strapi_transfer_tokens\",\"info\":{\"name\":\"Transfer Token\",\"singularName\":\"transfer-token\",\"pluralName\":\"transfer-tokens\",\"displayName\":\"Transfer Token\",\"description\":\"\"},\"options\":{\"draftAndPublish\":false},\"pluginOptions\":{\"content-manager\":{\"visible\":false},\"content-type-builder\":{\"visible\":false}},\"attributes\":{\"name\":{\"type\":\"string\",\"minLength\":1,\"configurable\":false,\"required\":true,\"unique\":true},\"description\":{\"type\":\"string\",\"minLength\":1,\"configurable\":false,\"required\":false,\"default\":\"\"},\"accessKey\":{\"type\":\"string\",\"minLength\":1,\"configurable\":false,\"required\":true},\"lastUsedAt\":{\"type\":\"datetime\",\"configurable\":false,\"required\":false},\"permissions\":{\"type\":\"relation\",\"target\":\"admin::transfer-token-permission\",\"relation\":\"oneToMany\",\"mappedBy\":\"token\",\"configurable\":false,\"required\":false},\"expiresAt\":{\"type\":\"datetime\",\"configurable\":false,\"required\":false},\"lifespan\":{\"type\":\"biginteger\",\"configurable\":false,\"required\":false},\"createdAt\":{\"type\":\"datetime\"},\"updatedAt\":{\"type\":\"datetime\"},\"publishedAt\":{\"type\":\"datetime\",\"configurable\":false,\"writable\":true,\"visible\":false},\"createdBy\":{\"type\":\"relation\",\"relation\":\"oneToOne\",\"target\":\"admin::user\",\"configurable\":false,\"writable\":false,\"visible\":false,\"useJoinTable\":false,\"private\":true},\"updatedBy\":{\"type\":\"relation\",\"relation\":\"oneToOne\",\"target\":\"admin::user\",\"configurable\":false,\"writable\":false,\"visible\":false,\"useJoinTable\":false,\"private\":true},\"locale\":{\"writable\":true,\"private\":true,\"configurable\":false,\"visible\":false,\"type\":\"string\"},\"localizations\":{\"type\":\"relation\",\"relation\":\"oneToMany\",\"target\":\"admin::transfer-token\",\"writable\":false,\"private\":true,\"configurable\":false,\"visible\":false,\"unstable_virtual\":true,\"joinColumn\":{\"name\":\"document_id\",\"referencedColumn\":\"document_id\",\"referencedTable\":\"strapi_transfer_tokens\"}}},\"plugin\":\"admin\",\"globalId\":\"AdminTransferToken\",\"uid\":\"admin::transfer-token\",\"modelType\":\"contentType\",\"kind\":\"collectionType\",\"__schema__\":{\"collectionName\":\"strapi_transfer_tokens\",\"info\":{\"name\":\"Transfer Token\",\"singularName\":\"transfer-token\",\"pluralName\":\"transfer-tokens\",\"displayName\":\"Transfer Token\",\"description\":\"\"},\"options\":{},\"pluginOptions\":{\"content-manager\":{\"visible\":false},\"content-type-builder\":{\"visible\":false}},\"attributes\":{\"name\":{\"type\":\"string\",\"minLength\":1,\"configurable\":false,\"required\":true,\"unique\":true},\"description\":{\"type\":\"string\",\"minLength\":1,\"configurable\":false,\"required\":false,\"default\":\"\"},\"accessKey\":{\"type\":\"string\",\"minLength\":1,\"configurable\":false,\"required\":true},\"lastUsedAt\":{\"type\":\"datetime\",\"configurable\":false,\"required\":false},\"permissions\":{\"type\":\"relation\",\"target\":\"admin::transfer-token-permission\",\"relation\":\"oneToMany\",\"mappedBy\":\"token\",\"configurable\":false,\"required\":false},\"expiresAt\":{\"type\":\"datetime\",\"configurable\":false,\"required\":false},\"lifespan\":{\"type\":\"biginteger\",\"configurable\":false,\"required\":false}},\"kind\":\"collectionType\"},\"modelName\":\"transfer-token\"},\"admin::transfer-token-permission\":{\"collectionName\":\"strapi_transfer_token_permissions\",\"info\":{\"name\":\"Transfer Token Permission\",\"description\":\"\",\"singularName\":\"transfer-token-permission\",\"pluralName\":\"transfer-token-permissions\",\"displayName\":\"Transfer Token Permission\"},\"options\":{\"draftAndPublish\":false},\"pluginOptions\":{\"content-manager\":{\"visible\":false},\"content-type-builder\":{\"visible\":false}},\"attributes\":{\"action\":{\"type\":\"string\",\"minLength\":1,\"configurable\":false,\"required\":true},\"token\":{\"configurable\":false,\"type\":\"relation\",\"relation\":\"manyToOne\",\"inversedBy\":\"permissions\",\"target\":\"admin::transfer-token\"},\"createdAt\":{\"type\":\"datetime\"},\"updatedAt\":{\"type\":\"datetime\"},\"publishedAt\":{\"type\":\"datetime\",\"configurable\":false,\"writable\":true,\"visible\":false},\"createdBy\":{\"type\":\"relation\",\"relation\":\"oneToOne\",\"target\":\"admin::user\",\"configurable\":false,\"writable\":false,\"visible\":false,\"useJoinTable\":false,\"private\":true},\"updatedBy\":{\"type\":\"relation\",\"relation\":\"oneToOne\",\"target\":\"admin::user\",\"configurable\":false,\"writable\":false,\"visible\":false,\"useJoinTable\":false,\"private\":true},\"locale\":{\"writable\":true,\"private\":true,\"configurable\":false,\"visible\":false,\"type\":\"string\"},\"localizations\":{\"type\":\"relation\",\"relation\":\"oneToMany\",\"target\":\"admin::transfer-token-permission\",\"writable\":false,\"private\":true,\"configurable\":false,\"visible\":false,\"unstable_virtual\":true,\"joinColumn\":{\"name\":\"document_id\",\"referencedColumn\":\"document_id\",\"referencedTable\":\"strapi_transfer_token_permissions\"}}},\"plugin\":\"admin\",\"globalId\":\"AdminTransferTokenPermission\",\"uid\":\"admin::transfer-token-permission\",\"modelType\":\"contentType\",\"kind\":\"collectionType\",\"__schema__\":{\"collectionName\":\"strapi_transfer_token_permissions\",\"info\":{\"name\":\"Transfer Token Permission\",\"description\":\"\",\"singularName\":\"transfer-token-permission\",\"pluralName\":\"transfer-token-permissions\",\"displayName\":\"Transfer Token Permission\"},\"options\":{},\"pluginOptions\":{\"content-manager\":{\"visible\":false},\"content-type-builder\":{\"visible\":false}},\"attributes\":{\"action\":{\"type\":\"string\",\"minLength\":1,\"configurable\":false,\"required\":true},\"token\":{\"configurable\":false,\"type\":\"relation\",\"relation\":\"manyToOne\",\"inversedBy\":\"permissions\",\"target\":\"admin::transfer-token\"}},\"kind\":\"collectionType\"},\"modelName\":\"transfer-token-permission\"}}','object',NULL,NULL),(2,'plugin_content_manager_configuration_content_types::plugin::upload.file','{\"settings\":{\"bulkable\":true,\"filterable\":true,\"searchable\":true,\"pageSize\":10,\"mainField\":\"name\",\"defaultSortBy\":\"name\",\"defaultSortOrder\":\"ASC\"},\"metadatas\":{\"id\":{\"edit\":{},\"list\":{\"label\":\"id\",\"searchable\":true,\"sortable\":true}},\"name\":{\"edit\":{\"label\":\"name\",\"description\":\"\",\"placeholder\":\"\",\"visible\":true,\"editable\":true},\"list\":{\"label\":\"name\",\"searchable\":true,\"sortable\":true}},\"alternativeText\":{\"edit\":{\"label\":\"alternativeText\",\"description\":\"\",\"placeholder\":\"\",\"visible\":true,\"editable\":true},\"list\":{\"label\":\"alternativeText\",\"searchable\":true,\"sortable\":true}},\"caption\":{\"edit\":{\"label\":\"caption\",\"description\":\"\",\"placeholder\":\"\",\"visible\":true,\"editable\":true},\"list\":{\"label\":\"caption\",\"searchable\":true,\"sortable\":true}},\"width\":{\"edit\":{\"label\":\"width\",\"description\":\"\",\"placeholder\":\"\",\"visible\":true,\"editable\":true},\"list\":{\"label\":\"width\",\"searchable\":true,\"sortable\":true}},\"height\":{\"edit\":{\"label\":\"height\",\"description\":\"\",\"placeholder\":\"\",\"visible\":true,\"editable\":true},\"list\":{\"label\":\"height\",\"searchable\":true,\"sortable\":true}},\"formats\":{\"edit\":{\"label\":\"formats\",\"description\":\"\",\"placeholder\":\"\",\"visible\":true,\"editable\":true},\"list\":{\"label\":\"formats\",\"searchable\":false,\"sortable\":false}},\"hash\":{\"edit\":{\"label\":\"hash\",\"description\":\"\",\"placeholder\":\"\",\"visible\":true,\"editable\":true},\"list\":{\"label\":\"hash\",\"searchable\":true,\"sortable\":true}},\"ext\":{\"edit\":{\"label\":\"ext\",\"description\":\"\",\"placeholder\":\"\",\"visible\":true,\"editable\":true},\"list\":{\"label\":\"ext\",\"searchable\":true,\"sortable\":true}},\"mime\":{\"edit\":{\"label\":\"mime\",\"description\":\"\",\"placeholder\":\"\",\"visible\":true,\"editable\":true},\"list\":{\"label\":\"mime\",\"searchable\":true,\"sortable\":true}},\"size\":{\"edit\":{\"label\":\"size\",\"description\":\"\",\"placeholder\":\"\",\"visible\":true,\"editable\":true},\"list\":{\"label\":\"size\",\"searchable\":true,\"sortable\":true}},\"url\":{\"edit\":{\"label\":\"url\",\"description\":\"\",\"placeholder\":\"\",\"visible\":true,\"editable\":true},\"list\":{\"label\":\"url\",\"searchable\":true,\"sortable\":true}},\"previewUrl\":{\"edit\":{\"label\":\"previewUrl\",\"description\":\"\",\"placeholder\":\"\",\"visible\":true,\"editable\":true},\"list\":{\"label\":\"previewUrl\",\"searchable\":true,\"sortable\":true}},\"provider\":{\"edit\":{\"label\":\"provider\",\"description\":\"\",\"placeholder\":\"\",\"visible\":true,\"editable\":true},\"list\":{\"label\":\"provider\",\"searchable\":true,\"sortable\":true}},\"provider_metadata\":{\"edit\":{\"label\":\"provider_metadata\",\"description\":\"\",\"placeholder\":\"\",\"visible\":true,\"editable\":true},\"list\":{\"label\":\"provider_metadata\",\"searchable\":false,\"sortable\":false}},\"folder\":{\"edit\":{\"label\":\"folder\",\"description\":\"\",\"placeholder\":\"\",\"visible\":true,\"editable\":true,\"mainField\":\"name\"},\"list\":{\"label\":\"folder\",\"searchable\":true,\"sortable\":true}},\"folderPath\":{\"edit\":{\"label\":\"folderPath\",\"description\":\"\",\"placeholder\":\"\",\"visible\":true,\"editable\":true},\"list\":{\"label\":\"folderPath\",\"searchable\":true,\"sortable\":true}},\"createdAt\":{\"edit\":{\"label\":\"createdAt\",\"description\":\"\",\"placeholder\":\"\",\"visible\":false,\"editable\":true},\"list\":{\"label\":\"createdAt\",\"searchable\":true,\"sortable\":true}},\"updatedAt\":{\"edit\":{\"label\":\"updatedAt\",\"description\":\"\",\"placeholder\":\"\",\"visible\":false,\"editable\":true},\"list\":{\"label\":\"updatedAt\",\"searchable\":true,\"sortable\":true}},\"createdBy\":{\"edit\":{\"label\":\"createdBy\",\"description\":\"\",\"placeholder\":\"\",\"visible\":false,\"editable\":true,\"mainField\":\"firstname\"},\"list\":{\"label\":\"createdBy\",\"searchable\":true,\"sortable\":true}},\"updatedBy\":{\"edit\":{\"label\":\"updatedBy\",\"description\":\"\",\"placeholder\":\"\",\"visible\":false,\"editable\":true,\"mainField\":\"firstname\"},\"list\":{\"label\":\"updatedBy\",\"searchable\":true,\"sortable\":true}}},\"layouts\":{\"list\":[\"id\",\"name\",\"alternativeText\",\"caption\"],\"edit\":[[{\"name\":\"name\",\"size\":6},{\"name\":\"alternativeText\",\"size\":6}],[{\"name\":\"caption\",\"size\":6},{\"name\":\"width\",\"size\":4}],[{\"name\":\"height\",\"size\":4}],[{\"name\":\"formats\",\"size\":12}],[{\"name\":\"hash\",\"size\":6},{\"name\":\"ext\",\"size\":6}],[{\"name\":\"mime\",\"size\":6},{\"name\":\"size\",\"size\":4}],[{\"name\":\"url\",\"size\":6},{\"name\":\"previewUrl\",\"size\":6}],[{\"name\":\"provider\",\"size\":6}],[{\"name\":\"provider_metadata\",\"size\":12}],[{\"name\":\"folder\",\"size\":6},{\"name\":\"folderPath\",\"size\":6}]]},\"uid\":\"plugin::upload.file\"}','object',NULL,NULL),(3,'plugin_content_manager_configuration_content_types::plugin::upload.folder','{\"settings\":{\"bulkable\":true,\"filterable\":true,\"searchable\":true,\"pageSize\":10,\"mainField\":\"name\",\"defaultSortBy\":\"name\",\"defaultSortOrder\":\"ASC\"},\"metadatas\":{\"id\":{\"edit\":{},\"list\":{\"label\":\"id\",\"searchable\":true,\"sortable\":true}},\"name\":{\"edit\":{\"label\":\"name\",\"description\":\"\",\"placeholder\":\"\",\"visible\":true,\"editable\":true},\"list\":{\"label\":\"name\",\"searchable\":true,\"sortable\":true}},\"pathId\":{\"edit\":{\"label\":\"pathId\",\"description\":\"\",\"placeholder\":\"\",\"visible\":true,\"editable\":true},\"list\":{\"label\":\"pathId\",\"searchable\":true,\"sortable\":true}},\"parent\":{\"edit\":{\"label\":\"parent\",\"description\":\"\",\"placeholder\":\"\",\"visible\":true,\"editable\":true,\"mainField\":\"name\"},\"list\":{\"label\":\"parent\",\"searchable\":true,\"sortable\":true}},\"children\":{\"edit\":{\"label\":\"children\",\"description\":\"\",\"placeholder\":\"\",\"visible\":true,\"editable\":true,\"mainField\":\"name\"},\"list\":{\"label\":\"children\",\"searchable\":false,\"sortable\":false}},\"files\":{\"edit\":{\"label\":\"files\",\"description\":\"\",\"placeholder\":\"\",\"visible\":true,\"editable\":true,\"mainField\":\"name\"},\"list\":{\"label\":\"files\",\"searchable\":false,\"sortable\":false}},\"path\":{\"edit\":{\"label\":\"path\",\"description\":\"\",\"placeholder\":\"\",\"visible\":true,\"editable\":true},\"list\":{\"label\":\"path\",\"searchable\":true,\"sortable\":true}},\"createdAt\":{\"edit\":{\"label\":\"createdAt\",\"description\":\"\",\"placeholder\":\"\",\"visible\":false,\"editable\":true},\"list\":{\"label\":\"createdAt\",\"searchable\":true,\"sortable\":true}},\"updatedAt\":{\"edit\":{\"label\":\"updatedAt\",\"description\":\"\",\"placeholder\":\"\",\"visible\":false,\"editable\":true},\"list\":{\"label\":\"updatedAt\",\"searchable\":true,\"sortable\":true}},\"createdBy\":{\"edit\":{\"label\":\"createdBy\",\"description\":\"\",\"placeholder\":\"\",\"visible\":false,\"editable\":true,\"mainField\":\"firstname\"},\"list\":{\"label\":\"createdBy\",\"searchable\":true,\"sortable\":true}},\"updatedBy\":{\"edit\":{\"label\":\"updatedBy\",\"description\":\"\",\"placeholder\":\"\",\"visible\":false,\"editable\":true,\"mainField\":\"firstname\"},\"list\":{\"label\":\"updatedBy\",\"searchable\":true,\"sortable\":true}}},\"layouts\":{\"list\":[\"id\",\"name\",\"pathId\",\"parent\"],\"edit\":[[{\"name\":\"name\",\"size\":6},{\"name\":\"pathId\",\"size\":4}],[{\"name\":\"parent\",\"size\":6},{\"name\":\"children\",\"size\":6}],[{\"name\":\"files\",\"size\":6},{\"name\":\"path\",\"size\":6}]]},\"uid\":\"plugin::upload.folder\"}','object',NULL,NULL),(4,'plugin_content_manager_configuration_content_types::plugin::i18n.locale','{\"settings\":{\"bulkable\":true,\"filterable\":true,\"searchable\":true,\"pageSize\":10,\"mainField\":\"name\",\"defaultSortBy\":\"name\",\"defaultSortOrder\":\"ASC\"},\"metadatas\":{\"id\":{\"edit\":{},\"list\":{\"label\":\"id\",\"searchable\":true,\"sortable\":true}},\"name\":{\"edit\":{\"label\":\"name\",\"description\":\"\",\"placeholder\":\"\",\"visible\":true,\"editable\":true},\"list\":{\"label\":\"name\",\"searchable\":true,\"sortable\":true}},\"code\":{\"edit\":{\"label\":\"code\",\"description\":\"\",\"placeholder\":\"\",\"visible\":true,\"editable\":true},\"list\":{\"label\":\"code\",\"searchable\":true,\"sortable\":true}},\"createdAt\":{\"edit\":{\"label\":\"createdAt\",\"description\":\"\",\"placeholder\":\"\",\"visible\":false,\"editable\":true},\"list\":{\"label\":\"createdAt\",\"searchable\":true,\"sortable\":true}},\"updatedAt\":{\"edit\":{\"label\":\"updatedAt\",\"description\":\"\",\"placeholder\":\"\",\"visible\":false,\"editable\":true},\"list\":{\"label\":\"updatedAt\",\"searchable\":true,\"sortable\":true}},\"createdBy\":{\"edit\":{\"label\":\"createdBy\",\"description\":\"\",\"placeholder\":\"\",\"visible\":false,\"editable\":true,\"mainField\":\"firstname\"},\"list\":{\"label\":\"createdBy\",\"searchable\":true,\"sortable\":true}},\"updatedBy\":{\"edit\":{\"label\":\"updatedBy\",\"description\":\"\",\"placeholder\":\"\",\"visible\":false,\"editable\":true,\"mainField\":\"firstname\"},\"list\":{\"label\":\"updatedBy\",\"searchable\":true,\"sortable\":true}}},\"layouts\":{\"list\":[\"id\",\"name\",\"code\",\"createdAt\"],\"edit\":[[{\"name\":\"name\",\"size\":6},{\"name\":\"code\",\"size\":6}]]},\"uid\":\"plugin::i18n.locale\"}','object',NULL,NULL),(5,'plugin_content_manager_configuration_content_types::plugin::content-releases.release','{\"settings\":{\"bulkable\":true,\"filterable\":true,\"searchable\":true,\"pageSize\":10,\"mainField\":\"name\",\"defaultSortBy\":\"name\",\"defaultSortOrder\":\"ASC\"},\"metadatas\":{\"id\":{\"edit\":{},\"list\":{\"label\":\"id\",\"searchable\":true,\"sortable\":true}},\"name\":{\"edit\":{\"label\":\"name\",\"description\":\"\",\"placeholder\":\"\",\"visible\":true,\"editable\":true},\"list\":{\"label\":\"name\",\"searchable\":true,\"sortable\":true}},\"releasedAt\":{\"edit\":{\"label\":\"releasedAt\",\"description\":\"\",\"placeholder\":\"\",\"visible\":true,\"editable\":true},\"list\":{\"label\":\"releasedAt\",\"searchable\":true,\"sortable\":true}},\"scheduledAt\":{\"edit\":{\"label\":\"scheduledAt\",\"description\":\"\",\"placeholder\":\"\",\"visible\":true,\"editable\":true},\"list\":{\"label\":\"scheduledAt\",\"searchable\":true,\"sortable\":true}},\"timezone\":{\"edit\":{\"label\":\"timezone\",\"description\":\"\",\"placeholder\":\"\",\"visible\":true,\"editable\":true},\"list\":{\"label\":\"timezone\",\"searchable\":true,\"sortable\":true}},\"status\":{\"edit\":{\"label\":\"status\",\"description\":\"\",\"placeholder\":\"\",\"visible\":true,\"editable\":true},\"list\":{\"label\":\"status\",\"searchable\":true,\"sortable\":true}},\"actions\":{\"edit\":{\"label\":\"actions\",\"description\":\"\",\"placeholder\":\"\",\"visible\":true,\"editable\":true,\"mainField\":\"contentType\"},\"list\":{\"label\":\"actions\",\"searchable\":false,\"sortable\":false}},\"createdAt\":{\"edit\":{\"label\":\"createdAt\",\"description\":\"\",\"placeholder\":\"\",\"visible\":false,\"editable\":true},\"list\":{\"label\":\"createdAt\",\"searchable\":true,\"sortable\":true}},\"updatedAt\":{\"edit\":{\"label\":\"updatedAt\",\"description\":\"\",\"placeholder\":\"\",\"visible\":false,\"editable\":true},\"list\":{\"label\":\"updatedAt\",\"searchable\":true,\"sortable\":true}},\"createdBy\":{\"edit\":{\"label\":\"createdBy\",\"description\":\"\",\"placeholder\":\"\",\"visible\":false,\"editable\":true,\"mainField\":\"firstname\"},\"list\":{\"label\":\"createdBy\",\"searchable\":true,\"sortable\":true}},\"updatedBy\":{\"edit\":{\"label\":\"updatedBy\",\"description\":\"\",\"placeholder\":\"\",\"visible\":false,\"editable\":true,\"mainField\":\"firstname\"},\"list\":{\"label\":\"updatedBy\",\"searchable\":true,\"sortable\":true}}},\"layouts\":{\"list\":[\"id\",\"name\",\"releasedAt\",\"scheduledAt\"],\"edit\":[[{\"name\":\"name\",\"size\":6},{\"name\":\"releasedAt\",\"size\":6}],[{\"name\":\"scheduledAt\",\"size\":6},{\"name\":\"timezone\",\"size\":6}],[{\"name\":\"status\",\"size\":6},{\"name\":\"actions\",\"size\":6}]]},\"uid\":\"plugin::content-releases.release\"}','object',NULL,NULL),(6,'plugin_content_manager_configuration_content_types::plugin::content-releases.release-action','{\"settings\":{\"bulkable\":true,\"filterable\":true,\"searchable\":true,\"pageSize\":10,\"mainField\":\"contentType\",\"defaultSortBy\":\"contentType\",\"defaultSortOrder\":\"ASC\"},\"metadatas\":{\"id\":{\"edit\":{},\"list\":{\"label\":\"id\",\"searchable\":true,\"sortable\":true}},\"type\":{\"edit\":{\"label\":\"type\",\"description\":\"\",\"placeholder\":\"\",\"visible\":true,\"editable\":true},\"list\":{\"label\":\"type\",\"searchable\":true,\"sortable\":true}},\"contentType\":{\"edit\":{\"label\":\"contentType\",\"description\":\"\",\"placeholder\":\"\",\"visible\":true,\"editable\":true},\"list\":{\"label\":\"contentType\",\"searchable\":true,\"sortable\":true}},\"entryDocumentId\":{\"edit\":{\"label\":\"entryDocumentId\",\"description\":\"\",\"placeholder\":\"\",\"visible\":true,\"editable\":true},\"list\":{\"label\":\"entryDocumentId\",\"searchable\":true,\"sortable\":true}},\"release\":{\"edit\":{\"label\":\"release\",\"description\":\"\",\"placeholder\":\"\",\"visible\":true,\"editable\":true,\"mainField\":\"name\"},\"list\":{\"label\":\"release\",\"searchable\":true,\"sortable\":true}},\"isEntryValid\":{\"edit\":{\"label\":\"isEntryValid\",\"description\":\"\",\"placeholder\":\"\",\"visible\":true,\"editable\":true},\"list\":{\"label\":\"isEntryValid\",\"searchable\":true,\"sortable\":true}},\"createdAt\":{\"edit\":{\"label\":\"createdAt\",\"description\":\"\",\"placeholder\":\"\",\"visible\":false,\"editable\":true},\"list\":{\"label\":\"createdAt\",\"searchable\":true,\"sortable\":true}},\"updatedAt\":{\"edit\":{\"label\":\"updatedAt\",\"description\":\"\",\"placeholder\":\"\",\"visible\":false,\"editable\":true},\"list\":{\"label\":\"updatedAt\",\"searchable\":true,\"sortable\":true}},\"createdBy\":{\"edit\":{\"label\":\"createdBy\",\"description\":\"\",\"placeholder\":\"\",\"visible\":false,\"editable\":true,\"mainField\":\"firstname\"},\"list\":{\"label\":\"createdBy\",\"searchable\":true,\"sortable\":true}},\"updatedBy\":{\"edit\":{\"label\":\"updatedBy\",\"description\":\"\",\"placeholder\":\"\",\"visible\":false,\"editable\":true,\"mainField\":\"firstname\"},\"list\":{\"label\":\"updatedBy\",\"searchable\":true,\"sortable\":true}}},\"layouts\":{\"list\":[\"id\",\"type\",\"contentType\",\"entryDocumentId\"],\"edit\":[[{\"name\":\"type\",\"size\":6},{\"name\":\"contentType\",\"size\":6}],[{\"name\":\"entryDocumentId\",\"size\":6},{\"name\":\"release\",\"size\":6}],[{\"name\":\"isEntryValid\",\"size\":4}]]},\"uid\":\"plugin::content-releases.release-action\"}','object',NULL,NULL),(7,'plugin_content_manager_configuration_content_types::plugin::review-workflows.workflow','{\"settings\":{\"bulkable\":true,\"filterable\":true,\"searchable\":true,\"pageSize\":10,\"mainField\":\"name\",\"defaultSortBy\":\"name\",\"defaultSortOrder\":\"ASC\"},\"metadatas\":{\"id\":{\"edit\":{},\"list\":{\"label\":\"id\",\"searchable\":true,\"sortable\":true}},\"name\":{\"edit\":{\"label\":\"name\",\"description\":\"\",\"placeholder\":\"\",\"visible\":true,\"editable\":true},\"list\":{\"label\":\"name\",\"searchable\":true,\"sortable\":true}},\"stages\":{\"edit\":{\"label\":\"stages\",\"description\":\"\",\"placeholder\":\"\",\"visible\":true,\"editable\":true,\"mainField\":\"name\"},\"list\":{\"label\":\"stages\",\"searchable\":false,\"sortable\":false}},\"stageRequiredToPublish\":{\"edit\":{\"label\":\"stageRequiredToPublish\",\"description\":\"\",\"placeholder\":\"\",\"visible\":true,\"editable\":true,\"mainField\":\"name\"},\"list\":{\"label\":\"stageRequiredToPublish\",\"searchable\":true,\"sortable\":true}},\"contentTypes\":{\"edit\":{\"label\":\"contentTypes\",\"description\":\"\",\"placeholder\":\"\",\"visible\":true,\"editable\":true},\"list\":{\"label\":\"contentTypes\",\"searchable\":false,\"sortable\":false}},\"createdAt\":{\"edit\":{\"label\":\"createdAt\",\"description\":\"\",\"placeholder\":\"\",\"visible\":false,\"editable\":true},\"list\":{\"label\":\"createdAt\",\"searchable\":true,\"sortable\":true}},\"updatedAt\":{\"edit\":{\"label\":\"updatedAt\",\"description\":\"\",\"placeholder\":\"\",\"visible\":false,\"editable\":true},\"list\":{\"label\":\"updatedAt\",\"searchable\":true,\"sortable\":true}},\"createdBy\":{\"edit\":{\"label\":\"createdBy\",\"description\":\"\",\"placeholder\":\"\",\"visible\":false,\"editable\":true,\"mainField\":\"firstname\"},\"list\":{\"label\":\"createdBy\",\"searchable\":true,\"sortable\":true}},\"updatedBy\":{\"edit\":{\"label\":\"updatedBy\",\"description\":\"\",\"placeholder\":\"\",\"visible\":false,\"editable\":true,\"mainField\":\"firstname\"},\"list\":{\"label\":\"updatedBy\",\"searchable\":true,\"sortable\":true}}},\"layouts\":{\"list\":[\"id\",\"name\",\"stages\",\"stageRequiredToPublish\"],\"edit\":[[{\"name\":\"name\",\"size\":6},{\"name\":\"stages\",\"size\":6}],[{\"name\":\"stageRequiredToPublish\",\"size\":6}],[{\"name\":\"contentTypes\",\"size\":12}]]},\"uid\":\"plugin::review-workflows.workflow\"}','object',NULL,NULL),(8,'plugin_content_manager_configuration_content_types::plugin::users-permissions.permission','{\"settings\":{\"bulkable\":true,\"filterable\":true,\"searchable\":true,\"pageSize\":10,\"mainField\":\"action\",\"defaultSortBy\":\"action\",\"defaultSortOrder\":\"ASC\"},\"metadatas\":{\"id\":{\"edit\":{},\"list\":{\"label\":\"id\",\"searchable\":true,\"sortable\":true}},\"action\":{\"edit\":{\"label\":\"action\",\"description\":\"\",\"placeholder\":\"\",\"visible\":true,\"editable\":true},\"list\":{\"label\":\"action\",\"searchable\":true,\"sortable\":true}},\"role\":{\"edit\":{\"label\":\"role\",\"description\":\"\",\"placeholder\":\"\",\"visible\":true,\"editable\":true,\"mainField\":\"name\"},\"list\":{\"label\":\"role\",\"searchable\":true,\"sortable\":true}},\"createdAt\":{\"edit\":{\"label\":\"createdAt\",\"description\":\"\",\"placeholder\":\"\",\"visible\":false,\"editable\":true},\"list\":{\"label\":\"createdAt\",\"searchable\":true,\"sortable\":true}},\"updatedAt\":{\"edit\":{\"label\":\"updatedAt\",\"description\":\"\",\"placeholder\":\"\",\"visible\":false,\"editable\":true},\"list\":{\"label\":\"updatedAt\",\"searchable\":true,\"sortable\":true}},\"createdBy\":{\"edit\":{\"label\":\"createdBy\",\"description\":\"\",\"placeholder\":\"\",\"visible\":false,\"editable\":true,\"mainField\":\"firstname\"},\"list\":{\"label\":\"createdBy\",\"searchable\":true,\"sortable\":true}},\"updatedBy\":{\"edit\":{\"label\":\"updatedBy\",\"description\":\"\",\"placeholder\":\"\",\"visible\":false,\"editable\":true,\"mainField\":\"firstname\"},\"list\":{\"label\":\"updatedBy\",\"searchable\":true,\"sortable\":true}}},\"layouts\":{\"list\":[\"id\",\"action\",\"role\",\"createdAt\"],\"edit\":[[{\"name\":\"action\",\"size\":6},{\"name\":\"role\",\"size\":6}]]},\"uid\":\"plugin::users-permissions.permission\"}','object',NULL,NULL),(9,'plugin_content_manager_configuration_content_types::plugin::users-permissions.role','{\"settings\":{\"bulkable\":true,\"filterable\":true,\"searchable\":true,\"pageSize\":10,\"mainField\":\"name\",\"defaultSortBy\":\"name\",\"defaultSortOrder\":\"ASC\"},\"metadatas\":{\"id\":{\"edit\":{},\"list\":{\"label\":\"id\",\"searchable\":true,\"sortable\":true}},\"name\":{\"edit\":{\"label\":\"name\",\"description\":\"\",\"placeholder\":\"\",\"visible\":true,\"editable\":true},\"list\":{\"label\":\"name\",\"searchable\":true,\"sortable\":true}},\"description\":{\"edit\":{\"label\":\"description\",\"description\":\"\",\"placeholder\":\"\",\"visible\":true,\"editable\":true},\"list\":{\"label\":\"description\",\"searchable\":true,\"sortable\":true}},\"type\":{\"edit\":{\"label\":\"type\",\"description\":\"\",\"placeholder\":\"\",\"visible\":true,\"editable\":true},\"list\":{\"label\":\"type\",\"searchable\":true,\"sortable\":true}},\"permissions\":{\"edit\":{\"label\":\"permissions\",\"description\":\"\",\"placeholder\":\"\",\"visible\":true,\"editable\":true,\"mainField\":\"action\"},\"list\":{\"label\":\"permissions\",\"searchable\":false,\"sortable\":false}},\"users\":{\"edit\":{\"label\":\"users\",\"description\":\"\",\"placeholder\":\"\",\"visible\":true,\"editable\":true,\"mainField\":\"username\"},\"list\":{\"label\":\"users\",\"searchable\":false,\"sortable\":false}},\"createdAt\":{\"edit\":{\"label\":\"createdAt\",\"description\":\"\",\"placeholder\":\"\",\"visible\":false,\"editable\":true},\"list\":{\"label\":\"createdAt\",\"searchable\":true,\"sortable\":true}},\"updatedAt\":{\"edit\":{\"label\":\"updatedAt\",\"description\":\"\",\"placeholder\":\"\",\"visible\":false,\"editable\":true},\"list\":{\"label\":\"updatedAt\",\"searchable\":true,\"sortable\":true}},\"createdBy\":{\"edit\":{\"label\":\"createdBy\",\"description\":\"\",\"placeholder\":\"\",\"visible\":false,\"editable\":true,\"mainField\":\"firstname\"},\"list\":{\"label\":\"createdBy\",\"searchable\":true,\"sortable\":true}},\"updatedBy\":{\"edit\":{\"label\":\"updatedBy\",\"description\":\"\",\"placeholder\":\"\",\"visible\":false,\"editable\":true,\"mainField\":\"firstname\"},\"list\":{\"label\":\"updatedBy\",\"searchable\":true,\"sortable\":true}}},\"layouts\":{\"list\":[\"id\",\"name\",\"description\",\"type\"],\"edit\":[[{\"name\":\"name\",\"size\":6},{\"name\":\"description\",\"size\":6}],[{\"name\":\"type\",\"size\":6},{\"name\":\"permissions\",\"size\":6}],[{\"name\":\"users\",\"size\":6}]]},\"uid\":\"plugin::users-permissions.role\"}','object',NULL,NULL),(10,'plugin_content_manager_configuration_content_types::plugin::users-permissions.user','{\"settings\":{\"bulkable\":true,\"filterable\":true,\"searchable\":true,\"pageSize\":10,\"mainField\":\"username\",\"defaultSortBy\":\"username\",\"defaultSortOrder\":\"ASC\"},\"metadatas\":{\"id\":{\"edit\":{},\"list\":{\"label\":\"id\",\"searchable\":true,\"sortable\":true}},\"username\":{\"edit\":{\"label\":\"username\",\"description\":\"\",\"placeholder\":\"\",\"visible\":true,\"editable\":true},\"list\":{\"label\":\"username\",\"searchable\":true,\"sortable\":true}},\"email\":{\"edit\":{\"label\":\"email\",\"description\":\"\",\"placeholder\":\"\",\"visible\":true,\"editable\":true},\"list\":{\"label\":\"email\",\"searchable\":true,\"sortable\":true}},\"provider\":{\"edit\":{\"label\":\"provider\",\"description\":\"\",\"placeholder\":\"\",\"visible\":false,\"editable\":true},\"list\":{\"label\":\"provider\",\"searchable\":true,\"sortable\":true}},\"password\":{\"edit\":{\"label\":\"password\",\"description\":\"\",\"placeholder\":\"\",\"visible\":true,\"editable\":true},\"list\":{\"label\":\"password\",\"searchable\":true,\"sortable\":true}},\"resetPasswordToken\":{\"edit\":{\"label\":\"resetPasswordToken\",\"description\":\"\",\"placeholder\":\"\",\"visible\":false,\"editable\":true},\"list\":{\"label\":\"resetPasswordToken\",\"searchable\":true,\"sortable\":true}},\"confirmationToken\":{\"edit\":{\"label\":\"confirmationToken\",\"description\":\"\",\"placeholder\":\"\",\"visible\":false,\"editable\":true},\"list\":{\"label\":\"confirmationToken\",\"searchable\":true,\"sortable\":true}},\"confirmed\":{\"edit\":{\"label\":\"confirmed\",\"description\":\"\",\"placeholder\":\"\",\"visible\":true,\"editable\":true},\"list\":{\"label\":\"confirmed\",\"searchable\":true,\"sortable\":true}},\"blocked\":{\"edit\":{\"label\":\"blocked\",\"description\":\"\",\"placeholder\":\"\",\"visible\":true,\"editable\":true},\"list\":{\"label\":\"blocked\",\"searchable\":true,\"sortable\":true}},\"role\":{\"edit\":{\"label\":\"role\",\"description\":\"\",\"placeholder\":\"\",\"visible\":true,\"editable\":true,\"mainField\":\"name\"},\"list\":{\"label\":\"role\",\"searchable\":true,\"sortable\":true}},\"createdAt\":{\"edit\":{\"label\":\"createdAt\",\"description\":\"\",\"placeholder\":\"\",\"visible\":false,\"editable\":true},\"list\":{\"label\":\"createdAt\",\"searchable\":true,\"sortable\":true}},\"updatedAt\":{\"edit\":{\"label\":\"updatedAt\",\"description\":\"\",\"placeholder\":\"\",\"visible\":false,\"editable\":true},\"list\":{\"label\":\"updatedAt\",\"searchable\":true,\"sortable\":true}},\"createdBy\":{\"edit\":{\"label\":\"createdBy\",\"description\":\"\",\"placeholder\":\"\",\"visible\":false,\"editable\":true,\"mainField\":\"firstname\"},\"list\":{\"label\":\"createdBy\",\"searchable\":true,\"sortable\":true}},\"updatedBy\":{\"edit\":{\"label\":\"updatedBy\",\"description\":\"\",\"placeholder\":\"\",\"visible\":false,\"editable\":true,\"mainField\":\"firstname\"},\"list\":{\"label\":\"updatedBy\",\"searchable\":true,\"sortable\":true}}},\"layouts\":{\"list\":[\"id\",\"username\",\"email\",\"confirmed\"],\"edit\":[[{\"name\":\"username\",\"size\":6},{\"name\":\"email\",\"size\":6}],[{\"name\":\"password\",\"size\":6},{\"name\":\"confirmed\",\"size\":4}],[{\"name\":\"blocked\",\"size\":4},{\"name\":\"role\",\"size\":6}]]},\"uid\":\"plugin::users-permissions.user\"}','object',NULL,NULL),(11,'plugin_content_manager_configuration_content_types::admin::permission','{\"settings\":{\"bulkable\":true,\"filterable\":true,\"searchable\":true,\"pageSize\":10,\"mainField\":\"action\",\"defaultSortBy\":\"action\",\"defaultSortOrder\":\"ASC\"},\"metadatas\":{\"id\":{\"edit\":{},\"list\":{\"label\":\"id\",\"searchable\":true,\"sortable\":true}},\"action\":{\"edit\":{\"label\":\"action\",\"description\":\"\",\"placeholder\":\"\",\"visible\":true,\"editable\":true},\"list\":{\"label\":\"action\",\"searchable\":true,\"sortable\":true}},\"actionParameters\":{\"edit\":{\"label\":\"actionParameters\",\"description\":\"\",\"placeholder\":\"\",\"visible\":true,\"editable\":true},\"list\":{\"label\":\"actionParameters\",\"searchable\":false,\"sortable\":false}},\"subject\":{\"edit\":{\"label\":\"subject\",\"description\":\"\",\"placeholder\":\"\",\"visible\":true,\"editable\":true},\"list\":{\"label\":\"subject\",\"searchable\":true,\"sortable\":true}},\"properties\":{\"edit\":{\"label\":\"properties\",\"description\":\"\",\"placeholder\":\"\",\"visible\":true,\"editable\":true},\"list\":{\"label\":\"properties\",\"searchable\":false,\"sortable\":false}},\"conditions\":{\"edit\":{\"label\":\"conditions\",\"description\":\"\",\"placeholder\":\"\",\"visible\":true,\"editable\":true},\"list\":{\"label\":\"conditions\",\"searchable\":false,\"sortable\":false}},\"role\":{\"edit\":{\"label\":\"role\",\"description\":\"\",\"placeholder\":\"\",\"visible\":true,\"editable\":true,\"mainField\":\"name\"},\"list\":{\"label\":\"role\",\"searchable\":true,\"sortable\":true}},\"createdAt\":{\"edit\":{\"label\":\"createdAt\",\"description\":\"\",\"placeholder\":\"\",\"visible\":false,\"editable\":true},\"list\":{\"label\":\"createdAt\",\"searchable\":true,\"sortable\":true}},\"updatedAt\":{\"edit\":{\"label\":\"updatedAt\",\"description\":\"\",\"placeholder\":\"\",\"visible\":false,\"editable\":true},\"list\":{\"label\":\"updatedAt\",\"searchable\":true,\"sortable\":true}},\"createdBy\":{\"edit\":{\"label\":\"createdBy\",\"description\":\"\",\"placeholder\":\"\",\"visible\":false,\"editable\":true,\"mainField\":\"firstname\"},\"list\":{\"label\":\"createdBy\",\"searchable\":true,\"sortable\":true}},\"updatedBy\":{\"edit\":{\"label\":\"updatedBy\",\"description\":\"\",\"placeholder\":\"\",\"visible\":false,\"editable\":true,\"mainField\":\"firstname\"},\"list\":{\"label\":\"updatedBy\",\"searchable\":true,\"sortable\":true}}},\"layouts\":{\"list\":[\"id\",\"action\",\"subject\",\"role\"],\"edit\":[[{\"name\":\"action\",\"size\":6}],[{\"name\":\"actionParameters\",\"size\":12}],[{\"name\":\"subject\",\"size\":6}],[{\"name\":\"properties\",\"size\":12}],[{\"name\":\"conditions\",\"size\":12}],[{\"name\":\"role\",\"size\":6}]]},\"uid\":\"admin::permission\"}','object',NULL,NULL),(12,'plugin_content_manager_configuration_content_types::admin::user','{\"settings\":{\"bulkable\":true,\"filterable\":true,\"searchable\":true,\"pageSize\":10,\"mainField\":\"firstname\",\"defaultSortBy\":\"firstname\",\"defaultSortOrder\":\"ASC\"},\"metadatas\":{\"id\":{\"edit\":{},\"list\":{\"label\":\"id\",\"searchable\":true,\"sortable\":true}},\"firstname\":{\"edit\":{\"label\":\"firstname\",\"description\":\"\",\"placeholder\":\"\",\"visible\":true,\"editable\":true},\"list\":{\"label\":\"firstname\",\"searchable\":true,\"sortable\":true}},\"lastname\":{\"edit\":{\"label\":\"lastname\",\"description\":\"\",\"placeholder\":\"\",\"visible\":true,\"editable\":true},\"list\":{\"label\":\"lastname\",\"searchable\":true,\"sortable\":true}},\"username\":{\"edit\":{\"label\":\"username\",\"description\":\"\",\"placeholder\":\"\",\"visible\":true,\"editable\":true},\"list\":{\"label\":\"username\",\"searchable\":true,\"sortable\":true}},\"email\":{\"edit\":{\"label\":\"email\",\"description\":\"\",\"placeholder\":\"\",\"visible\":true,\"editable\":true},\"list\":{\"label\":\"email\",\"searchable\":true,\"sortable\":true}},\"password\":{\"edit\":{\"label\":\"password\",\"description\":\"\",\"placeholder\":\"\",\"visible\":true,\"editable\":true},\"list\":{\"label\":\"password\",\"searchable\":true,\"sortable\":true}},\"resetPasswordToken\":{\"edit\":{\"label\":\"resetPasswordToken\",\"description\":\"\",\"placeholder\":\"\",\"visible\":false,\"editable\":true},\"list\":{\"label\":\"resetPasswordToken\",\"searchable\":true,\"sortable\":true}},\"registrationToken\":{\"edit\":{\"label\":\"registrationToken\",\"description\":\"\",\"placeholder\":\"\",\"visible\":false,\"editable\":true},\"list\":{\"label\":\"registrationToken\",\"searchable\":true,\"sortable\":true}},\"isActive\":{\"edit\":{\"label\":\"isActive\",\"description\":\"\",\"placeholder\":\"\",\"visible\":true,\"editable\":true},\"list\":{\"label\":\"isActive\",\"searchable\":true,\"sortable\":true}},\"roles\":{\"edit\":{\"label\":\"roles\",\"description\":\"\",\"placeholder\":\"\",\"visible\":true,\"editable\":true,\"mainField\":\"name\"},\"list\":{\"label\":\"roles\",\"searchable\":false,\"sortable\":false}},\"blocked\":{\"edit\":{\"label\":\"blocked\",\"description\":\"\",\"placeholder\":\"\",\"visible\":true,\"editable\":true},\"list\":{\"label\":\"blocked\",\"searchable\":true,\"sortable\":true}},\"preferedLanguage\":{\"edit\":{\"label\":\"preferedLanguage\",\"description\":\"\",\"placeholder\":\"\",\"visible\":true,\"editable\":true},\"list\":{\"label\":\"preferedLanguage\",\"searchable\":true,\"sortable\":true}},\"createdAt\":{\"edit\":{\"label\":\"createdAt\",\"description\":\"\",\"placeholder\":\"\",\"visible\":false,\"editable\":true},\"list\":{\"label\":\"createdAt\",\"searchable\":true,\"sortable\":true}},\"updatedAt\":{\"edit\":{\"label\":\"updatedAt\",\"description\":\"\",\"placeholder\":\"\",\"visible\":false,\"editable\":true},\"list\":{\"label\":\"updatedAt\",\"searchable\":true,\"sortable\":true}},\"createdBy\":{\"edit\":{\"label\":\"createdBy\",\"description\":\"\",\"placeholder\":\"\",\"visible\":false,\"editable\":true,\"mainField\":\"firstname\"},\"list\":{\"label\":\"createdBy\",\"searchable\":true,\"sortable\":true}},\"updatedBy\":{\"edit\":{\"label\":\"updatedBy\",\"description\":\"\",\"placeholder\":\"\",\"visible\":false,\"editable\":true,\"mainField\":\"firstname\"},\"list\":{\"label\":\"updatedBy\",\"searchable\":true,\"sortable\":true}}},\"layouts\":{\"list\":[\"id\",\"firstname\",\"lastname\",\"username\"],\"edit\":[[{\"name\":\"firstname\",\"size\":6},{\"name\":\"lastname\",\"size\":6}],[{\"name\":\"username\",\"size\":6},{\"name\":\"email\",\"size\":6}],[{\"name\":\"password\",\"size\":6},{\"name\":\"isActive\",\"size\":4}],[{\"name\":\"roles\",\"size\":6},{\"name\":\"blocked\",\"size\":4}],[{\"name\":\"preferedLanguage\",\"size\":6}]]},\"uid\":\"admin::user\"}','object',NULL,NULL),(13,'plugin_content_manager_configuration_content_types::admin::role','{\"settings\":{\"bulkable\":true,\"filterable\":true,\"searchable\":true,\"pageSize\":10,\"mainField\":\"name\",\"defaultSortBy\":\"name\",\"defaultSortOrder\":\"ASC\"},\"metadatas\":{\"id\":{\"edit\":{},\"list\":{\"label\":\"id\",\"searchable\":true,\"sortable\":true}},\"name\":{\"edit\":{\"label\":\"name\",\"description\":\"\",\"placeholder\":\"\",\"visible\":true,\"editable\":true},\"list\":{\"label\":\"name\",\"searchable\":true,\"sortable\":true}},\"code\":{\"edit\":{\"label\":\"code\",\"description\":\"\",\"placeholder\":\"\",\"visible\":true,\"editable\":true},\"list\":{\"label\":\"code\",\"searchable\":true,\"sortable\":true}},\"description\":{\"edit\":{\"label\":\"description\",\"description\":\"\",\"placeholder\":\"\",\"visible\":true,\"editable\":true},\"list\":{\"label\":\"description\",\"searchable\":true,\"sortable\":true}},\"users\":{\"edit\":{\"label\":\"users\",\"description\":\"\",\"placeholder\":\"\",\"visible\":true,\"editable\":true,\"mainField\":\"firstname\"},\"list\":{\"label\":\"users\",\"searchable\":false,\"sortable\":false}},\"permissions\":{\"edit\":{\"label\":\"permissions\",\"description\":\"\",\"placeholder\":\"\",\"visible\":true,\"editable\":true,\"mainField\":\"action\"},\"list\":{\"label\":\"permissions\",\"searchable\":false,\"sortable\":false}},\"createdAt\":{\"edit\":{\"label\":\"createdAt\",\"description\":\"\",\"placeholder\":\"\",\"visible\":false,\"editable\":true},\"list\":{\"label\":\"createdAt\",\"searchable\":true,\"sortable\":true}},\"updatedAt\":{\"edit\":{\"label\":\"updatedAt\",\"description\":\"\",\"placeholder\":\"\",\"visible\":false,\"editable\":true},\"list\":{\"label\":\"updatedAt\",\"searchable\":true,\"sortable\":true}},\"createdBy\":{\"edit\":{\"label\":\"createdBy\",\"description\":\"\",\"placeholder\":\"\",\"visible\":false,\"editable\":true,\"mainField\":\"firstname\"},\"list\":{\"label\":\"createdBy\",\"searchable\":true,\"sortable\":true}},\"updatedBy\":{\"edit\":{\"label\":\"updatedBy\",\"description\":\"\",\"placeholder\":\"\",\"visible\":false,\"editable\":true,\"mainField\":\"firstname\"},\"list\":{\"label\":\"updatedBy\",\"searchable\":true,\"sortable\":true}}},\"layouts\":{\"list\":[\"id\",\"name\",\"code\",\"description\"],\"edit\":[[{\"name\":\"name\",\"size\":6},{\"name\":\"code\",\"size\":6}],[{\"name\":\"description\",\"size\":6},{\"name\":\"users\",\"size\":6}],[{\"name\":\"permissions\",\"size\":6}]]},\"uid\":\"admin::role\"}','object',NULL,NULL),(14,'plugin_content_manager_configuration_content_types::admin::api-token','{\"settings\":{\"bulkable\":true,\"filterable\":true,\"searchable\":true,\"pageSize\":10,\"mainField\":\"name\",\"defaultSortBy\":\"name\",\"defaultSortOrder\":\"ASC\"},\"metadatas\":{\"id\":{\"edit\":{},\"list\":{\"label\":\"id\",\"searchable\":true,\"sortable\":true}},\"name\":{\"edit\":{\"label\":\"name\",\"description\":\"\",\"placeholder\":\"\",\"visible\":true,\"editable\":true},\"list\":{\"label\":\"name\",\"searchable\":true,\"sortable\":true}},\"description\":{\"edit\":{\"label\":\"description\",\"description\":\"\",\"placeholder\":\"\",\"visible\":true,\"editable\":true},\"list\":{\"label\":\"description\",\"searchable\":true,\"sortable\":true}},\"type\":{\"edit\":{\"label\":\"type\",\"description\":\"\",\"placeholder\":\"\",\"visible\":true,\"editable\":true},\"list\":{\"label\":\"type\",\"searchable\":true,\"sortable\":true}},\"accessKey\":{\"edit\":{\"label\":\"accessKey\",\"description\":\"\",\"placeholder\":\"\",\"visible\":true,\"editable\":true},\"list\":{\"label\":\"accessKey\",\"searchable\":true,\"sortable\":true}},\"lastUsedAt\":{\"edit\":{\"label\":\"lastUsedAt\",\"description\":\"\",\"placeholder\":\"\",\"visible\":true,\"editable\":true},\"list\":{\"label\":\"lastUsedAt\",\"searchable\":true,\"sortable\":true}},\"permissions\":{\"edit\":{\"label\":\"permissions\",\"description\":\"\",\"placeholder\":\"\",\"visible\":true,\"editable\":true,\"mainField\":\"action\"},\"list\":{\"label\":\"permissions\",\"searchable\":false,\"sortable\":false}},\"expiresAt\":{\"edit\":{\"label\":\"expiresAt\",\"description\":\"\",\"placeholder\":\"\",\"visible\":true,\"editable\":true},\"list\":{\"label\":\"expiresAt\",\"searchable\":true,\"sortable\":true}},\"lifespan\":{\"edit\":{\"label\":\"lifespan\",\"description\":\"\",\"placeholder\":\"\",\"visible\":true,\"editable\":true},\"list\":{\"label\":\"lifespan\",\"searchable\":true,\"sortable\":true}},\"createdAt\":{\"edit\":{\"label\":\"createdAt\",\"description\":\"\",\"placeholder\":\"\",\"visible\":false,\"editable\":true},\"list\":{\"label\":\"createdAt\",\"searchable\":true,\"sortable\":true}},\"updatedAt\":{\"edit\":{\"label\":\"updatedAt\",\"description\":\"\",\"placeholder\":\"\",\"visible\":false,\"editable\":true},\"list\":{\"label\":\"updatedAt\",\"searchable\":true,\"sortable\":true}},\"createdBy\":{\"edit\":{\"label\":\"createdBy\",\"description\":\"\",\"placeholder\":\"\",\"visible\":false,\"editable\":true,\"mainField\":\"firstname\"},\"list\":{\"label\":\"createdBy\",\"searchable\":true,\"sortable\":true}},\"updatedBy\":{\"edit\":{\"label\":\"updatedBy\",\"description\":\"\",\"placeholder\":\"\",\"visible\":false,\"editable\":true,\"mainField\":\"firstname\"},\"list\":{\"label\":\"updatedBy\",\"searchable\":true,\"sortable\":true}}},\"layouts\":{\"list\":[\"id\",\"name\",\"description\",\"type\"],\"edit\":[[{\"name\":\"name\",\"size\":6},{\"name\":\"description\",\"size\":6}],[{\"name\":\"type\",\"size\":6},{\"name\":\"accessKey\",\"size\":6}],[{\"name\":\"lastUsedAt\",\"size\":6},{\"name\":\"permissions\",\"size\":6}],[{\"name\":\"expiresAt\",\"size\":6},{\"name\":\"lifespan\",\"size\":4}]]},\"uid\":\"admin::api-token\"}','object',NULL,NULL),(15,'plugin_content_manager_configuration_content_types::plugin::review-workflows.workflow-stage','{\"settings\":{\"bulkable\":true,\"filterable\":true,\"searchable\":true,\"pageSize\":10,\"mainField\":\"name\",\"defaultSortBy\":\"name\",\"defaultSortOrder\":\"ASC\"},\"metadatas\":{\"id\":{\"edit\":{},\"list\":{\"label\":\"id\",\"searchable\":true,\"sortable\":true}},\"name\":{\"edit\":{\"label\":\"name\",\"description\":\"\",\"placeholder\":\"\",\"visible\":true,\"editable\":true},\"list\":{\"label\":\"name\",\"searchable\":true,\"sortable\":true}},\"color\":{\"edit\":{\"label\":\"color\",\"description\":\"\",\"placeholder\":\"\",\"visible\":true,\"editable\":true},\"list\":{\"label\":\"color\",\"searchable\":true,\"sortable\":true}},\"workflow\":{\"edit\":{\"label\":\"workflow\",\"description\":\"\",\"placeholder\":\"\",\"visible\":true,\"editable\":true,\"mainField\":\"name\"},\"list\":{\"label\":\"workflow\",\"searchable\":true,\"sortable\":true}},\"permissions\":{\"edit\":{\"label\":\"permissions\",\"description\":\"\",\"placeholder\":\"\",\"visible\":true,\"editable\":true,\"mainField\":\"action\"},\"list\":{\"label\":\"permissions\",\"searchable\":false,\"sortable\":false}},\"createdAt\":{\"edit\":{\"label\":\"createdAt\",\"description\":\"\",\"placeholder\":\"\",\"visible\":false,\"editable\":true},\"list\":{\"label\":\"createdAt\",\"searchable\":true,\"sortable\":true}},\"updatedAt\":{\"edit\":{\"label\":\"updatedAt\",\"description\":\"\",\"placeholder\":\"\",\"visible\":false,\"editable\":true},\"list\":{\"label\":\"updatedAt\",\"searchable\":true,\"sortable\":true}},\"createdBy\":{\"edit\":{\"label\":\"createdBy\",\"description\":\"\",\"placeholder\":\"\",\"visible\":false,\"editable\":true,\"mainField\":\"firstname\"},\"list\":{\"label\":\"createdBy\",\"searchable\":true,\"sortable\":true}},\"updatedBy\":{\"edit\":{\"label\":\"updatedBy\",\"description\":\"\",\"placeholder\":\"\",\"visible\":false,\"editable\":true,\"mainField\":\"firstname\"},\"list\":{\"label\":\"updatedBy\",\"searchable\":true,\"sortable\":true}}},\"layouts\":{\"list\":[\"id\",\"name\",\"color\",\"workflow\"],\"edit\":[[{\"name\":\"name\",\"size\":6},{\"name\":\"color\",\"size\":6}],[{\"name\":\"workflow\",\"size\":6},{\"name\":\"permissions\",\"size\":6}]]},\"uid\":\"plugin::review-workflows.workflow-stage\"}','object',NULL,NULL),(16,'plugin_content_manager_configuration_content_types::admin::transfer-token','{\"settings\":{\"bulkable\":true,\"filterable\":true,\"searchable\":true,\"pageSize\":10,\"mainField\":\"name\",\"defaultSortBy\":\"name\",\"defaultSortOrder\":\"ASC\"},\"metadatas\":{\"id\":{\"edit\":{},\"list\":{\"label\":\"id\",\"searchable\":true,\"sortable\":true}},\"name\":{\"edit\":{\"label\":\"name\",\"description\":\"\",\"placeholder\":\"\",\"visible\":true,\"editable\":true},\"list\":{\"label\":\"name\",\"searchable\":true,\"sortable\":true}},\"description\":{\"edit\":{\"label\":\"description\",\"description\":\"\",\"placeholder\":\"\",\"visible\":true,\"editable\":true},\"list\":{\"label\":\"description\",\"searchable\":true,\"sortable\":true}},\"accessKey\":{\"edit\":{\"label\":\"accessKey\",\"description\":\"\",\"placeholder\":\"\",\"visible\":true,\"editable\":true},\"list\":{\"label\":\"accessKey\",\"searchable\":true,\"sortable\":true}},\"lastUsedAt\":{\"edit\":{\"label\":\"lastUsedAt\",\"description\":\"\",\"placeholder\":\"\",\"visible\":true,\"editable\":true},\"list\":{\"label\":\"lastUsedAt\",\"searchable\":true,\"sortable\":true}},\"permissions\":{\"edit\":{\"label\":\"permissions\",\"description\":\"\",\"placeholder\":\"\",\"visible\":true,\"editable\":true,\"mainField\":\"action\"},\"list\":{\"label\":\"permissions\",\"searchable\":false,\"sortable\":false}},\"expiresAt\":{\"edit\":{\"label\":\"expiresAt\",\"description\":\"\",\"placeholder\":\"\",\"visible\":true,\"editable\":true},\"list\":{\"label\":\"expiresAt\",\"searchable\":true,\"sortable\":true}},\"lifespan\":{\"edit\":{\"label\":\"lifespan\",\"description\":\"\",\"placeholder\":\"\",\"visible\":true,\"editable\":true},\"list\":{\"label\":\"lifespan\",\"searchable\":true,\"sortable\":true}},\"createdAt\":{\"edit\":{\"label\":\"createdAt\",\"description\":\"\",\"placeholder\":\"\",\"visible\":false,\"editable\":true},\"list\":{\"label\":\"createdAt\",\"searchable\":true,\"sortable\":true}},\"updatedAt\":{\"edit\":{\"label\":\"updatedAt\",\"description\":\"\",\"placeholder\":\"\",\"visible\":false,\"editable\":true},\"list\":{\"label\":\"updatedAt\",\"searchable\":true,\"sortable\":true}},\"createdBy\":{\"edit\":{\"label\":\"createdBy\",\"description\":\"\",\"placeholder\":\"\",\"visible\":false,\"editable\":true,\"mainField\":\"firstname\"},\"list\":{\"label\":\"createdBy\",\"searchable\":true,\"sortable\":true}},\"updatedBy\":{\"edit\":{\"label\":\"updatedBy\",\"description\":\"\",\"placeholder\":\"\",\"visible\":false,\"editable\":true,\"mainField\":\"firstname\"},\"list\":{\"label\":\"updatedBy\",\"searchable\":true,\"sortable\":true}}},\"layouts\":{\"list\":[\"id\",\"name\",\"description\",\"accessKey\"],\"edit\":[[{\"name\":\"name\",\"size\":6},{\"name\":\"description\",\"size\":6}],[{\"name\":\"accessKey\",\"size\":6},{\"name\":\"lastUsedAt\",\"size\":6}],[{\"name\":\"permissions\",\"size\":6},{\"name\":\"expiresAt\",\"size\":6}],[{\"name\":\"lifespan\",\"size\":4}]]},\"uid\":\"admin::transfer-token\"}','object',NULL,NULL),(17,'plugin_content_manager_configuration_content_types::admin::transfer-token-permission','{\"settings\":{\"bulkable\":true,\"filterable\":true,\"searchable\":true,\"pageSize\":10,\"mainField\":\"action\",\"defaultSortBy\":\"action\",\"defaultSortOrder\":\"ASC\"},\"metadatas\":{\"id\":{\"edit\":{},\"list\":{\"label\":\"id\",\"searchable\":true,\"sortable\":true}},\"action\":{\"edit\":{\"label\":\"action\",\"description\":\"\",\"placeholder\":\"\",\"visible\":true,\"editable\":true},\"list\":{\"label\":\"action\",\"searchable\":true,\"sortable\":true}},\"token\":{\"edit\":{\"label\":\"token\",\"description\":\"\",\"placeholder\":\"\",\"visible\":true,\"editable\":true,\"mainField\":\"name\"},\"list\":{\"label\":\"token\",\"searchable\":true,\"sortable\":true}},\"createdAt\":{\"edit\":{\"label\":\"createdAt\",\"description\":\"\",\"placeholder\":\"\",\"visible\":false,\"editable\":true},\"list\":{\"label\":\"createdAt\",\"searchable\":true,\"sortable\":true}},\"updatedAt\":{\"edit\":{\"label\":\"updatedAt\",\"description\":\"\",\"placeholder\":\"\",\"visible\":false,\"editable\":true},\"list\":{\"label\":\"updatedAt\",\"searchable\":true,\"sortable\":true}},\"createdBy\":{\"edit\":{\"label\":\"createdBy\",\"description\":\"\",\"placeholder\":\"\",\"visible\":false,\"editable\":true,\"mainField\":\"firstname\"},\"list\":{\"label\":\"createdBy\",\"searchable\":true,\"sortable\":true}},\"updatedBy\":{\"edit\":{\"label\":\"updatedBy\",\"description\":\"\",\"placeholder\":\"\",\"visible\":false,\"editable\":true,\"mainField\":\"firstname\"},\"list\":{\"label\":\"updatedBy\",\"searchable\":true,\"sortable\":true}}},\"layouts\":{\"list\":[\"id\",\"action\",\"token\",\"createdAt\"],\"edit\":[[{\"name\":\"action\",\"size\":6},{\"name\":\"token\",\"size\":6}]]},\"uid\":\"admin::transfer-token-permission\"}','object',NULL,NULL),(18,'plugin_content_manager_configuration_content_types::admin::api-token-permission','{\"settings\":{\"bulkable\":true,\"filterable\":true,\"searchable\":true,\"pageSize\":10,\"mainField\":\"action\",\"defaultSortBy\":\"action\",\"defaultSortOrder\":\"ASC\"},\"metadatas\":{\"id\":{\"edit\":{},\"list\":{\"label\":\"id\",\"searchable\":true,\"sortable\":true}},\"action\":{\"edit\":{\"label\":\"action\",\"description\":\"\",\"placeholder\":\"\",\"visible\":true,\"editable\":true},\"list\":{\"label\":\"action\",\"searchable\":true,\"sortable\":true}},\"token\":{\"edit\":{\"label\":\"token\",\"description\":\"\",\"placeholder\":\"\",\"visible\":true,\"editable\":true,\"mainField\":\"name\"},\"list\":{\"label\":\"token\",\"searchable\":true,\"sortable\":true}},\"createdAt\":{\"edit\":{\"label\":\"createdAt\",\"description\":\"\",\"placeholder\":\"\",\"visible\":false,\"editable\":true},\"list\":{\"label\":\"createdAt\",\"searchable\":true,\"sortable\":true}},\"updatedAt\":{\"edit\":{\"label\":\"updatedAt\",\"description\":\"\",\"placeholder\":\"\",\"visible\":false,\"editable\":true},\"list\":{\"label\":\"updatedAt\",\"searchable\":true,\"sortable\":true}},\"createdBy\":{\"edit\":{\"label\":\"createdBy\",\"description\":\"\",\"placeholder\":\"\",\"visible\":false,\"editable\":true,\"mainField\":\"firstname\"},\"list\":{\"label\":\"createdBy\",\"searchable\":true,\"sortable\":true}},\"updatedBy\":{\"edit\":{\"label\":\"updatedBy\",\"description\":\"\",\"placeholder\":\"\",\"visible\":false,\"editable\":true,\"mainField\":\"firstname\"},\"list\":{\"label\":\"updatedBy\",\"searchable\":true,\"sortable\":true}}},\"layouts\":{\"list\":[\"id\",\"action\",\"token\",\"createdAt\"],\"edit\":[[{\"name\":\"action\",\"size\":6},{\"name\":\"token\",\"size\":6}]]},\"uid\":\"admin::api-token-permission\"}','object',NULL,NULL),(19,'plugin_upload_settings','{\"sizeOptimization\":true,\"responsiveDimensions\":true,\"autoOrientation\":false}','object',NULL,NULL),(20,'plugin_upload_view_configuration','{\"pageSize\":10,\"sort\":\"createdAt:DESC\"}','object',NULL,NULL),(21,'plugin_upload_metrics','{\"weeklySchedule\":\"17 3 21 * * 3\",\"lastWeeklyUpdate\":1736955197053}','object',NULL,NULL),(22,'plugin_i18n_default_locale','\"en\"','string',NULL,NULL),(23,'plugin_users-permissions_grant','{\"email\":{\"icon\":\"envelope\",\"enabled\":true},\"discord\":{\"icon\":\"discord\",\"enabled\":false,\"key\":\"\",\"secret\":\"\",\"callbackUrl\":\"api/auth/discord/callback\",\"scope\":[\"identify\",\"email\"]},\"facebook\":{\"icon\":\"facebook-square\",\"enabled\":false,\"key\":\"\",\"secret\":\"\",\"callbackUrl\":\"api/auth/facebook/callback\",\"scope\":[\"email\"]},\"google\":{\"icon\":\"google\",\"enabled\":false,\"key\":\"\",\"secret\":\"\",\"callbackUrl\":\"api/auth/google/callback\",\"scope\":[\"email\"]},\"github\":{\"icon\":\"github\",\"enabled\":false,\"key\":\"\",\"secret\":\"\",\"callbackUrl\":\"api/auth/github/callback\",\"scope\":[\"user\",\"user:email\"]},\"microsoft\":{\"icon\":\"windows\",\"enabled\":false,\"key\":\"\",\"secret\":\"\",\"callbackUrl\":\"api/auth/microsoft/callback\",\"scope\":[\"user.read\"]},\"twitter\":{\"icon\":\"twitter\",\"enabled\":false,\"key\":\"\",\"secret\":\"\",\"callbackUrl\":\"api/auth/twitter/callback\"},\"instagram\":{\"icon\":\"instagram\",\"enabled\":false,\"key\":\"\",\"secret\":\"\",\"callbackUrl\":\"api/auth/instagram/callback\",\"scope\":[\"user_profile\"]},\"vk\":{\"icon\":\"vk\",\"enabled\":false,\"key\":\"\",\"secret\":\"\",\"callbackUrl\":\"api/auth/vk/callback\",\"scope\":[\"email\"]},\"twitch\":{\"icon\":\"twitch\",\"enabled\":false,\"key\":\"\",\"secret\":\"\",\"callbackUrl\":\"api/auth/twitch/callback\",\"scope\":[\"user:read:email\"]},\"linkedin\":{\"icon\":\"linkedin\",\"enabled\":false,\"key\":\"\",\"secret\":\"\",\"callbackUrl\":\"api/auth/linkedin/callback\",\"scope\":[\"r_liteprofile\",\"r_emailaddress\"]},\"cognito\":{\"icon\":\"aws\",\"enabled\":false,\"key\":\"\",\"secret\":\"\",\"subdomain\":\"my.subdomain.com\",\"callback\":\"api/auth/cognito/callback\",\"scope\":[\"email\",\"openid\",\"profile\"]},\"reddit\":{\"icon\":\"reddit\",\"enabled\":false,\"key\":\"\",\"secret\":\"\",\"callback\":\"api/auth/reddit/callback\",\"scope\":[\"identity\"]},\"auth0\":{\"icon\":\"\",\"enabled\":false,\"key\":\"\",\"secret\":\"\",\"subdomain\":\"my-tenant.eu\",\"callback\":\"api/auth/auth0/callback\",\"scope\":[\"openid\",\"email\",\"profile\"]},\"cas\":{\"icon\":\"book\",\"enabled\":false,\"key\":\"\",\"secret\":\"\",\"callback\":\"api/auth/cas/callback\",\"scope\":[\"openid email\"],\"subdomain\":\"my.subdomain.com/cas\"},\"patreon\":{\"icon\":\"\",\"enabled\":false,\"key\":\"\",\"secret\":\"\",\"callback\":\"api/auth/patreon/callback\",\"scope\":[\"identity\",\"identity[email]\"]},\"keycloak\":{\"icon\":\"\",\"enabled\":false,\"key\":\"\",\"secret\":\"\",\"subdomain\":\"myKeycloakProvider.com/realms/myrealm\",\"callback\":\"api/auth/keycloak/callback\",\"scope\":[\"openid\",\"email\",\"profile\"]}}','object',NULL,NULL),(24,'plugin_users-permissions_email','{\"reset_password\":{\"display\":\"Email.template.reset_password\",\"icon\":\"sync\",\"options\":{\"from\":{\"name\":\"Administration Panel\",\"email\":\"no-reply@strapi.io\"},\"response_email\":\"\",\"object\":\"Reset password\",\"message\":\"<p>We heard that you lost your password. Sorry about that!</p>\\n\\n<p>But don’t worry! You can use the following link to reset your password:</p>\\n<p><%= URL %>?code=<%= TOKEN %></p>\\n\\n<p>Thanks.</p>\"}},\"email_confirmation\":{\"display\":\"Email.template.email_confirmation\",\"icon\":\"check-square\",\"options\":{\"from\":{\"name\":\"Administration Panel\",\"email\":\"no-reply@strapi.io\"},\"response_email\":\"\",\"object\":\"Account confirmation\",\"message\":\"<p>Thank you for registering!</p>\\n\\n<p>You have to confirm your email address. Please click on the link below.</p>\\n\\n<p><%= URL %>?confirmation=<%= CODE %></p>\\n\\n<p>Thanks.</p>\"}}}','object',NULL,NULL),(25,'plugin_users-permissions_advanced','{\"unique_email\":true,\"allow_register\":true,\"email_confirmation\":false,\"email_reset_password\":null,\"email_confirmation_redirection\":null,\"default_role\":\"authenticated\"}','object',NULL,NULL),(26,'core_admin_auth','{\"providers\":{\"autoRegister\":false,\"defaultRole\":null,\"ssoLockedRoles\":null}}','object',NULL,NULL),(27,'plugin_content_manager_configuration_content_types::api::article.article','{\"settings\":{\"bulkable\":true,\"filterable\":true,\"searchable\":true,\"pageSize\":10,\"mainField\":\"title\",\"defaultSortBy\":\"title\",\"defaultSortOrder\":\"ASC\"},\"metadatas\":{\"id\":{\"edit\":{},\"list\":{\"label\":\"id\",\"searchable\":true,\"sortable\":true}},\"title\":{\"edit\":{\"label\":\"title\",\"description\":\"\",\"placeholder\":\"\",\"visible\":true,\"editable\":true},\"list\":{\"label\":\"title\",\"searchable\":true,\"sortable\":true}},\"description\":{\"edit\":{\"label\":\"description\",\"description\":\"\",\"placeholder\":\"\",\"visible\":true,\"editable\":true},\"list\":{\"label\":\"description\",\"searchable\":true,\"sortable\":true}},\"slug\":{\"edit\":{\"label\":\"slug\",\"description\":\"\",\"placeholder\":\"\",\"visible\":true,\"editable\":true},\"list\":{\"label\":\"slug\",\"searchable\":true,\"sortable\":true}},\"cover\":{\"edit\":{\"label\":\"cover\",\"description\":\"\",\"placeholder\":\"\",\"visible\":true,\"editable\":true},\"list\":{\"label\":\"cover\",\"searchable\":false,\"sortable\":false}},\"author\":{\"edit\":{\"label\":\"author\",\"description\":\"\",\"placeholder\":\"\",\"visible\":true,\"editable\":true,\"mainField\":\"name\"},\"list\":{\"label\":\"author\",\"searchable\":true,\"sortable\":true}},\"category\":{\"edit\":{\"label\":\"category\",\"description\":\"\",\"placeholder\":\"\",\"visible\":true,\"editable\":true,\"mainField\":\"name\"},\"list\":{\"label\":\"category\",\"searchable\":true,\"sortable\":true}},\"blocks\":{\"edit\":{\"label\":\"blocks\",\"description\":\"\",\"placeholder\":\"\",\"visible\":true,\"editable\":true},\"list\":{\"label\":\"blocks\",\"searchable\":false,\"sortable\":false}},\"createdAt\":{\"edit\":{\"label\":\"createdAt\",\"description\":\"\",\"placeholder\":\"\",\"visible\":false,\"editable\":true},\"list\":{\"label\":\"createdAt\",\"searchable\":true,\"sortable\":true}},\"updatedAt\":{\"edit\":{\"label\":\"updatedAt\",\"description\":\"\",\"placeholder\":\"\",\"visible\":false,\"editable\":true},\"list\":{\"label\":\"updatedAt\",\"searchable\":true,\"sortable\":true}},\"createdBy\":{\"edit\":{\"label\":\"createdBy\",\"description\":\"\",\"placeholder\":\"\",\"visible\":false,\"editable\":true,\"mainField\":\"firstname\"},\"list\":{\"label\":\"createdBy\",\"searchable\":true,\"sortable\":true}},\"updatedBy\":{\"edit\":{\"label\":\"updatedBy\",\"description\":\"\",\"placeholder\":\"\",\"visible\":false,\"editable\":true,\"mainField\":\"firstname\"},\"list\":{\"label\":\"updatedBy\",\"searchable\":true,\"sortable\":true}}},\"layouts\":{\"list\":[\"id\",\"createdAt\",\"updatedAt\",\"title\"],\"edit\":[[{\"name\":\"title\",\"size\":6},{\"name\":\"description\",\"size\":6}],[{\"name\":\"slug\",\"size\":6},{\"name\":\"cover\",\"size\":6}],[{\"name\":\"author\",\"size\":6},{\"name\":\"category\",\"size\":6}],[{\"name\":\"blocks\",\"size\":12}]]},\"uid\":\"api::article.article\"}','object',NULL,NULL),(29,'plugin_content_manager_configuration_components::shared.slider','{\"settings\":{\"bulkable\":true,\"filterable\":true,\"searchable\":true,\"pageSize\":10,\"mainField\":\"id\",\"defaultSortBy\":\"id\",\"defaultSortOrder\":\"ASC\"},\"metadatas\":{\"id\":{\"edit\":{},\"list\":{\"label\":\"id\",\"searchable\":false,\"sortable\":false}},\"files\":{\"edit\":{\"label\":\"files\",\"description\":\"\",\"placeholder\":\"\",\"visible\":true,\"editable\":true},\"list\":{\"label\":\"files\",\"searchable\":false,\"sortable\":false}}},\"layouts\":{\"list\":[\"id\",\"files\"],\"edit\":[[{\"name\":\"files\",\"size\":6}]]},\"uid\":\"shared.slider\",\"isComponent\":true}','object',NULL,NULL),(30,'plugin_content_manager_configuration_components::shared.seo','{\"settings\":{\"bulkable\":true,\"filterable\":true,\"searchable\":true,\"pageSize\":10,\"mainField\":\"metaTitle\",\"defaultSortBy\":\"metaTitle\",\"defaultSortOrder\":\"ASC\"},\"metadatas\":{\"id\":{\"edit\":{},\"list\":{\"label\":\"id\",\"searchable\":false,\"sortable\":false}},\"metaTitle\":{\"edit\":{\"label\":\"metaTitle\",\"description\":\"\",\"placeholder\":\"\",\"visible\":true,\"editable\":true},\"list\":{\"label\":\"metaTitle\",\"searchable\":true,\"sortable\":true}},\"metaDescription\":{\"edit\":{\"label\":\"metaDescription\",\"description\":\"\",\"placeholder\":\"\",\"visible\":true,\"editable\":true},\"list\":{\"label\":\"metaDescription\",\"searchable\":true,\"sortable\":true}},\"shareImage\":{\"edit\":{\"label\":\"shareImage\",\"description\":\"\",\"placeholder\":\"\",\"visible\":true,\"editable\":true},\"list\":{\"label\":\"shareImage\",\"searchable\":false,\"sortable\":false}}},\"layouts\":{\"list\":[\"id\",\"metaTitle\",\"metaDescription\",\"shareImage\"],\"edit\":[[{\"name\":\"metaTitle\",\"size\":6},{\"name\":\"metaDescription\",\"size\":6}],[{\"name\":\"shareImage\",\"size\":6}]]},\"uid\":\"shared.seo\",\"isComponent\":true}','object',NULL,NULL),(31,'plugin_content_manager_configuration_components::shared.rich-text','{\"settings\":{\"bulkable\":true,\"filterable\":true,\"searchable\":true,\"pageSize\":10,\"mainField\":\"id\",\"defaultSortBy\":\"id\",\"defaultSortOrder\":\"ASC\"},\"metadatas\":{\"id\":{\"edit\":{},\"list\":{\"label\":\"id\",\"searchable\":false,\"sortable\":false}},\"body\":{\"edit\":{\"label\":\"body\",\"description\":\"\",\"placeholder\":\"\",\"visible\":true,\"editable\":true},\"list\":{\"label\":\"body\",\"searchable\":false,\"sortable\":false}}},\"layouts\":{\"list\":[\"id\"],\"edit\":[[{\"name\":\"body\",\"size\":12}]]},\"uid\":\"shared.rich-text\",\"isComponent\":true}','object',NULL,NULL),(32,'plugin_content_manager_configuration_components::shared.quote','{\"settings\":{\"bulkable\":true,\"filterable\":true,\"searchable\":true,\"pageSize\":10,\"mainField\":\"title\",\"defaultSortBy\":\"title\",\"defaultSortOrder\":\"ASC\"},\"metadatas\":{\"id\":{\"edit\":{},\"list\":{\"label\":\"id\",\"searchable\":false,\"sortable\":false}},\"title\":{\"edit\":{\"label\":\"title\",\"description\":\"\",\"placeholder\":\"\",\"visible\":true,\"editable\":true},\"list\":{\"label\":\"title\",\"searchable\":true,\"sortable\":true}},\"body\":{\"edit\":{\"label\":\"body\",\"description\":\"\",\"placeholder\":\"\",\"visible\":true,\"editable\":true},\"list\":{\"label\":\"body\",\"searchable\":true,\"sortable\":true}}},\"layouts\":{\"list\":[\"id\",\"title\",\"body\"],\"edit\":[[{\"name\":\"title\",\"size\":6},{\"name\":\"body\",\"size\":6}]]},\"uid\":\"shared.quote\",\"isComponent\":true}','object',NULL,NULL),(33,'plugin_content_manager_configuration_components::shared.media','{\"settings\":{\"bulkable\":true,\"filterable\":true,\"searchable\":true,\"pageSize\":10,\"mainField\":\"id\",\"defaultSortBy\":\"id\",\"defaultSortOrder\":\"ASC\"},\"metadatas\":{\"id\":{\"edit\":{},\"list\":{\"label\":\"id\",\"searchable\":false,\"sortable\":false}},\"file\":{\"edit\":{\"label\":\"file\",\"description\":\"\",\"placeholder\":\"\",\"visible\":true,\"editable\":true},\"list\":{\"label\":\"file\",\"searchable\":false,\"sortable\":false}}},\"layouts\":{\"list\":[\"id\",\"file\"],\"edit\":[[{\"name\":\"file\",\"size\":6}]]},\"uid\":\"shared.media\",\"isComponent\":true}','object',NULL,NULL),(34,'plugin_content_manager_configuration_content_types::api::about.about','{\"settings\":{\"bulkable\":true,\"filterable\":true,\"searchable\":true,\"pageSize\":10,\"mainField\":\"title\",\"defaultSortBy\":\"title\",\"defaultSortOrder\":\"ASC\"},\"metadatas\":{\"id\":{\"edit\":{},\"list\":{\"label\":\"id\",\"searchable\":true,\"sortable\":true}},\"title\":{\"edit\":{\"label\":\"title\",\"description\":\"\",\"placeholder\":\"\",\"visible\":true,\"editable\":true},\"list\":{\"label\":\"title\",\"searchable\":true,\"sortable\":true}},\"blocks\":{\"edit\":{\"label\":\"blocks\",\"description\":\"\",\"placeholder\":\"\",\"visible\":true,\"editable\":true},\"list\":{\"label\":\"blocks\",\"searchable\":false,\"sortable\":false}},\"createdAt\":{\"edit\":{\"label\":\"createdAt\",\"description\":\"\",\"placeholder\":\"\",\"visible\":false,\"editable\":true},\"list\":{\"label\":\"createdAt\",\"searchable\":true,\"sortable\":true}},\"updatedAt\":{\"edit\":{\"label\":\"updatedAt\",\"description\":\"\",\"placeholder\":\"\",\"visible\":false,\"editable\":true},\"list\":{\"label\":\"updatedAt\",\"searchable\":true,\"sortable\":true}},\"createdBy\":{\"edit\":{\"label\":\"createdBy\",\"description\":\"\",\"placeholder\":\"\",\"visible\":false,\"editable\":true,\"mainField\":\"firstname\"},\"list\":{\"label\":\"createdBy\",\"searchable\":true,\"sortable\":true}},\"updatedBy\":{\"edit\":{\"label\":\"updatedBy\",\"description\":\"\",\"placeholder\":\"\",\"visible\":false,\"editable\":true,\"mainField\":\"firstname\"},\"list\":{\"label\":\"updatedBy\",\"searchable\":true,\"sortable\":true}}},\"layouts\":{\"list\":[\"id\",\"title\",\"createdAt\",\"updatedAt\"],\"edit\":[[{\"name\":\"title\",\"size\":6}],[{\"name\":\"blocks\",\"size\":12}]]},\"uid\":\"api::about.about\"}','object',NULL,NULL),(35,'plugin_content_manager_configuration_content_types::api::author.author','{\"settings\":{\"bulkable\":true,\"filterable\":true,\"searchable\":true,\"pageSize\":10,\"mainField\":\"name\",\"defaultSortBy\":\"name\",\"defaultSortOrder\":\"ASC\"},\"metadatas\":{\"id\":{\"edit\":{},\"list\":{\"label\":\"id\",\"searchable\":true,\"sortable\":true}},\"name\":{\"edit\":{\"label\":\"name\",\"description\":\"\",\"placeholder\":\"\",\"visible\":true,\"editable\":true},\"list\":{\"label\":\"name\",\"searchable\":true,\"sortable\":true}},\"avatar\":{\"edit\":{\"label\":\"avatar\",\"description\":\"\",\"placeholder\":\"\",\"visible\":true,\"editable\":true},\"list\":{\"label\":\"avatar\",\"searchable\":false,\"sortable\":false}},\"email\":{\"edit\":{\"label\":\"email\",\"description\":\"\",\"placeholder\":\"\",\"visible\":true,\"editable\":true},\"list\":{\"label\":\"email\",\"searchable\":true,\"sortable\":true}},\"articles\":{\"edit\":{\"label\":\"articles\",\"description\":\"\",\"placeholder\":\"\",\"visible\":true,\"editable\":true,\"mainField\":\"title\"},\"list\":{\"label\":\"articles\",\"searchable\":false,\"sortable\":false}},\"blogImage\":{\"edit\":{\"label\":\"blogImage\",\"description\":\"\",\"placeholder\":\"\",\"visible\":true,\"editable\":true},\"list\":{\"label\":\"blogImage\",\"searchable\":false,\"sortable\":false}},\"createdAt\":{\"edit\":{\"label\":\"createdAt\",\"description\":\"\",\"placeholder\":\"\",\"visible\":false,\"editable\":true},\"list\":{\"label\":\"createdAt\",\"searchable\":true,\"sortable\":true}},\"updatedAt\":{\"edit\":{\"label\":\"updatedAt\",\"description\":\"\",\"placeholder\":\"\",\"visible\":false,\"editable\":true},\"list\":{\"label\":\"updatedAt\",\"searchable\":true,\"sortable\":true}},\"createdBy\":{\"edit\":{\"label\":\"createdBy\",\"description\":\"\",\"placeholder\":\"\",\"visible\":false,\"editable\":true,\"mainField\":\"firstname\"},\"list\":{\"label\":\"createdBy\",\"searchable\":true,\"sortable\":true}},\"updatedBy\":{\"edit\":{\"label\":\"updatedBy\",\"description\":\"\",\"placeholder\":\"\",\"visible\":false,\"editable\":true,\"mainField\":\"firstname\"},\"list\":{\"label\":\"updatedBy\",\"searchable\":true,\"sortable\":true}}},\"layouts\":{\"list\":[\"id\",\"name\",\"avatar\",\"email\"],\"edit\":[[{\"name\":\"name\",\"size\":6},{\"name\":\"avatar\",\"size\":6}],[{\"name\":\"email\",\"size\":6},{\"name\":\"articles\",\"size\":6}],[{\"name\":\"blogImage\",\"size\":6}]]},\"uid\":\"api::author.author\"}','object',NULL,NULL),(36,'plugin_content_manager_configuration_content_types::api::category.category','{\"settings\":{\"bulkable\":true,\"filterable\":true,\"searchable\":true,\"pageSize\":10,\"mainField\":\"name\",\"defaultSortBy\":\"name\",\"defaultSortOrder\":\"ASC\"},\"metadatas\":{\"id\":{\"edit\":{},\"list\":{\"label\":\"id\",\"searchable\":true,\"sortable\":true}},\"name\":{\"edit\":{\"label\":\"name\",\"description\":\"\",\"placeholder\":\"\",\"visible\":true,\"editable\":true},\"list\":{\"label\":\"name\",\"searchable\":true,\"sortable\":true}},\"slug\":{\"edit\":{\"label\":\"slug\",\"description\":\"\",\"placeholder\":\"\",\"visible\":true,\"editable\":true},\"list\":{\"label\":\"slug\",\"searchable\":true,\"sortable\":true}},\"articles\":{\"edit\":{\"label\":\"articles\",\"description\":\"\",\"placeholder\":\"\",\"visible\":true,\"editable\":true,\"mainField\":\"title\"},\"list\":{\"label\":\"articles\",\"searchable\":false,\"sortable\":false}},\"description\":{\"edit\":{\"label\":\"description\",\"description\":\"\",\"placeholder\":\"\",\"visible\":true,\"editable\":true},\"list\":{\"label\":\"description\",\"searchable\":true,\"sortable\":true}},\"createdAt\":{\"edit\":{\"label\":\"createdAt\",\"description\":\"\",\"placeholder\":\"\",\"visible\":false,\"editable\":true},\"list\":{\"label\":\"createdAt\",\"searchable\":true,\"sortable\":true}},\"updatedAt\":{\"edit\":{\"label\":\"updatedAt\",\"description\":\"\",\"placeholder\":\"\",\"visible\":false,\"editable\":true},\"list\":{\"label\":\"updatedAt\",\"searchable\":true,\"sortable\":true}},\"createdBy\":{\"edit\":{\"label\":\"createdBy\",\"description\":\"\",\"placeholder\":\"\",\"visible\":false,\"editable\":true,\"mainField\":\"firstname\"},\"list\":{\"label\":\"createdBy\",\"searchable\":true,\"sortable\":true}},\"updatedBy\":{\"edit\":{\"label\":\"updatedBy\",\"description\":\"\",\"placeholder\":\"\",\"visible\":false,\"editable\":true,\"mainField\":\"firstname\"},\"list\":{\"label\":\"updatedBy\",\"searchable\":true,\"sortable\":true}}},\"layouts\":{\"list\":[\"id\",\"name\",\"slug\",\"articles\"],\"edit\":[[{\"name\":\"name\",\"size\":6},{\"name\":\"slug\",\"size\":6}],[{\"name\":\"articles\",\"size\":6},{\"name\":\"description\",\"size\":6}]]},\"uid\":\"api::category.category\"}','object',NULL,NULL),(37,'plugin_content_manager_configuration_content_types::api::global.global','{\"settings\":{\"bulkable\":true,\"filterable\":true,\"searchable\":true,\"pageSize\":10,\"mainField\":\"siteName\",\"defaultSortBy\":\"siteName\",\"defaultSortOrder\":\"ASC\"},\"metadatas\":{\"id\":{\"edit\":{},\"list\":{\"label\":\"id\",\"searchable\":true,\"sortable\":true}},\"siteName\":{\"edit\":{\"label\":\"siteName\",\"description\":\"\",\"placeholder\":\"\",\"visible\":true,\"editable\":true},\"list\":{\"label\":\"siteName\",\"searchable\":true,\"sortable\":true}},\"favicon\":{\"edit\":{\"label\":\"favicon\",\"description\":\"\",\"placeholder\":\"\",\"visible\":true,\"editable\":true},\"list\":{\"label\":\"favicon\",\"searchable\":false,\"sortable\":false}},\"siteDescription\":{\"edit\":{\"label\":\"siteDescription\",\"description\":\"\",\"placeholder\":\"\",\"visible\":true,\"editable\":true},\"list\":{\"label\":\"siteDescription\",\"searchable\":true,\"sortable\":true}},\"defaultSeo\":{\"edit\":{\"label\":\"defaultSeo\",\"description\":\"\",\"placeholder\":\"\",\"visible\":true,\"editable\":true},\"list\":{\"label\":\"defaultSeo\",\"searchable\":false,\"sortable\":false}},\"createdAt\":{\"edit\":{\"label\":\"createdAt\",\"description\":\"\",\"placeholder\":\"\",\"visible\":false,\"editable\":true},\"list\":{\"label\":\"createdAt\",\"searchable\":true,\"sortable\":true}},\"updatedAt\":{\"edit\":{\"label\":\"updatedAt\",\"description\":\"\",\"placeholder\":\"\",\"visible\":false,\"editable\":true},\"list\":{\"label\":\"updatedAt\",\"searchable\":true,\"sortable\":true}},\"createdBy\":{\"edit\":{\"label\":\"createdBy\",\"description\":\"\",\"placeholder\":\"\",\"visible\":false,\"editable\":true,\"mainField\":\"firstname\"},\"list\":{\"label\":\"createdBy\",\"searchable\":true,\"sortable\":true}},\"updatedBy\":{\"edit\":{\"label\":\"updatedBy\",\"description\":\"\",\"placeholder\":\"\",\"visible\":false,\"editable\":true,\"mainField\":\"firstname\"},\"list\":{\"label\":\"updatedBy\",\"searchable\":true,\"sortable\":true}}},\"layouts\":{\"list\":[\"id\",\"siteName\",\"favicon\",\"siteDescription\"],\"edit\":[[{\"name\":\"siteName\",\"size\":6},{\"name\":\"favicon\",\"size\":6}],[{\"name\":\"siteDescription\",\"size\":6}],[{\"name\":\"defaultSeo\",\"size\":12}]]},\"uid\":\"api::global.global\"}','object',NULL,NULL),(38,'type_setup_initHasRun','true','boolean','development',NULL),(39,'plugin_content_manager_configuration_content_types::api::course.course','{\"settings\":{\"bulkable\":true,\"filterable\":true,\"searchable\":true,\"pageSize\":10,\"mainField\":\"title\",\"defaultSortBy\":\"title\",\"defaultSortOrder\":\"ASC\"},\"metadatas\":{\"id\":{\"edit\":{},\"list\":{\"label\":\"id\",\"searchable\":true,\"sortable\":true}},\"title\":{\"edit\":{\"label\":\"title\",\"description\":\"\",\"placeholder\":\"\",\"visible\":true,\"editable\":true},\"list\":{\"label\":\"title\",\"searchable\":true,\"sortable\":true}},\"lesson\":{\"edit\":{\"label\":\"lesson\",\"description\":\"\",\"placeholder\":\"\",\"visible\":true,\"editable\":true},\"list\":{\"label\":\"lesson\",\"searchable\":true,\"sortable\":true}},\"duration\":{\"edit\":{\"label\":\"duration\",\"description\":\"\",\"placeholder\":\"\",\"visible\":true,\"editable\":true},\"list\":{\"label\":\"duration\",\"searchable\":true,\"sortable\":true}},\"featured\":{\"edit\":{\"label\":\"featured\",\"description\":\"\",\"placeholder\":\"\",\"visible\":true,\"editable\":true},\"list\":{\"label\":\"featured\",\"searchable\":true,\"sortable\":true}},\"price\":{\"edit\":{\"label\":\"price\",\"description\":\"\",\"placeholder\":\"\",\"visible\":true,\"editable\":true},\"list\":{\"label\":\"price\",\"searchable\":true,\"sortable\":true}},\"isFree\":{\"edit\":{\"label\":\"isFree\",\"description\":\"\",\"placeholder\":\"\",\"visible\":true,\"editable\":true},\"list\":{\"label\":\"isFree\",\"searchable\":true,\"sortable\":true}},\"tag\":{\"edit\":{\"label\":\"tag\",\"description\":\"\",\"placeholder\":\"\",\"visible\":true,\"editable\":true},\"list\":{\"label\":\"tag\",\"searchable\":true,\"sortable\":true}},\"skillLevel\":{\"edit\":{\"label\":\"skillLevel\",\"description\":\"\",\"placeholder\":\"\",\"visible\":true,\"editable\":true},\"list\":{\"label\":\"skillLevel\",\"searchable\":true,\"sortable\":true}},\"categories\":{\"edit\":{\"label\":\"categories\",\"description\":\"\",\"placeholder\":\"\",\"visible\":true,\"editable\":true},\"list\":{\"label\":\"categories\",\"searchable\":true,\"sortable\":true}},\"date\":{\"edit\":{\"label\":\"date\",\"description\":\"\",\"placeholder\":\"\",\"visible\":true,\"editable\":true},\"list\":{\"label\":\"date\",\"searchable\":true,\"sortable\":true}},\"insName\":{\"edit\":{\"label\":\"insName\",\"description\":\"\",\"placeholder\":\"\",\"visible\":true,\"editable\":true},\"list\":{\"label\":\"insName\",\"searchable\":true,\"sortable\":true}},\"imageUrl\":{\"edit\":{\"label\":\"imageUrl\",\"description\":\"\",\"placeholder\":\"\",\"visible\":true,\"editable\":true},\"list\":{\"label\":\"imageUrl\",\"searchable\":false,\"sortable\":false}},\"createdAt\":{\"edit\":{\"label\":\"createdAt\",\"description\":\"\",\"placeholder\":\"\",\"visible\":false,\"editable\":true},\"list\":{\"label\":\"createdAt\",\"searchable\":true,\"sortable\":true}},\"updatedAt\":{\"edit\":{\"label\":\"updatedAt\",\"description\":\"\",\"placeholder\":\"\",\"visible\":false,\"editable\":true},\"list\":{\"label\":\"updatedAt\",\"searchable\":true,\"sortable\":true}},\"createdBy\":{\"edit\":{\"label\":\"createdBy\",\"description\":\"\",\"placeholder\":\"\",\"visible\":false,\"editable\":true,\"mainField\":\"firstname\"},\"list\":{\"label\":\"createdBy\",\"searchable\":true,\"sortable\":true}},\"updatedBy\":{\"edit\":{\"label\":\"updatedBy\",\"description\":\"\",\"placeholder\":\"\",\"visible\":false,\"editable\":true,\"mainField\":\"firstname\"},\"list\":{\"label\":\"updatedBy\",\"searchable\":true,\"sortable\":true}}},\"layouts\":{\"list\":[\"id\",\"title\",\"lesson\",\"duration\"],\"edit\":[[{\"name\":\"title\",\"size\":6},{\"name\":\"lesson\",\"size\":6}],[{\"name\":\"duration\",\"size\":6},{\"name\":\"featured\",\"size\":4}],[{\"name\":\"price\",\"size\":4},{\"name\":\"isFree\",\"size\":4}],[{\"name\":\"tag\",\"size\":6},{\"name\":\"skillLevel\",\"size\":6}],[{\"name\":\"categories\",\"size\":6},{\"name\":\"date\",\"size\":4}],[{\"name\":\"insName\",\"size\":6},{\"name\":\"imageUrl\",\"size\":6}]]},\"uid\":\"api::course.course\"}','object',NULL,NULL),(40,'plugin_content_manager_configuration_content_types::api::blog.blog','{\"settings\":{\"bulkable\":true,\"filterable\":true,\"searchable\":true,\"pageSize\":10,\"mainField\":\"title\",\"defaultSortBy\":\"title\",\"defaultSortOrder\":\"ASC\"},\"metadatas\":{\"id\":{\"edit\":{},\"list\":{\"label\":\"id\",\"searchable\":true,\"sortable\":true}},\"title\":{\"edit\":{\"label\":\"title\",\"description\":\"\",\"placeholder\":\"\",\"visible\":true,\"editable\":true},\"list\":{\"label\":\"title\",\"searchable\":true,\"sortable\":true}},\"desc\":{\"edit\":{\"label\":\"desc\",\"description\":\"\",\"placeholder\":\"\",\"visible\":true,\"editable\":true},\"list\":{\"label\":\"desc\",\"searchable\":true,\"sortable\":true}},\"date\":{\"edit\":{\"label\":\"date\",\"description\":\"\",\"placeholder\":\"\",\"visible\":true,\"editable\":true},\"list\":{\"label\":\"date\",\"searchable\":true,\"sortable\":true}},\"publishDate\":{\"edit\":{\"label\":\"publishDate\",\"description\":\"\",\"placeholder\":\"\",\"visible\":true,\"editable\":true},\"list\":{\"label\":\"publishDate\",\"searchable\":true,\"sortable\":true}},\"month\":{\"edit\":{\"label\":\"month\",\"description\":\"\",\"placeholder\":\"\",\"visible\":true,\"editable\":true},\"list\":{\"label\":\"month\",\"searchable\":true,\"sortable\":true}},\"author\":{\"edit\":{\"label\":\"author\",\"description\":\"\",\"placeholder\":\"\",\"visible\":true,\"editable\":true,\"mainField\":\"name\"},\"list\":{\"label\":\"author\",\"searchable\":true,\"sortable\":true}},\"blogImage\":{\"edit\":{\"label\":\"blogImage\",\"description\":\"\",\"placeholder\":\"\",\"visible\":true,\"editable\":true},\"list\":{\"label\":\"blogImage\",\"searchable\":false,\"sortable\":false}},\"createdAt\":{\"edit\":{\"label\":\"createdAt\",\"description\":\"\",\"placeholder\":\"\",\"visible\":false,\"editable\":true},\"list\":{\"label\":\"createdAt\",\"searchable\":true,\"sortable\":true}},\"updatedAt\":{\"edit\":{\"label\":\"updatedAt\",\"description\":\"\",\"placeholder\":\"\",\"visible\":false,\"editable\":true},\"list\":{\"label\":\"updatedAt\",\"searchable\":true,\"sortable\":true}},\"createdBy\":{\"edit\":{\"label\":\"createdBy\",\"description\":\"\",\"placeholder\":\"\",\"visible\":false,\"editable\":true,\"mainField\":\"firstname\"},\"list\":{\"label\":\"createdBy\",\"searchable\":true,\"sortable\":true}},\"updatedBy\":{\"edit\":{\"label\":\"updatedBy\",\"description\":\"\",\"placeholder\":\"\",\"visible\":false,\"editable\":true,\"mainField\":\"firstname\"},\"list\":{\"label\":\"updatedBy\",\"searchable\":true,\"sortable\":true}}},\"layouts\":{\"list\":[\"id\",\"title\",\"desc\",\"date\"],\"edit\":[[{\"name\":\"title\",\"size\":6},{\"name\":\"desc\",\"size\":6}],[{\"name\":\"date\",\"size\":6},{\"name\":\"publishDate\",\"size\":6}],[{\"name\":\"month\",\"size\":6},{\"name\":\"author\",\"size\":6}],[{\"name\":\"blogImage\",\"size\":6}]]},\"uid\":\"api::blog.blog\"}','object',NULL,NULL);
/*!40000 ALTER TABLE `strapi_core_store_settings` ENABLE KEYS */;
UNLOCK TABLES;

--
-- Table structure for table `strapi_database_schema`
--

DROP TABLE IF EXISTS `strapi_database_schema`;
/*!40101 SET @saved_cs_client     = @@character_set_client */;
/*!50503 SET character_set_client = utf8mb4 */;
CREATE TABLE `strapi_database_schema` (
  `id` int unsigned NOT NULL AUTO_INCREMENT,
  `schema` json DEFAULT NULL,
  `time` datetime DEFAULT NULL,
  `hash` varchar(255) DEFAULT NULL,
  PRIMARY KEY (`id`)
) ENGINE=InnoDB AUTO_INCREMENT=8 DEFAULT CHARSET=utf8mb4 COLLATE=utf8mb4_0900_ai_ci;
/*!40101 SET character_set_client = @saved_cs_client */;

--
-- Dumping data for table `strapi_database_schema`
--

LOCK TABLES `strapi_database_schema` WRITE;
/*!40000 ALTER TABLE `strapi_database_schema` DISABLE KEYS */;
INSERT INTO `strapi_database_schema` VALUES (7,'{\"tables\": [{\"name\": \"files\", \"columns\": [{\"args\": [{\"primary\": true, \"primaryKey\": true}], \"name\": \"id\", \"type\": \"increments\", \"unsigned\": false, \"defaultTo\": null, \"notNullable\": true}, {\"args\": [], \"name\": \"document_id\", \"type\": \"string\", \"unsigned\": false, \"defaultTo\": null, \"notNullable\": false}, {\"args\": [], \"name\": \"name\", \"type\": \"string\", \"unsigned\": false, \"defaultTo\": null, \"notNullable\": false}, {\"args\": [], \"name\": \"alternative_text\", \"type\": \"string\", \"unsigned\": false, \"defaultTo\": null, \"notNullable\": false}, {\"args\": [], \"name\": \"caption\", \"type\": \"string\", \"unsigned\": false, \"defaultTo\": null, \"notNullable\": false}, {\"args\": [], \"name\": \"width\", \"type\": \"integer\", \"unsigned\": false, \"defaultTo\": null, \"notNullable\": false}, {\"args\": [], \"name\": \"height\", \"type\": \"integer\", \"unsigned\": false, \"defaultTo\": null, \"notNullable\": false}, {\"args\": [], \"name\": \"formats\", \"type\": \"jsonb\", \"unsigned\": false, \"defaultTo\": null, \"notNullable\": false}, {\"args\": [], \"name\": \"hash\", \"type\": \"string\", \"unsigned\": false, \"defaultTo\": null, \"notNullable\": false}, {\"args\": [], \"name\": \"ext\", \"type\": \"string\", \"unsigned\": false, \"defaultTo\": null, \"notNullable\": false}, {\"args\": [], \"name\": \"mime\", \"type\": \"string\", \"unsigned\": false, \"defaultTo\": null, \"notNullable\": false}, {\"args\": [10, 2], \"name\": \"size\", \"type\": \"decimal\", \"unsigned\": false, \"defaultTo\": null, \"notNullable\": false}, {\"args\": [], \"name\": \"url\", \"type\": \"string\", \"unsigned\": false, \"defaultTo\": null, \"notNullable\": false}, {\"args\": [], \"name\": \"preview_url\", \"type\": \"string\", \"unsigned\": false, \"defaultTo\": null, \"notNullable\": false}, {\"args\": [], \"name\": \"provider\", \"type\": \"string\", \"unsigned\": false, \"defaultTo\": null, \"notNullable\": false}, {\"args\": [], \"name\": \"provider_metadata\", \"type\": \"jsonb\", \"unsigned\": false, \"defaultTo\": null, \"notNullable\": false}, {\"args\": [], \"name\": \"folder_path\", \"type\": \"string\", \"unsigned\": false, \"defaultTo\": null, \"notNullable\": false}, {\"args\": [{\"useTz\": false, \"precision\": 6}], \"name\": \"created_at\", \"type\": \"datetime\", \"unsigned\": false, \"defaultTo\": null, \"notNullable\": false}, {\"args\": [{\"useTz\": false, \"precision\": 6}], \"name\": \"updated_at\", \"type\": \"datetime\", \"unsigned\": false, \"defaultTo\": null, \"notNullable\": false}, {\"args\": [{\"useTz\": false, \"precision\": 6}], \"name\": \"published_at\", \"type\": \"datetime\", \"unsigned\": false, \"defaultTo\": null, \"notNullable\": false}, {\"args\": [], \"name\": \"created_by_id\", \"type\": \"integer\", \"unsigned\": true, \"defaultTo\": null, \"notNullable\": false}, {\"args\": [], \"name\": \"updated_by_id\", \"type\": \"integer\", \"unsigned\": true, \"defaultTo\": null, \"notNullable\": false}, {\"args\": [], \"name\": \"locale\", \"type\": \"string\", \"unsigned\": false, \"defaultTo\": null, \"notNullable\": false}], \"indexes\": [{\"name\": \"upload_files_folder_path_index\", \"type\": null, \"columns\": [\"folder_path\"]}, {\"name\": \"upload_files_created_at_index\", \"type\": null, \"columns\": [\"created_at\"]}, {\"name\": \"upload_files_updated_at_index\", \"type\": null, \"columns\": [\"updated_at\"]}, {\"name\": \"upload_files_name_index\", \"type\": null, \"columns\": [\"name\"]}, {\"name\": \"upload_files_size_index\", \"type\": null, \"columns\": [\"size\"]}, {\"name\": \"upload_files_ext_index\", \"type\": null, \"columns\": [\"ext\"]}, {\"name\": \"files_documents_idx\", \"columns\": [\"document_id\", \"locale\", \"published_at\"]}, {\"name\": \"files_created_by_id_fk\", \"columns\": [\"created_by_id\"]}, {\"name\": \"files_updated_by_id_fk\", \"columns\": [\"updated_by_id\"]}], \"foreignKeys\": [{\"name\": \"files_created_by_id_fk\", \"columns\": [\"created_by_id\"], \"onDelete\": \"SET NULL\", \"referencedTable\": \"admin_users\", \"referencedColumns\": [\"id\"]}, {\"name\": \"files_updated_by_id_fk\", \"columns\": [\"updated_by_id\"], \"onDelete\": \"SET NULL\", \"referencedTable\": \"admin_users\", \"referencedColumns\": [\"id\"]}]}, {\"name\": \"upload_folders\", \"columns\": [{\"args\": [{\"primary\": true, \"primaryKey\": true}], \"name\": \"id\", \"type\": \"increments\", \"unsigned\": false, \"defaultTo\": null, \"notNullable\": true}, {\"args\": [], \"name\": \"document_id\", \"type\": \"string\", \"unsigned\": false, \"defaultTo\": null, \"notNullable\": false}, {\"args\": [], \"name\": \"name\", \"type\": \"string\", \"unsigned\": false, \"defaultTo\": null, \"notNullable\": false}, {\"args\": [], \"name\": \"path_id\", \"type\": \"integer\", \"unsigned\": false, \"defaultTo\": null, \"notNullable\": false}, {\"args\": [], \"name\": \"path\", \"type\": \"string\", \"unsigned\": false, \"defaultTo\": null, \"notNullable\": false}, {\"args\": [{\"useTz\": false, \"precision\": 6}], \"name\": \"created_at\", \"type\": \"datetime\", \"unsigned\": false, \"defaultTo\": null, \"notNullable\": false}, {\"args\": [{\"useTz\": false, \"precision\": 6}], \"name\": \"updated_at\", \"type\": \"datetime\", \"unsigned\": false, \"defaultTo\": null, \"notNullable\": false}, {\"args\": [{\"useTz\": false, \"precision\": 6}], \"name\": \"published_at\", \"type\": \"datetime\", \"unsigned\": false, \"defaultTo\": null, \"notNullable\": false}, {\"args\": [], \"name\": \"created_by_id\", \"type\": \"integer\", \"unsigned\": true, \"defaultTo\": null, \"notNullable\": false}, {\"args\": [], \"name\": \"updated_by_id\", \"type\": \"integer\", \"unsigned\": true, \"defaultTo\": null, \"notNullable\": false}, {\"args\": [], \"name\": \"locale\", \"type\": \"string\", \"unsigned\": false, \"defaultTo\": null, \"notNullable\": false}], \"indexes\": [{\"name\": \"upload_folders_path_id_index\", \"type\": \"unique\", \"columns\": [\"path_id\"]}, {\"name\": \"upload_folders_path_index\", \"type\": \"unique\", \"columns\": [\"path\"]}, {\"name\": \"upload_folders_documents_idx\", \"columns\": [\"document_id\", \"locale\", \"published_at\"]}, {\"name\": \"upload_folders_created_by_id_fk\", \"columns\": [\"created_by_id\"]}, {\"name\": \"upload_folders_updated_by_id_fk\", \"columns\": [\"updated_by_id\"]}], \"foreignKeys\": [{\"name\": \"upload_folders_created_by_id_fk\", \"columns\": [\"created_by_id\"], \"onDelete\": \"SET NULL\", \"referencedTable\": \"admin_users\", \"referencedColumns\": [\"id\"]}, {\"name\": \"upload_folders_updated_by_id_fk\", \"columns\": [\"updated_by_id\"], \"onDelete\": \"SET NULL\", \"referencedTable\": \"admin_users\", \"referencedColumns\": [\"id\"]}]}, {\"name\": \"i18n_locale\", \"columns\": [{\"args\": [{\"primary\": true, \"primaryKey\": true}], \"name\": \"id\", \"type\": \"increments\", \"unsigned\": false, \"defaultTo\": null, \"notNullable\": true}, {\"args\": [], \"name\": \"document_id\", \"type\": \"string\", \"unsigned\": false, \"defaultTo\": null, \"notNullable\": false}, {\"args\": [], \"name\": \"name\", \"type\": \"string\", \"unsigned\": false, \"defaultTo\": null, \"notNullable\": false}, {\"args\": [], \"name\": \"code\", \"type\": \"string\", \"unsigned\": false, \"defaultTo\": null, \"notNullable\": false}, {\"args\": [{\"useTz\": false, \"precision\": 6}], \"name\": \"created_at\", \"type\": \"datetime\", \"unsigned\": false, \"defaultTo\": null, \"notNullable\": false}, {\"args\": [{\"useTz\": false, \"precision\": 6}], \"name\": \"updated_at\", \"type\": \"datetime\", \"unsigned\": false, \"defaultTo\": null, \"notNullable\": false}, {\"args\": [{\"useTz\": false, \"precision\": 6}], \"name\": \"published_at\", \"type\": \"datetime\", \"unsigned\": false, \"defaultTo\": null, \"notNullable\": false}, {\"args\": [], \"name\": \"created_by_id\", \"type\": \"integer\", \"unsigned\": true, \"defaultTo\": null, \"notNullable\": false}, {\"args\": [], \"name\": \"updated_by_id\", \"type\": \"integer\", \"unsigned\": true, \"defaultTo\": null, \"notNullable\": false}, {\"args\": [], \"name\": \"locale\", \"type\": \"string\", \"unsigned\": false, \"defaultTo\": null, \"notNullable\": false}], \"indexes\": [{\"name\": \"i18n_locale_documents_idx\", \"columns\": [\"document_id\", \"locale\", \"published_at\"]}, {\"name\": \"i18n_locale_created_by_id_fk\", \"columns\": [\"created_by_id\"]}, {\"name\": \"i18n_locale_updated_by_id_fk\", \"columns\": [\"updated_by_id\"]}], \"foreignKeys\": [{\"name\": \"i18n_locale_created_by_id_fk\", \"columns\": [\"created_by_id\"], \"onDelete\": \"SET NULL\", \"referencedTable\": \"admin_users\", \"referencedColumns\": [\"id\"]}, {\"name\": \"i18n_locale_updated_by_id_fk\", \"columns\": [\"updated_by_id\"], \"onDelete\": \"SET NULL\", \"referencedTable\": \"admin_users\", \"referencedColumns\": [\"id\"]}]}, {\"name\": \"strapi_releases\", \"columns\": [{\"args\": [{\"primary\": true, \"primaryKey\": true}], \"name\": \"id\", \"type\": \"increments\", \"unsigned\": false, \"defaultTo\": null, \"notNullable\": true}, {\"args\": [], \"name\": \"document_id\", \"type\": \"string\", \"unsigned\": false, \"defaultTo\": null, \"notNullable\": false}, {\"args\": [], \"name\": \"name\", \"type\": \"string\", \"unsigned\": false, \"defaultTo\": null, \"notNullable\": false}, {\"args\": [{\"useTz\": false, \"precision\": 6}], \"name\": \"released_at\", \"type\": \"datetime\", \"unsigned\": false, \"defaultTo\": null, \"notNullable\": false}, {\"args\": [{\"useTz\": false, \"precision\": 6}], \"name\": \"scheduled_at\", \"type\": \"datetime\", \"unsigned\": false, \"defaultTo\": null, \"notNullable\": false}, {\"args\": [], \"name\": \"timezone\", \"type\": \"string\", \"unsigned\": false, \"defaultTo\": null, \"notNullable\": false}, {\"args\": [], \"name\": \"status\", \"type\": \"string\", \"unsigned\": false, \"defaultTo\": null, \"notNullable\": false}, {\"args\": [{\"useTz\": false, \"precision\": 6}], \"name\": \"created_at\", \"type\": \"datetime\", \"unsigned\": false, \"defaultTo\": null, \"notNullable\": false}, {\"args\": [{\"useTz\": false, \"precision\": 6}], \"name\": \"updated_at\", \"type\": \"datetime\", \"unsigned\": false, \"defaultTo\": null, \"notNullable\": false}, {\"args\": [{\"useTz\": false, \"precision\": 6}], \"name\": \"published_at\", \"type\": \"datetime\", \"unsigned\": false, \"defaultTo\": null, \"notNullable\": false}, {\"args\": [], \"name\": \"created_by_id\", \"type\": \"integer\", \"unsigned\": true, \"defaultTo\": null, \"notNullable\": false}, {\"args\": [], \"name\": \"updated_by_id\", \"type\": \"integer\", \"unsigned\": true, \"defaultTo\": null, \"notNullable\": false}, {\"args\": [], \"name\": \"locale\", \"type\": \"string\", \"unsigned\": false, \"defaultTo\": null, \"notNullable\": false}], \"indexes\": [{\"name\": \"strapi_releases_documents_idx\", \"columns\": [\"document_id\", \"locale\", \"published_at\"]}, {\"name\": \"strapi_releases_created_by_id_fk\", \"columns\": [\"created_by_id\"]}, {\"name\": \"strapi_releases_updated_by_id_fk\", \"columns\": [\"updated_by_id\"]}], \"foreignKeys\": [{\"name\": \"strapi_releases_created_by_id_fk\", \"columns\": [\"created_by_id\"], \"onDelete\": \"SET NULL\", \"referencedTable\": \"admin_users\", \"referencedColumns\": [\"id\"]}, {\"name\": \"strapi_releases_updated_by_id_fk\", \"columns\": [\"updated_by_id\"], \"onDelete\": \"SET NULL\", \"referencedTable\": \"admin_users\", \"referencedColumns\": [\"id\"]}]}, {\"name\": \"strapi_release_actions\", \"columns\": [{\"args\": [{\"primary\": true, \"primaryKey\": true}], \"name\": \"id\", \"type\": \"increments\", \"unsigned\": false, \"defaultTo\": null, \"notNullable\": true}, {\"args\": [], \"name\": \"document_id\", \"type\": \"string\", \"unsigned\": false, \"defaultTo\": null, \"notNullable\": false}, {\"args\": [], \"name\": \"type\", \"type\": \"string\", \"unsigned\": false, \"defaultTo\": null, \"notNullable\": false}, {\"args\": [], \"name\": \"content_type\", \"type\": \"string\", \"unsigned\": false, \"defaultTo\": null, \"notNullable\": false}, {\"args\": [], \"name\": \"entry_document_id\", \"type\": \"string\", \"unsigned\": false, \"defaultTo\": null, \"notNullable\": false}, {\"args\": [], \"name\": \"locale\", \"type\": \"string\", \"unsigned\": false, \"defaultTo\": null, \"notNullable\": false}, {\"args\": [], \"name\": \"is_entry_valid\", \"type\": \"boolean\", \"unsigned\": false, \"defaultTo\": null, \"notNullable\": false}, {\"args\": [{\"useTz\": false, \"precision\": 6}], \"name\": \"created_at\", \"type\": \"datetime\", \"unsigned\": false, \"defaultTo\": null, \"notNullable\": false}, {\"args\": [{\"useTz\": false, \"precision\": 6}], \"name\": \"updated_at\", \"type\": \"datetime\", \"unsigned\": false, \"defaultTo\": null, \"notNullable\": false}, {\"args\": [{\"useTz\": false, \"precision\": 6}], \"name\": \"published_at\", \"type\": \"datetime\", \"unsigned\": false, \"defaultTo\": null, \"notNullable\": false}, {\"args\": [], \"name\": \"created_by_id\", \"type\": \"integer\", \"unsigned\": true, \"defaultTo\": null, \"notNullable\": false}, {\"args\": [], \"name\": \"updated_by_id\", \"type\": \"integer\", \"unsigned\": true, \"defaultTo\": null, \"notNullable\": false}], \"indexes\": [{\"name\": \"strapi_release_actions_documents_idx\", \"columns\": [\"document_id\", \"locale\", \"published_at\"]}, {\"name\": \"strapi_release_actions_created_by_id_fk\", \"columns\": [\"created_by_id\"]}, {\"name\": \"strapi_release_actions_updated_by_id_fk\", \"columns\": [\"updated_by_id\"]}], \"foreignKeys\": [{\"name\": \"strapi_release_actions_created_by_id_fk\", \"columns\": [\"created_by_id\"], \"onDelete\": \"SET NULL\", \"referencedTable\": \"admin_users\", \"referencedColumns\": [\"id\"]}, {\"name\": \"strapi_release_actions_updated_by_id_fk\", \"columns\": [\"updated_by_id\"], \"onDelete\": \"SET NULL\", \"referencedTable\": \"admin_users\", \"referencedColumns\": [\"id\"]}]}, {\"name\": \"strapi_workflows\", \"columns\": [{\"args\": [{\"primary\": true, \"primaryKey\": true}], \"name\": \"id\", \"type\": \"increments\", \"unsigned\": false, \"defaultTo\": null, \"notNullable\": true}, {\"args\": [], \"name\": \"document_id\", \"type\": \"string\", \"unsigned\": false, \"defaultTo\": null, \"notNullable\": false}, {\"args\": [], \"name\": \"name\", \"type\": \"string\", \"unsigned\": false, \"defaultTo\": null, \"notNullable\": false}, {\"args\": [], \"name\": \"content_types\", \"type\": \"jsonb\", \"unsigned\": false, \"defaultTo\": null, \"notNullable\": false}, {\"args\": [{\"useTz\": false, \"precision\": 6}], \"name\": \"created_at\", \"type\": \"datetime\", \"unsigned\": false, \"defaultTo\": null, \"notNullable\": false}, {\"args\": [{\"useTz\": false, \"precision\": 6}], \"name\": \"updated_at\", \"type\": \"datetime\", \"unsigned\": false, \"defaultTo\": null, \"notNullable\": false}, {\"args\": [{\"useTz\": false, \"precision\": 6}], \"name\": \"published_at\", \"type\": \"datetime\", \"unsigned\": false, \"defaultTo\": null, \"notNullable\": false}, {\"args\": [], \"name\": \"created_by_id\", \"type\": \"integer\", \"unsigned\": true, \"defaultTo\": null, \"notNullable\": false}, {\"args\": [], \"name\": \"updated_by_id\", \"type\": \"integer\", \"unsigned\": true, \"defaultTo\": null, \"notNullable\": false}, {\"args\": [], \"name\": \"locale\", \"type\": \"string\", \"unsigned\": false, \"defaultTo\": null, \"notNullable\": false}], \"indexes\": [{\"name\": \"strapi_workflows_documents_idx\", \"columns\": [\"document_id\", \"locale\", \"published_at\"]}, {\"name\": \"strapi_workflows_created_by_id_fk\", \"columns\": [\"created_by_id\"]}, {\"name\": \"strapi_workflows_updated_by_id_fk\", \"columns\": [\"updated_by_id\"]}], \"foreignKeys\": [{\"name\": \"strapi_workflows_created_by_id_fk\", \"columns\": [\"created_by_id\"], \"onDelete\": \"SET NULL\", \"referencedTable\": \"admin_users\", \"referencedColumns\": [\"id\"]}, {\"name\": \"strapi_workflows_updated_by_id_fk\", \"columns\": [\"updated_by_id\"], \"onDelete\": \"SET NULL\", \"referencedTable\": \"admin_users\", \"referencedColumns\": [\"id\"]}]}, {\"name\": \"strapi_workflows_stages\", \"columns\": [{\"args\": [{\"primary\": true, \"primaryKey\": true}], \"name\": \"id\", \"type\": \"increments\", \"unsigned\": false, \"defaultTo\": null, \"notNullable\": true}, {\"args\": [], \"name\": \"document_id\", \"type\": \"string\", \"unsigned\": false, \"defaultTo\": null, \"notNullable\": false}, {\"args\": [], \"name\": \"name\", \"type\": \"string\", \"unsigned\": false, \"defaultTo\": null, \"notNullable\": false}, {\"args\": [], \"name\": \"color\", \"type\": \"string\", \"unsigned\": false, \"defaultTo\": null, \"notNullable\": false}, {\"args\": [{\"useTz\": false, \"precision\": 6}], \"name\": \"created_at\", \"type\": \"datetime\", \"unsigned\": false, \"defaultTo\": null, \"notNullable\": false}, {\"args\": [{\"useTz\": false, \"precision\": 6}], \"name\": \"updated_at\", \"type\": \"datetime\", \"unsigned\": false, \"defaultTo\": null, \"notNullable\": false}, {\"args\": [{\"useTz\": false, \"precision\": 6}], \"name\": \"published_at\", \"type\": \"datetime\", \"unsigned\": false, \"defaultTo\": null, \"notNullable\": false}, {\"args\": [], \"name\": \"created_by_id\", \"type\": \"integer\", \"unsigned\": true, \"defaultTo\": null, \"notNullable\": false}, {\"args\": [], \"name\": \"updated_by_id\", \"type\": \"integer\", \"unsigned\": true, \"defaultTo\": null, \"notNullable\": false}, {\"args\": [], \"name\": \"locale\", \"type\": \"string\", \"unsigned\": false, \"defaultTo\": null, \"notNullable\": false}], \"indexes\": [{\"name\": \"strapi_workflows_stages_documents_idx\", \"columns\": [\"document_id\", \"locale\", \"published_at\"]}, {\"name\": \"strapi_workflows_stages_created_by_id_fk\", \"columns\": [\"created_by_id\"]}, {\"name\": \"strapi_workflows_stages_updated_by_id_fk\", \"columns\": [\"updated_by_id\"]}], \"foreignKeys\": [{\"name\": \"strapi_workflows_stages_created_by_id_fk\", \"columns\": [\"created_by_id\"], \"onDelete\": \"SET NULL\", \"referencedTable\": \"admin_users\", \"referencedColumns\": [\"id\"]}, {\"name\": \"strapi_workflows_stages_updated_by_id_fk\", \"columns\": [\"updated_by_id\"], \"onDelete\": \"SET NULL\", \"referencedTable\": \"admin_users\", \"referencedColumns\": [\"id\"]}]}, {\"name\": \"up_permissions\", \"columns\": [{\"args\": [{\"primary\": true, \"primaryKey\": true}], \"name\": \"id\", \"type\": \"increments\", \"unsigned\": false, \"defaultTo\": null, \"notNullable\": true}, {\"args\": [], \"name\": \"document_id\", \"type\": \"string\", \"unsigned\": false, \"defaultTo\": null, \"notNullable\": false}, {\"args\": [], \"name\": \"action\", \"type\": \"string\", \"unsigned\": false, \"defaultTo\": null, \"notNullable\": false}, {\"args\": [{\"useTz\": false, \"precision\": 6}], \"name\": \"created_at\", \"type\": \"datetime\", \"unsigned\": false, \"defaultTo\": null, \"notNullable\": false}, {\"args\": [{\"useTz\": false, \"precision\": 6}], \"name\": \"updated_at\", \"type\": \"datetime\", \"unsigned\": false, \"defaultTo\": null, \"notNullable\": false}, {\"args\": [{\"useTz\": false, \"precision\": 6}], \"name\": \"published_at\", \"type\": \"datetime\", \"unsigned\": false, \"defaultTo\": null, \"notNullable\": false}, {\"args\": [], \"name\": \"created_by_id\", \"type\": \"integer\", \"unsigned\": true, \"defaultTo\": null, \"notNullable\": false}, {\"args\": [], \"name\": \"updated_by_id\", \"type\": \"integer\", \"unsigned\": true, \"defaultTo\": null, \"notNullable\": false}, {\"args\": [], \"name\": \"locale\", \"type\": \"string\", \"unsigned\": false, \"defaultTo\": null, \"notNullable\": false}], \"indexes\": [{\"name\": \"up_permissions_documents_idx\", \"columns\": [\"document_id\", \"locale\", \"published_at\"]}, {\"name\": \"up_permissions_created_by_id_fk\", \"columns\": [\"created_by_id\"]}, {\"name\": \"up_permissions_updated_by_id_fk\", \"columns\": [\"updated_by_id\"]}], \"foreignKeys\": [{\"name\": \"up_permissions_created_by_id_fk\", \"columns\": [\"created_by_id\"], \"onDelete\": \"SET NULL\", \"referencedTable\": \"admin_users\", \"referencedColumns\": [\"id\"]}, {\"name\": \"up_permissions_updated_by_id_fk\", \"columns\": [\"updated_by_id\"], \"onDelete\": \"SET NULL\", \"referencedTable\": \"admin_users\", \"referencedColumns\": [\"id\"]}]}, {\"name\": \"up_roles\", \"columns\": [{\"args\": [{\"primary\": true, \"primaryKey\": true}], \"name\": \"id\", \"type\": \"increments\", \"unsigned\": false, \"defaultTo\": null, \"notNullable\": true}, {\"args\": [], \"name\": \"document_id\", \"type\": \"string\", \"unsigned\": false, \"defaultTo\": null, \"notNullable\": false}, {\"args\": [], \"name\": \"name\", \"type\": \"string\", \"unsigned\": false, \"defaultTo\": null, \"notNullable\": false}, {\"args\": [], \"name\": \"description\", \"type\": \"string\", \"unsigned\": false, \"defaultTo\": null, \"notNullable\": false}, {\"args\": [], \"name\": \"type\", \"type\": \"string\", \"unsigned\": false, \"defaultTo\": null, \"notNullable\": false}, {\"args\": [{\"useTz\": false, \"precision\": 6}], \"name\": \"created_at\", \"type\": \"datetime\", \"unsigned\": false, \"defaultTo\": null, \"notNullable\": false}, {\"args\": [{\"useTz\": false, \"precision\": 6}], \"name\": \"updated_at\", \"type\": \"datetime\", \"unsigned\": false, \"defaultTo\": null, \"notNullable\": false}, {\"args\": [{\"useTz\": false, \"precision\": 6}], \"name\": \"published_at\", \"type\": \"datetime\", \"unsigned\": false, \"defaultTo\": null, \"notNullable\": false}, {\"args\": [], \"name\": \"created_by_id\", \"type\": \"integer\", \"unsigned\": true, \"defaultTo\": null, \"notNullable\": false}, {\"args\": [], \"name\": \"updated_by_id\", \"type\": \"integer\", \"unsigned\": true, \"defaultTo\": null, \"notNullable\": false}, {\"args\": [], \"name\": \"locale\", \"type\": \"string\", \"unsigned\": false, \"defaultTo\": null, \"notNullable\": false}], \"indexes\": [{\"name\": \"up_roles_documents_idx\", \"columns\": [\"document_id\", \"locale\", \"published_at\"]}, {\"name\": \"up_roles_created_by_id_fk\", \"columns\": [\"created_by_id\"]}, {\"name\": \"up_roles_updated_by_id_fk\", \"columns\": [\"updated_by_id\"]}], \"foreignKeys\": [{\"name\": \"up_roles_created_by_id_fk\", \"columns\": [\"created_by_id\"], \"onDelete\": \"SET NULL\", \"referencedTable\": \"admin_users\", \"referencedColumns\": [\"id\"]}, {\"name\": \"up_roles_updated_by_id_fk\", \"columns\": [\"updated_by_id\"], \"onDelete\": \"SET NULL\", \"referencedTable\": \"admin_users\", \"referencedColumns\": [\"id\"]}]}, {\"name\": \"up_users\", \"columns\": [{\"args\": [{\"primary\": true, \"primaryKey\": true}], \"name\": \"id\", \"type\": \"increments\", \"unsigned\": false, \"defaultTo\": null, \"notNullable\": true}, {\"args\": [], \"name\": \"document_id\", \"type\": \"string\", \"unsigned\": false, \"defaultTo\": null, \"notNullable\": false}, {\"args\": [], \"name\": \"username\", \"type\": \"string\", \"unsigned\": false, \"defaultTo\": null, \"notNullable\": false}, {\"args\": [], \"name\": \"email\", \"type\": \"string\", \"unsigned\": false, \"defaultTo\": null, \"notNullable\": false}, {\"args\": [], \"name\": \"provider\", \"type\": \"string\", \"unsigned\": false, \"defaultTo\": null, \"notNullable\": false}, {\"args\": [], \"name\": \"password\", \"type\": \"string\", \"unsigned\": false, \"defaultTo\": null, \"notNullable\": false}, {\"args\": [], \"name\": \"reset_password_token\", \"type\": \"string\", \"unsigned\": false, \"defaultTo\": null, \"notNullable\": false}, {\"args\": [], \"name\": \"confirmation_token\", \"type\": \"string\", \"unsigned\": false, \"defaultTo\": null, \"notNullable\": false}, {\"args\": [], \"name\": \"confirmed\", \"type\": \"boolean\", \"unsigned\": false, \"defaultTo\": null, \"notNullable\": false}, {\"args\": [], \"name\": \"blocked\", \"type\": \"boolean\", \"unsigned\": false, \"defaultTo\": null, \"notNullable\": false}, {\"args\": [{\"useTz\": false, \"precision\": 6}], \"name\": \"created_at\", \"type\": \"datetime\", \"unsigned\": false, \"defaultTo\": null, \"notNullable\": false}, {\"args\": [{\"useTz\": false, \"precision\": 6}], \"name\": \"updated_at\", \"type\": \"datetime\", \"unsigned\": false, \"defaultTo\": null, \"notNullable\": false}, {\"args\": [{\"useTz\": false, \"precision\": 6}], \"name\": \"published_at\", \"type\": \"datetime\", \"unsigned\": false, \"defaultTo\": null, \"notNullable\": false}, {\"args\": [], \"name\": \"created_by_id\", \"type\": \"integer\", \"unsigned\": true, \"defaultTo\": null, \"notNullable\": false}, {\"args\": [], \"name\": \"updated_by_id\", \"type\": \"integer\", \"unsigned\": true, \"defaultTo\": null, \"notNullable\": false}, {\"args\": [], \"name\": \"locale\", \"type\": \"string\", \"unsigned\": false, \"defaultTo\": null, \"notNullable\": false}], \"indexes\": [{\"name\": \"up_users_documents_idx\", \"columns\": [\"document_id\", \"locale\", \"published_at\"]}, {\"name\": \"up_users_created_by_id_fk\", \"columns\": [\"created_by_id\"]}, {\"name\": \"up_users_updated_by_id_fk\", \"columns\": [\"updated_by_id\"]}], \"foreignKeys\": [{\"name\": \"up_users_created_by_id_fk\", \"columns\": [\"created_by_id\"], \"onDelete\": \"SET NULL\", \"referencedTable\": \"admin_users\", \"referencedColumns\": [\"id\"]}, {\"name\": \"up_users_updated_by_id_fk\", \"columns\": [\"updated_by_id\"], \"onDelete\": \"SET NULL\", \"referencedTable\": \"admin_users\", \"referencedColumns\": [\"id\"]}]}, {\"name\": \"abouts_cmps\", \"columns\": [{\"args\": [{\"primary\": true, \"primaryKey\": true}], \"name\": \"id\", \"type\": \"increments\", \"unsigned\": false, \"defaultTo\": null, \"notNullable\": true}, {\"args\": [], \"name\": \"entity_id\", \"type\": \"integer\", \"unsigned\": true, \"defaultTo\": null, \"notNullable\": false}, {\"args\": [], \"name\": \"cmp_id\", \"type\": \"integer\", \"unsigned\": true, \"defaultTo\": null, \"notNullable\": false}, {\"args\": [], \"name\": \"component_type\", \"type\": \"string\", \"unsigned\": false, \"defaultTo\": null, \"notNullable\": false}, {\"args\": [], \"name\": \"field\", \"type\": \"string\", \"unsigned\": false, \"defaultTo\": null, \"notNullable\": false}, {\"args\": [], \"name\": \"order\", \"type\": \"double\", \"unsigned\": true, \"defaultTo\": null, \"notNullable\": false}], \"indexes\": [{\"name\": \"abouts_field_idx\", \"columns\": [\"field\"]}, {\"name\": \"abouts_component_type_idx\", \"columns\": [\"component_type\"]}, {\"name\": \"abouts_entity_fk\", \"columns\": [\"entity_id\"]}, {\"name\": \"abouts_uq\", \"type\": \"unique\", \"columns\": [\"entity_id\", \"cmp_id\", \"field\", \"component_type\"]}], \"foreignKeys\": [{\"name\": \"abouts_entity_fk\", \"columns\": [\"entity_id\"], \"onDelete\": \"CASCADE\", \"referencedTable\": \"abouts\", \"referencedColumns\": [\"id\"]}]}, {\"name\": \"abouts\", \"columns\": [{\"args\": [{\"primary\": true, \"primaryKey\": true}], \"name\": \"id\", \"type\": \"increments\", \"unsigned\": false, \"defaultTo\": null, \"notNullable\": true}, {\"args\": [], \"name\": \"document_id\", \"type\": \"string\", \"unsigned\": false, \"defaultTo\": null, \"notNullable\": false}, {\"args\": [], \"name\": \"title\", \"type\": \"string\", \"unsigned\": false, \"defaultTo\": null, \"notNullable\": false}, {\"args\": [{\"useTz\": false, \"precision\": 6}], \"name\": \"created_at\", \"type\": \"datetime\", \"unsigned\": false, \"defaultTo\": null, \"notNullable\": false}, {\"args\": [{\"useTz\": false, \"precision\": 6}], \"name\": \"updated_at\", \"type\": \"datetime\", \"unsigned\": false, \"defaultTo\": null, \"notNullable\": false}, {\"args\": [{\"useTz\": false, \"precision\": 6}], \"name\": \"published_at\", \"type\": \"datetime\", \"unsigned\": false, \"defaultTo\": null, \"notNullable\": false}, {\"args\": [], \"name\": \"created_by_id\", \"type\": \"integer\", \"unsigned\": true, \"defaultTo\": null, \"notNullable\": false}, {\"args\": [], \"name\": \"updated_by_id\", \"type\": \"integer\", \"unsigned\": true, \"defaultTo\": null, \"notNullable\": false}, {\"args\": [], \"name\": \"locale\", \"type\": \"string\", \"unsigned\": false, \"defaultTo\": null, \"notNullable\": false}], \"indexes\": [{\"name\": \"abouts_documents_idx\", \"columns\": [\"document_id\", \"locale\", \"published_at\"]}, {\"name\": \"abouts_created_by_id_fk\", \"columns\": [\"created_by_id\"]}, {\"name\": \"abouts_updated_by_id_fk\", \"columns\": [\"updated_by_id\"]}], \"foreignKeys\": [{\"name\": \"abouts_created_by_id_fk\", \"columns\": [\"created_by_id\"], \"onDelete\": \"SET NULL\", \"referencedTable\": \"admin_users\", \"referencedColumns\": [\"id\"]}, {\"name\": \"abouts_updated_by_id_fk\", \"columns\": [\"updated_by_id\"], \"onDelete\": \"SET NULL\", \"referencedTable\": \"admin_users\", \"referencedColumns\": [\"id\"]}]}, {\"name\": \"articles_cmps\", \"columns\": [{\"args\": [{\"primary\": true, \"primaryKey\": true}], \"name\": \"id\", \"type\": \"increments\", \"unsigned\": false, \"defaultTo\": null, \"notNullable\": true}, {\"args\": [], \"name\": \"entity_id\", \"type\": \"integer\", \"unsigned\": true, \"defaultTo\": null, \"notNullable\": false}, {\"args\": [], \"name\": \"cmp_id\", \"type\": \"integer\", \"unsigned\": true, \"defaultTo\": null, \"notNullable\": false}, {\"args\": [], \"name\": \"component_type\", \"type\": \"string\", \"unsigned\": false, \"defaultTo\": null, \"notNullable\": false}, {\"args\": [], \"name\": \"field\", \"type\": \"string\", \"unsigned\": false, \"defaultTo\": null, \"notNullable\": false}, {\"args\": [], \"name\": \"order\", \"type\": \"double\", \"unsigned\": true, \"defaultTo\": null, \"notNullable\": false}], \"indexes\": [{\"name\": \"articles_field_idx\", \"columns\": [\"field\"]}, {\"name\": \"articles_component_type_idx\", \"columns\": [\"component_type\"]}, {\"name\": \"articles_entity_fk\", \"columns\": [\"entity_id\"]}, {\"name\": \"articles_uq\", \"type\": \"unique\", \"columns\": [\"entity_id\", \"cmp_id\", \"field\", \"component_type\"]}], \"foreignKeys\": [{\"name\": \"articles_entity_fk\", \"columns\": [\"entity_id\"], \"onDelete\": \"CASCADE\", \"referencedTable\": \"articles\", \"referencedColumns\": [\"id\"]}]}, {\"name\": \"articles\", \"columns\": [{\"args\": [{\"primary\": true, \"primaryKey\": true}], \"name\": \"id\", \"type\": \"increments\", \"unsigned\": false, \"defaultTo\": null, \"notNullable\": true}, {\"args\": [], \"name\": \"document_id\", \"type\": \"string\", \"unsigned\": false, \"defaultTo\": null, \"notNullable\": false}, {\"args\": [], \"name\": \"title\", \"type\": \"string\", \"unsigned\": false, \"defaultTo\": null, \"notNullable\": false}, {\"args\": [\"longtext\"], \"name\": \"description\", \"type\": \"text\", \"unsigned\": false, \"defaultTo\": null, \"notNullable\": false}, {\"args\": [], \"name\": \"slug\", \"type\": \"string\", \"unsigned\": false, \"defaultTo\": null, \"notNullable\": false}, {\"args\": [{\"useTz\": false, \"precision\": 6}], \"name\": \"created_at\", \"type\": \"datetime\", \"unsigned\": false, \"defaultTo\": null, \"notNullable\": false}, {\"args\": [{\"useTz\": false, \"precision\": 6}], \"name\": \"updated_at\", \"type\": \"datetime\", \"unsigned\": false, \"defaultTo\": null, \"notNullable\": false}, {\"args\": [{\"useTz\": false, \"precision\": 6}], \"name\": \"published_at\", \"type\": \"datetime\", \"unsigned\": false, \"defaultTo\": null, \"notNullable\": false}, {\"args\": [], \"name\": \"created_by_id\", \"type\": \"integer\", \"unsigned\": true, \"defaultTo\": null, \"notNullable\": false}, {\"args\": [], \"name\": \"updated_by_id\", \"type\": \"integer\", \"unsigned\": true, \"defaultTo\": null, \"notNullable\": false}, {\"args\": [], \"name\": \"locale\", \"type\": \"string\", \"unsigned\": false, \"defaultTo\": null, \"notNullable\": false}], \"indexes\": [{\"name\": \"articles_documents_idx\", \"columns\": [\"document_id\", \"locale\", \"published_at\"]}, {\"name\": \"articles_created_by_id_fk\", \"columns\": [\"created_by_id\"]}, {\"name\": \"articles_updated_by_id_fk\", \"columns\": [\"updated_by_id\"]}], \"foreignKeys\": [{\"name\": \"articles_created_by_id_fk\", \"columns\": [\"created_by_id\"], \"onDelete\": \"SET NULL\", \"referencedTable\": \"admin_users\", \"referencedColumns\": [\"id\"]}, {\"name\": \"articles_updated_by_id_fk\", \"columns\": [\"updated_by_id\"], \"onDelete\": \"SET NULL\", \"referencedTable\": \"admin_users\", \"referencedColumns\": [\"id\"]}]}, {\"name\": \"authors\", \"columns\": [{\"args\": [{\"primary\": true, \"primaryKey\": true}], \"name\": \"id\", \"type\": \"increments\", \"unsigned\": false, \"defaultTo\": null, \"notNullable\": true}, {\"args\": [], \"name\": \"document_id\", \"type\": \"string\", \"unsigned\": false, \"defaultTo\": null, \"notNullable\": false}, {\"args\": [], \"name\": \"name\", \"type\": \"string\", \"unsigned\": false, \"defaultTo\": null, \"notNullable\": false}, {\"args\": [], \"name\": \"email\", \"type\": \"string\", \"unsigned\": false, \"defaultTo\": null, \"notNullable\": false}, {\"args\": [{\"useTz\": false, \"precision\": 6}], \"name\": \"created_at\", \"type\": \"datetime\", \"unsigned\": false, \"defaultTo\": null, \"notNullable\": false}, {\"args\": [{\"useTz\": false, \"precision\": 6}], \"name\": \"updated_at\", \"type\": \"datetime\", \"unsigned\": false, \"defaultTo\": null, \"notNullable\": false}, {\"args\": [{\"useTz\": false, \"precision\": 6}], \"name\": \"published_at\", \"type\": \"datetime\", \"unsigned\": false, \"defaultTo\": null, \"notNullable\": false}, {\"args\": [], \"name\": \"created_by_id\", \"type\": \"integer\", \"unsigned\": true, \"defaultTo\": null, \"notNullable\": false}, {\"args\": [], \"name\": \"updated_by_id\", \"type\": \"integer\", \"unsigned\": true, \"defaultTo\": null, \"notNullable\": false}, {\"args\": [], \"name\": \"locale\", \"type\": \"string\", \"unsigned\": false, \"defaultTo\": null, \"notNullable\": false}], \"indexes\": [{\"name\": \"authors_documents_idx\", \"columns\": [\"document_id\", \"locale\", \"published_at\"]}, {\"name\": \"authors_created_by_id_fk\", \"columns\": [\"created_by_id\"]}, {\"name\": \"authors_updated_by_id_fk\", \"columns\": [\"updated_by_id\"]}], \"foreignKeys\": [{\"name\": \"authors_created_by_id_fk\", \"columns\": [\"created_by_id\"], \"onDelete\": \"SET NULL\", \"referencedTable\": \"admin_users\", \"referencedColumns\": [\"id\"]}, {\"name\": \"authors_updated_by_id_fk\", \"columns\": [\"updated_by_id\"], \"onDelete\": \"SET NULL\", \"referencedTable\": \"admin_users\", \"referencedColumns\": [\"id\"]}]}, {\"name\": \"blogs\", \"columns\": [{\"args\": [{\"primary\": true, \"primaryKey\": true}], \"name\": \"id\", \"type\": \"increments\", \"unsigned\": false, \"defaultTo\": null, \"notNullable\": true}, {\"args\": [], \"name\": \"document_id\", \"type\": \"string\", \"unsigned\": false, \"defaultTo\": null, \"notNullable\": false}, {\"args\": [], \"name\": \"title\", \"type\": \"string\", \"unsigned\": false, \"defaultTo\": null, \"notNullable\": false}, {\"args\": [\"longtext\"], \"name\": \"desc\", \"type\": \"text\", \"unsigned\": false, \"defaultTo\": null, \"notNullable\": false}, {\"args\": [], \"name\": \"date\", \"type\": \"string\", \"unsigned\": false, \"defaultTo\": null, \"notNullable\": false}, {\"args\": [], \"name\": \"publish_date\", \"type\": \"string\", \"unsigned\": false, \"defaultTo\": null, \"notNullable\": false}, {\"args\": [], \"name\": \"month\", \"type\": \"string\", \"unsigned\": false, \"defaultTo\": null, \"notNullable\": false}, {\"args\": [{\"useTz\": false, \"precision\": 6}], \"name\": \"created_at\", \"type\": \"datetime\", \"unsigned\": false, \"defaultTo\": null, \"notNullable\": false}, {\"args\": [{\"useTz\": false, \"precision\": 6}], \"name\": \"updated_at\", \"type\": \"datetime\", \"unsigned\": false, \"defaultTo\": null, \"notNullable\": false}, {\"args\": [{\"useTz\": false, \"precision\": 6}], \"name\": \"published_at\", \"type\": \"datetime\", \"unsigned\": false, \"defaultTo\": null, \"notNullable\": false}, {\"args\": [], \"name\": \"created_by_id\", \"type\": \"integer\", \"unsigned\": true, \"defaultTo\": null, \"notNullable\": false}, {\"args\": [], \"name\": \"updated_by_id\", \"type\": \"integer\", \"unsigned\": true, \"defaultTo\": null, \"notNullable\": false}, {\"args\": [], \"name\": \"locale\", \"type\": \"string\", \"unsigned\": false, \"defaultTo\": null, \"notNullable\": false}], \"indexes\": [{\"name\": \"blogs_documents_idx\", \"columns\": [\"document_id\", \"locale\", \"published_at\"]}, {\"name\": \"blogs_created_by_id_fk\", \"columns\": [\"created_by_id\"]}, {\"name\": \"blogs_updated_by_id_fk\", \"columns\": [\"updated_by_id\"]}], \"foreignKeys\": [{\"name\": \"blogs_created_by_id_fk\", \"columns\": [\"created_by_id\"], \"onDelete\": \"SET NULL\", \"referencedTable\": \"admin_users\", \"referencedColumns\": [\"id\"]}, {\"name\": \"blogs_updated_by_id_fk\", \"columns\": [\"updated_by_id\"], \"onDelete\": \"SET NULL\", \"referencedTable\": \"admin_users\", \"referencedColumns\": [\"id\"]}]}, {\"name\": \"categories\", \"columns\": [{\"args\": [{\"primary\": true, \"primaryKey\": true}], \"name\": \"id\", \"type\": \"increments\", \"unsigned\": false, \"defaultTo\": null, \"notNullable\": true}, {\"args\": [], \"name\": \"document_id\", \"type\": \"string\", \"unsigned\": false, \"defaultTo\": null, \"notNullable\": false}, {\"args\": [], \"name\": \"name\", \"type\": \"string\", \"unsigned\": false, \"defaultTo\": null, \"notNullable\": false}, {\"args\": [], \"name\": \"slug\", \"type\": \"string\", \"unsigned\": false, \"defaultTo\": null, \"notNullable\": false}, {\"args\": [\"longtext\"], \"name\": \"description\", \"type\": \"text\", \"unsigned\": false, \"defaultTo\": null, \"notNullable\": false}, {\"args\": [{\"useTz\": false, \"precision\": 6}], \"name\": \"created_at\", \"type\": \"datetime\", \"unsigned\": false, \"defaultTo\": null, \"notNullable\": false}, {\"args\": [{\"useTz\": false, \"precision\": 6}], \"name\": \"updated_at\", \"type\": \"datetime\", \"unsigned\": false, \"defaultTo\": null, \"notNullable\": false}, {\"args\": [{\"useTz\": false, \"precision\": 6}], \"name\": \"published_at\", \"type\": \"datetime\", \"unsigned\": false, \"defaultTo\": null, \"notNullable\": false}, {\"args\": [], \"name\": \"created_by_id\", \"type\": \"integer\", \"unsigned\": true, \"defaultTo\": null, \"notNullable\": false}, {\"args\": [], \"name\": \"updated_by_id\", \"type\": \"integer\", \"unsigned\": true, \"defaultTo\": null, \"notNullable\": false}, {\"args\": [], \"name\": \"locale\", \"type\": \"string\", \"unsigned\": false, \"defaultTo\": null, \"notNullable\": false}], \"indexes\": [{\"name\": \"categories_documents_idx\", \"columns\": [\"document_id\", \"locale\", \"published_at\"]}, {\"name\": \"categories_created_by_id_fk\", \"columns\": [\"created_by_id\"]}, {\"name\": \"categories_updated_by_id_fk\", \"columns\": [\"updated_by_id\"]}], \"foreignKeys\": [{\"name\": \"categories_created_by_id_fk\", \"columns\": [\"created_by_id\"], \"onDelete\": \"SET NULL\", \"referencedTable\": \"admin_users\", \"referencedColumns\": [\"id\"]}, {\"name\": \"categories_updated_by_id_fk\", \"columns\": [\"updated_by_id\"], \"onDelete\": \"SET NULL\", \"referencedTable\": \"admin_users\", \"referencedColumns\": [\"id\"]}]}, {\"name\": \"courses\", \"columns\": [{\"args\": [{\"primary\": true, \"primaryKey\": true}], \"name\": \"id\", \"type\": \"increments\", \"unsigned\": false, \"defaultTo\": null, \"notNullable\": true}, {\"args\": [], \"name\": \"document_id\", \"type\": \"string\", \"unsigned\": false, \"defaultTo\": null, \"notNullable\": false}, {\"args\": [], \"name\": \"title\", \"type\": \"string\", \"unsigned\": false, \"defaultTo\": null, \"notNullable\": false}, {\"args\": [], \"name\": \"lesson\", \"type\": \"string\", \"unsigned\": false, \"defaultTo\": null, \"notNullable\": false}, {\"args\": [], \"name\": \"duration\", \"type\": \"string\", \"unsigned\": false, \"defaultTo\": null, \"notNullable\": false}, {\"args\": [], \"name\": \"featured\", \"type\": \"boolean\", \"unsigned\": false, \"defaultTo\": null, \"notNullable\": false}, {\"args\": [], \"name\": \"price\", \"type\": \"integer\", \"unsigned\": false, \"defaultTo\": null, \"notNullable\": false}, {\"args\": [], \"name\": \"is_free\", \"type\": \"boolean\", \"unsigned\": false, \"defaultTo\": null, \"notNullable\": false}, {\"args\": [], \"name\": \"tag\", \"type\": \"string\", \"unsigned\": false, \"defaultTo\": null, \"notNullable\": false}, {\"args\": [], \"name\": \"skill_level\", \"type\": \"string\", \"unsigned\": false, \"defaultTo\": null, \"notNullable\": false}, {\"args\": [], \"name\": \"categories\", \"type\": \"string\", \"unsigned\": false, \"defaultTo\": null, \"notNullable\": false}, {\"args\": [], \"name\": \"date\", \"type\": \"date\", \"unsigned\": false, \"defaultTo\": null, \"notNullable\": false}, {\"args\": [], \"name\": \"ins_name\", \"type\": \"string\", \"unsigned\": false, \"defaultTo\": null, \"notNullable\": false}, {\"args\": [{\"useTz\": false, \"precision\": 6}], \"name\": \"created_at\", \"type\": \"datetime\", \"unsigned\": false, \"defaultTo\": null, \"notNullable\": false}, {\"args\": [{\"useTz\": false, \"precision\": 6}], \"name\": \"updated_at\", \"type\": \"datetime\", \"unsigned\": false, \"defaultTo\": null, \"notNullable\": false}, {\"args\": [{\"useTz\": false, \"precision\": 6}], \"name\": \"published_at\", \"type\": \"datetime\", \"unsigned\": false, \"defaultTo\": null, \"notNullable\": false}, {\"args\": [], \"name\": \"created_by_id\", \"type\": \"integer\", \"unsigned\": true, \"defaultTo\": null, \"notNullable\": false}, {\"args\": [], \"name\": \"updated_by_id\", \"type\": \"integer\", \"unsigned\": true, \"defaultTo\": null, \"notNullable\": false}, {\"args\": [], \"name\": \"locale\", \"type\": \"string\", \"unsigned\": false, \"defaultTo\": null, \"notNullable\": false}], \"indexes\": [{\"name\": \"courses_documents_idx\", \"columns\": [\"document_id\", \"locale\", \"published_at\"]}, {\"name\": \"courses_created_by_id_fk\", \"columns\": [\"created_by_id\"]}, {\"name\": \"courses_updated_by_id_fk\", \"columns\": [\"updated_by_id\"]}], \"foreignKeys\": [{\"name\": \"courses_created_by_id_fk\", \"columns\": [\"created_by_id\"], \"onDelete\": \"SET NULL\", \"referencedTable\": \"admin_users\", \"referencedColumns\": [\"id\"]}, {\"name\": \"courses_updated_by_id_fk\", \"columns\": [\"updated_by_id\"], \"onDelete\": \"SET NULL\", \"referencedTable\": \"admin_users\", \"referencedColumns\": [\"id\"]}]}, {\"name\": \"globals_cmps\", \"columns\": [{\"args\": [{\"primary\": true, \"primaryKey\": true}], \"name\": \"id\", \"type\": \"increments\", \"unsigned\": false, \"defaultTo\": null, \"notNullable\": true}, {\"args\": [], \"name\": \"entity_id\", \"type\": \"integer\", \"unsigned\": true, \"defaultTo\": null, \"notNullable\": false}, {\"args\": [], \"name\": \"cmp_id\", \"type\": \"integer\", \"unsigned\": true, \"defaultTo\": null, \"notNullable\": false}, {\"args\": [], \"name\": \"component_type\", \"type\": \"string\", \"unsigned\": false, \"defaultTo\": null, \"notNullable\": false}, {\"args\": [], \"name\": \"field\", \"type\": \"string\", \"unsigned\": false, \"defaultTo\": null, \"notNullable\": false}, {\"args\": [], \"name\": \"order\", \"type\": \"double\", \"unsigned\": true, \"defaultTo\": null, \"notNullable\": false}], \"indexes\": [{\"name\": \"globals_field_idx\", \"columns\": [\"field\"]}, {\"name\": \"globals_component_type_idx\", \"columns\": [\"component_type\"]}, {\"name\": \"globals_entity_fk\", \"columns\": [\"entity_id\"]}, {\"name\": \"globals_uq\", \"type\": \"unique\", \"columns\": [\"entity_id\", \"cmp_id\", \"field\", \"component_type\"]}], \"foreignKeys\": [{\"name\": \"globals_entity_fk\", \"columns\": [\"entity_id\"], \"onDelete\": \"CASCADE\", \"referencedTable\": \"globals\", \"referencedColumns\": [\"id\"]}]}, {\"name\": \"globals\", \"columns\": [{\"args\": [{\"primary\": true, \"primaryKey\": true}], \"name\": \"id\", \"type\": \"increments\", \"unsigned\": false, \"defaultTo\": null, \"notNullable\": true}, {\"args\": [], \"name\": \"document_id\", \"type\": \"string\", \"unsigned\": false, \"defaultTo\": null, \"notNullable\": false}, {\"args\": [], \"name\": \"site_name\", \"type\": \"string\", \"unsigned\": false, \"defaultTo\": null, \"notNullable\": false}, {\"args\": [\"longtext\"], \"name\": \"site_description\", \"type\": \"text\", \"unsigned\": false, \"defaultTo\": null, \"notNullable\": false}, {\"args\": [{\"useTz\": false, \"precision\": 6}], \"name\": \"created_at\", \"type\": \"datetime\", \"unsigned\": false, \"defaultTo\": null, \"notNullable\": false}, {\"args\": [{\"useTz\": false, \"precision\": 6}], \"name\": \"updated_at\", \"type\": \"datetime\", \"unsigned\": false, \"defaultTo\": null, \"notNullable\": false}, {\"args\": [{\"useTz\": false, \"precision\": 6}], \"name\": \"published_at\", \"type\": \"datetime\", \"unsigned\": false, \"defaultTo\": null, \"notNullable\": false}, {\"args\": [], \"name\": \"created_by_id\", \"type\": \"integer\", \"unsigned\": true, \"defaultTo\": null, \"notNullable\": false}, {\"args\": [], \"name\": \"updated_by_id\", \"type\": \"integer\", \"unsigned\": true, \"defaultTo\": null, \"notNullable\": false}, {\"args\": [], \"name\": \"locale\", \"type\": \"string\", \"unsigned\": false, \"defaultTo\": null, \"notNullable\": false}], \"indexes\": [{\"name\": \"globals_documents_idx\", \"columns\": [\"document_id\", \"locale\", \"published_at\"]}, {\"name\": \"globals_created_by_id_fk\", \"columns\": [\"created_by_id\"]}, {\"name\": \"globals_updated_by_id_fk\", \"columns\": [\"updated_by_id\"]}], \"foreignKeys\": [{\"name\": \"globals_created_by_id_fk\", \"columns\": [\"created_by_id\"], \"onDelete\": \"SET NULL\", \"referencedTable\": \"admin_users\", \"referencedColumns\": [\"id\"]}, {\"name\": \"globals_updated_by_id_fk\", \"columns\": [\"updated_by_id\"], \"onDelete\": \"SET NULL\", \"referencedTable\": \"admin_users\", \"referencedColumns\": [\"id\"]}]}, {\"name\": \"admin_permissions\", \"columns\": [{\"args\": [{\"primary\": true, \"primaryKey\": true}], \"name\": \"id\", \"type\": \"increments\", \"unsigned\": false, \"defaultTo\": null, \"notNullable\": true}, {\"args\": [], \"name\": \"document_id\", \"type\": \"string\", \"unsigned\": false, \"defaultTo\": null, \"notNullable\": false}, {\"args\": [], \"name\": \"action\", \"type\": \"string\", \"unsigned\": false, \"defaultTo\": null, \"notNullable\": false}, {\"args\": [], \"name\": \"action_parameters\", \"type\": \"jsonb\", \"unsigned\": false, \"defaultTo\": null, \"notNullable\": false}, {\"args\": [], \"name\": \"subject\", \"type\": \"string\", \"unsigned\": false, \"defaultTo\": null, \"notNullable\": false}, {\"args\": [], \"name\": \"properties\", \"type\": \"jsonb\", \"unsigned\": false, \"defaultTo\": null, \"notNullable\": false}, {\"args\": [], \"name\": \"conditions\", \"type\": \"jsonb\", \"unsigned\": false, \"defaultTo\": null, \"notNullable\": false}, {\"args\": [{\"useTz\": false, \"precision\": 6}], \"name\": \"created_at\", \"type\": \"datetime\", \"unsigned\": false, \"defaultTo\": null, \"notNullable\": false}, {\"args\": [{\"useTz\": false, \"precision\": 6}], \"name\": \"updated_at\", \"type\": \"datetime\", \"unsigned\": false, \"defaultTo\": null, \"notNullable\": false}, {\"args\": [{\"useTz\": false, \"precision\": 6}], \"name\": \"published_at\", \"type\": \"datetime\", \"unsigned\": false, \"defaultTo\": null, \"notNullable\": false}, {\"args\": [], \"name\": \"created_by_id\", \"type\": \"integer\", \"unsigned\": true, \"defaultTo\": null, \"notNullable\": false}, {\"args\": [], \"name\": \"updated_by_id\", \"type\": \"integer\", \"unsigned\": true, \"defaultTo\": null, \"notNullable\": false}, {\"args\": [], \"name\": \"locale\", \"type\": \"string\", \"unsigned\": false, \"defaultTo\": null, \"notNullable\": false}], \"indexes\": [{\"name\": \"admin_permissions_documents_idx\", \"columns\": [\"document_id\", \"locale\", \"published_at\"]}, {\"name\": \"admin_permissions_created_by_id_fk\", \"columns\": [\"created_by_id\"]}, {\"name\": \"admin_permissions_updated_by_id_fk\", \"columns\": [\"updated_by_id\"]}], \"foreignKeys\": [{\"name\": \"admin_permissions_created_by_id_fk\", \"columns\": [\"created_by_id\"], \"onDelete\": \"SET NULL\", \"referencedTable\": \"admin_users\", \"referencedColumns\": [\"id\"]}, {\"name\": \"admin_permissions_updated_by_id_fk\", \"columns\": [\"updated_by_id\"], \"onDelete\": \"SET NULL\", \"referencedTable\": \"admin_users\", \"referencedColumns\": [\"id\"]}]}, {\"name\": \"admin_users\", \"columns\": [{\"args\": [{\"primary\": true, \"primaryKey\": true}], \"name\": \"id\", \"type\": \"increments\", \"unsigned\": false, \"defaultTo\": null, \"notNullable\": true}, {\"args\": [], \"name\": \"document_id\", \"type\": \"string\", \"unsigned\": false, \"defaultTo\": null, \"notNullable\": false}, {\"args\": [], \"name\": \"firstname\", \"type\": \"string\", \"unsigned\": false, \"defaultTo\": null, \"notNullable\": false}, {\"args\": [], \"name\": \"lastname\", \"type\": \"string\", \"unsigned\": false, \"defaultTo\": null, \"notNullable\": false}, {\"args\": [], \"name\": \"username\", \"type\": \"string\", \"unsigned\": false, \"defaultTo\": null, \"notNullable\": false}, {\"args\": [], \"name\": \"email\", \"type\": \"string\", \"unsigned\": false, \"defaultTo\": null, \"notNullable\": false}, {\"args\": [], \"name\": \"password\", \"type\": \"string\", \"unsigned\": false, \"defaultTo\": null, \"notNullable\": false}, {\"args\": [], \"name\": \"reset_password_token\", \"type\": \"string\", \"unsigned\": false, \"defaultTo\": null, \"notNullable\": false}, {\"args\": [], \"name\": \"registration_token\", \"type\": \"string\", \"unsigned\": false, \"defaultTo\": null, \"notNullable\": false}, {\"args\": [], \"name\": \"is_active\", \"type\": \"boolean\", \"unsigned\": false, \"defaultTo\": null, \"notNullable\": false}, {\"args\": [], \"name\": \"blocked\", \"type\": \"boolean\", \"unsigned\": false, \"defaultTo\": null, \"notNullable\": false}, {\"args\": [], \"name\": \"prefered_language\", \"type\": \"string\", \"unsigned\": false, \"defaultTo\": null, \"notNullable\": false}, {\"args\": [{\"useTz\": false, \"precision\": 6}], \"name\": \"created_at\", \"type\": \"datetime\", \"unsigned\": false, \"defaultTo\": null, \"notNullable\": false}, {\"args\": [{\"useTz\": false, \"precision\": 6}], \"name\": \"updated_at\", \"type\": \"datetime\", \"unsigned\": false, \"defaultTo\": null, \"notNullable\": false}, {\"args\": [{\"useTz\": false, \"precision\": 6}], \"name\": \"published_at\", \"type\": \"datetime\", \"unsigned\": false, \"defaultTo\": null, \"notNullable\": false}, {\"args\": [], \"name\": \"created_by_id\", \"type\": \"integer\", \"unsigned\": true, \"defaultTo\": null, \"notNullable\": false}, {\"args\": [], \"name\": \"updated_by_id\", \"type\": \"integer\", \"unsigned\": true, \"defaultTo\": null, \"notNullable\": false}, {\"args\": [], \"name\": \"locale\", \"type\": \"string\", \"unsigned\": false, \"defaultTo\": null, \"notNullable\": false}], \"indexes\": [{\"name\": \"admin_users_documents_idx\", \"columns\": [\"document_id\", \"locale\", \"published_at\"]}, {\"name\": \"admin_users_created_by_id_fk\", \"columns\": [\"created_by_id\"]}, {\"name\": \"admin_users_updated_by_id_fk\", \"columns\": [\"updated_by_id\"]}], \"foreignKeys\": [{\"name\": \"admin_users_created_by_id_fk\", \"columns\": [\"created_by_id\"], \"onDelete\": \"SET NULL\", \"referencedTable\": \"admin_users\", \"referencedColumns\": [\"id\"]}, {\"name\": \"admin_users_updated_by_id_fk\", \"columns\": [\"updated_by_id\"], \"onDelete\": \"SET NULL\", \"referencedTable\": \"admin_users\", \"referencedColumns\": [\"id\"]}]}, {\"name\": \"admin_roles\", \"columns\": [{\"args\": [{\"primary\": true, \"primaryKey\": true}], \"name\": \"id\", \"type\": \"increments\", \"unsigned\": false, \"defaultTo\": null, \"notNullable\": true}, {\"args\": [], \"name\": \"document_id\", \"type\": \"string\", \"unsigned\": false, \"defaultTo\": null, \"notNullable\": false}, {\"args\": [], \"name\": \"name\", \"type\": \"string\", \"unsigned\": false, \"defaultTo\": null, \"notNullable\": false}, {\"args\": [], \"name\": \"code\", \"type\": \"string\", \"unsigned\": false, \"defaultTo\": null, \"notNullable\": false}, {\"args\": [], \"name\": \"description\", \"type\": \"string\", \"unsigned\": false, \"defaultTo\": null, \"notNullable\": false}, {\"args\": [{\"useTz\": false, \"precision\": 6}], \"name\": \"created_at\", \"type\": \"datetime\", \"unsigned\": false, \"defaultTo\": null, \"notNullable\": false}, {\"args\": [{\"useTz\": false, \"precision\": 6}], \"name\": \"updated_at\", \"type\": \"datetime\", \"unsigned\": false, \"defaultTo\": null, \"notNullable\": false}, {\"args\": [{\"useTz\": false, \"precision\": 6}], \"name\": \"published_at\", \"type\": \"datetime\", \"unsigned\": false, \"defaultTo\": null, \"notNullable\": false}, {\"args\": [], \"name\": \"created_by_id\", \"type\": \"integer\", \"unsigned\": true, \"defaultTo\": null, \"notNullable\": false}, {\"args\": [], \"name\": \"updated_by_id\", \"type\": \"integer\", \"unsigned\": true, \"defaultTo\": null, \"notNullable\": false}, {\"args\": [], \"name\": \"locale\", \"type\": \"string\", \"unsigned\": false, \"defaultTo\": null, \"notNullable\": false}], \"indexes\": [{\"name\": \"admin_roles_documents_idx\", \"columns\": [\"document_id\", \"locale\", \"published_at\"]}, {\"name\": \"admin_roles_created_by_id_fk\", \"columns\": [\"created_by_id\"]}, {\"name\": \"admin_roles_updated_by_id_fk\", \"columns\": [\"updated_by_id\"]}], \"foreignKeys\": [{\"name\": \"admin_roles_created_by_id_fk\", \"columns\": [\"created_by_id\"], \"onDelete\": \"SET NULL\", \"referencedTable\": \"admin_users\", \"referencedColumns\": [\"id\"]}, {\"name\": \"admin_roles_updated_by_id_fk\", \"columns\": [\"updated_by_id\"], \"onDelete\": \"SET NULL\", \"referencedTable\": \"admin_users\", \"referencedColumns\": [\"id\"]}]}, {\"name\": \"strapi_api_tokens\", \"columns\": [{\"args\": [{\"primary\": true, \"primaryKey\": true}], \"name\": \"id\", \"type\": \"increments\", \"unsigned\": false, \"defaultTo\": null, \"notNullable\": true}, {\"args\": [], \"name\": \"document_id\", \"type\": \"string\", \"unsigned\": false, \"defaultTo\": null, \"notNullable\": false}, {\"args\": [], \"name\": \"name\", \"type\": \"string\", \"unsigned\": false, \"defaultTo\": null, \"notNullable\": false}, {\"args\": [], \"name\": \"description\", \"type\": \"string\", \"unsigned\": false, \"defaultTo\": null, \"notNullable\": false}, {\"args\": [], \"name\": \"type\", \"type\": \"string\", \"unsigned\": false, \"defaultTo\": null, \"notNullable\": false}, {\"args\": [], \"name\": \"access_key\", \"type\": \"string\", \"unsigned\": false, \"defaultTo\": null, \"notNullable\": false}, {\"args\": [{\"useTz\": false, \"precision\": 6}], \"name\": \"last_used_at\", \"type\": \"datetime\", \"unsigned\": false, \"defaultTo\": null, \"notNullable\": false}, {\"args\": [{\"useTz\": false, \"precision\": 6}], \"name\": \"expires_at\", \"type\": \"datetime\", \"unsigned\": false, \"defaultTo\": null, \"notNullable\": false}, {\"args\": [], \"name\": \"lifespan\", \"type\": \"bigInteger\", \"unsigned\": false, \"defaultTo\": null, \"notNullable\": false}, {\"args\": [{\"useTz\": false, \"precision\": 6}], \"name\": \"created_at\", \"type\": \"datetime\", \"unsigned\": false, \"defaultTo\": null, \"notNullable\": false}, {\"args\": [{\"useTz\": false, \"precision\": 6}], \"name\": \"updated_at\", \"type\": \"datetime\", \"unsigned\": false, \"defaultTo\": null, \"notNullable\": false}, {\"args\": [{\"useTz\": false, \"precision\": 6}], \"name\": \"published_at\", \"type\": \"datetime\", \"unsigned\": false, \"defaultTo\": null, \"notNullable\": false}, {\"args\": [], \"name\": \"created_by_id\", \"type\": \"integer\", \"unsigned\": true, \"defaultTo\": null, \"notNullable\": false}, {\"args\": [], \"name\": \"updated_by_id\", \"type\": \"integer\", \"unsigned\": true, \"defaultTo\": null, \"notNullable\": false}, {\"args\": [], \"name\": \"locale\", \"type\": \"string\", \"unsigned\": false, \"defaultTo\": null, \"notNullable\": false}], \"indexes\": [{\"name\": \"strapi_api_tokens_documents_idx\", \"columns\": [\"document_id\", \"locale\", \"published_at\"]}, {\"name\": \"strapi_api_tokens_created_by_id_fk\", \"columns\": [\"created_by_id\"]}, {\"name\": \"strapi_api_tokens_updated_by_id_fk\", \"columns\": [\"updated_by_id\"]}], \"foreignKeys\": [{\"name\": \"strapi_api_tokens_created_by_id_fk\", \"columns\": [\"created_by_id\"], \"onDelete\": \"SET NULL\", \"referencedTable\": \"admin_users\", \"referencedColumns\": [\"id\"]}, {\"name\": \"strapi_api_tokens_updated_by_id_fk\", \"columns\": [\"updated_by_id\"], \"onDelete\": \"SET NULL\", \"referencedTable\": \"admin_users\", \"referencedColumns\": [\"id\"]}]}, {\"name\": \"strapi_api_token_permissions\", \"columns\": [{\"args\": [{\"primary\": true, \"primaryKey\": true}], \"name\": \"id\", \"type\": \"increments\", \"unsigned\": false, \"defaultTo\": null, \"notNullable\": true}, {\"args\": [], \"name\": \"document_id\", \"type\": \"string\", \"unsigned\": false, \"defaultTo\": null, \"notNullable\": false}, {\"args\": [], \"name\": \"action\", \"type\": \"string\", \"unsigned\": false, \"defaultTo\": null, \"notNullable\": false}, {\"args\": [{\"useTz\": false, \"precision\": 6}], \"name\": \"created_at\", \"type\": \"datetime\", \"unsigned\": false, \"defaultTo\": null, \"notNullable\": false}, {\"args\": [{\"useTz\": false, \"precision\": 6}], \"name\": \"updated_at\", \"type\": \"datetime\", \"unsigned\": false, \"defaultTo\": null, \"notNullable\": false}, {\"args\": [{\"useTz\": false, \"precision\": 6}], \"name\": \"published_at\", \"type\": \"datetime\", \"unsigned\": false, \"defaultTo\": null, \"notNullable\": false}, {\"args\": [], \"name\": \"created_by_id\", \"type\": \"integer\", \"unsigned\": true, \"defaultTo\": null, \"notNullable\": false}, {\"args\": [], \"name\": \"updated_by_id\", \"type\": \"integer\", \"unsigned\": true, \"defaultTo\": null, \"notNullable\": false}, {\"args\": [], \"name\": \"locale\", \"type\": \"string\", \"unsigned\": false, \"defaultTo\": null, \"notNullable\": false}], \"indexes\": [{\"name\": \"strapi_api_token_permissions_documents_idx\", \"columns\": [\"document_id\", \"locale\", \"published_at\"]}, {\"name\": \"strapi_api_token_permissions_created_by_id_fk\", \"columns\": [\"created_by_id\"]}, {\"name\": \"strapi_api_token_permissions_updated_by_id_fk\", \"columns\": [\"updated_by_id\"]}], \"foreignKeys\": [{\"name\": \"strapi_api_token_permissions_created_by_id_fk\", \"columns\": [\"created_by_id\"], \"onDelete\": \"SET NULL\", \"referencedTable\": \"admin_users\", \"referencedColumns\": [\"id\"]}, {\"name\": \"strapi_api_token_permissions_updated_by_id_fk\", \"columns\": [\"updated_by_id\"], \"onDelete\": \"SET NULL\", \"referencedTable\": \"admin_users\", \"referencedColumns\": [\"id\"]}]}, {\"name\": \"strapi_transfer_tokens\", \"columns\": [{\"args\": [{\"primary\": true, \"primaryKey\": true}], \"name\": \"id\", \"type\": \"increments\", \"unsigned\": false, \"defaultTo\": null, \"notNullable\": true}, {\"args\": [], \"name\": \"document_id\", \"type\": \"string\", \"unsigned\": false, \"defaultTo\": null, \"notNullable\": false}, {\"args\": [], \"name\": \"name\", \"type\": \"string\", \"unsigned\": false, \"defaultTo\": null, \"notNullable\": false}, {\"args\": [], \"name\": \"description\", \"type\": \"string\", \"unsigned\": false, \"defaultTo\": null, \"notNullable\": false}, {\"args\": [], \"name\": \"access_key\", \"type\": \"string\", \"unsigned\": false, \"defaultTo\": null, \"notNullable\": false}, {\"args\": [{\"useTz\": false, \"precision\": 6}], \"name\": \"last_used_at\", \"type\": \"datetime\", \"unsigned\": false, \"defaultTo\": null, \"notNullable\": false}, {\"args\": [{\"useTz\": false, \"precision\": 6}], \"name\": \"expires_at\", \"type\": \"datetime\", \"unsigned\": false, \"defaultTo\": null, \"notNullable\": false}, {\"args\": [], \"name\": \"lifespan\", \"type\": \"bigInteger\", \"unsigned\": false, \"defaultTo\": null, \"notNullable\": false}, {\"args\": [{\"useTz\": false, \"precision\": 6}], \"name\": \"created_at\", \"type\": \"datetime\", \"unsigned\": false, \"defaultTo\": null, \"notNullable\": false}, {\"args\": [{\"useTz\": false, \"precision\": 6}], \"name\": \"updated_at\", \"type\": \"datetime\", \"unsigned\": false, \"defaultTo\": null, \"notNullable\": false}, {\"args\": [{\"useTz\": false, \"precision\": 6}], \"name\": \"published_at\", \"type\": \"datetime\", \"unsigned\": false, \"defaultTo\": null, \"notNullable\": false}, {\"args\": [], \"name\": \"created_by_id\", \"type\": \"integer\", \"unsigned\": true, \"defaultTo\": null, \"notNullable\": false}, {\"args\": [], \"name\": \"updated_by_id\", \"type\": \"integer\", \"unsigned\": true, \"defaultTo\": null, \"notNullable\": false}, {\"args\": [], \"name\": \"locale\", \"type\": \"string\", \"unsigned\": false, \"defaultTo\": null, \"notNullable\": false}], \"indexes\": [{\"name\": \"strapi_transfer_tokens_documents_idx\", \"columns\": [\"document_id\", \"locale\", \"published_at\"]}, {\"name\": \"strapi_transfer_tokens_created_by_id_fk\", \"columns\": [\"created_by_id\"]}, {\"name\": \"strapi_transfer_tokens_updated_by_id_fk\", \"columns\": [\"updated_by_id\"]}], \"foreignKeys\": [{\"name\": \"strapi_transfer_tokens_created_by_id_fk\", \"columns\": [\"created_by_id\"], \"onDelete\": \"SET NULL\", \"referencedTable\": \"admin_users\", \"referencedColumns\": [\"id\"]}, {\"name\": \"strapi_transfer_tokens_updated_by_id_fk\", \"columns\": [\"updated_by_id\"], \"onDelete\": \"SET NULL\", \"referencedTable\": \"admin_users\", \"referencedColumns\": [\"id\"]}]}, {\"name\": \"strapi_transfer_token_permissions\", \"columns\": [{\"args\": [{\"primary\": true, \"primaryKey\": true}], \"name\": \"id\", \"type\": \"increments\", \"unsigned\": false, \"defaultTo\": null, \"notNullable\": true}, {\"args\": [], \"name\": \"document_id\", \"type\": \"string\", \"unsigned\": false, \"defaultTo\": null, \"notNullable\": false}, {\"args\": [], \"name\": \"action\", \"type\": \"string\", \"unsigned\": false, \"defaultTo\": null, \"notNullable\": false}, {\"args\": [{\"useTz\": false, \"precision\": 6}], \"name\": \"created_at\", \"type\": \"datetime\", \"unsigned\": false, \"defaultTo\": null, \"notNullable\": false}, {\"args\": [{\"useTz\": false, \"precision\": 6}], \"name\": \"updated_at\", \"type\": \"datetime\", \"unsigned\": false, \"defaultTo\": null, \"notNullable\": false}, {\"args\": [{\"useTz\": false, \"precision\": 6}], \"name\": \"published_at\", \"type\": \"datetime\", \"unsigned\": false, \"defaultTo\": null, \"notNullable\": false}, {\"args\": [], \"name\": \"created_by_id\", \"type\": \"integer\", \"unsigned\": true, \"defaultTo\": null, \"notNullable\": false}, {\"args\": [], \"name\": \"updated_by_id\", \"type\": \"integer\", \"unsigned\": true, \"defaultTo\": null, \"notNullable\": false}, {\"args\": [], \"name\": \"locale\", \"type\": \"string\", \"unsigned\": false, \"defaultTo\": null, \"notNullable\": false}], \"indexes\": [{\"name\": \"strapi_transfer_token_permissions_documents_idx\", \"columns\": [\"document_id\", \"locale\", \"published_at\"]}, {\"name\": \"strapi_transfer_token_permissions_created_by_id_fk\", \"columns\": [\"created_by_id\"]}, {\"name\": \"strapi_transfer_token_permissions_updated_by_id_fk\", \"columns\": [\"updated_by_id\"]}], \"foreignKeys\": [{\"name\": \"strapi_transfer_token_permissions_created_by_id_fk\", \"columns\": [\"created_by_id\"], \"onDelete\": \"SET NULL\", \"referencedTable\": \"admin_users\", \"referencedColumns\": [\"id\"]}, {\"name\": \"strapi_transfer_token_permissions_updated_by_id_fk\", \"columns\": [\"updated_by_id\"], \"onDelete\": \"SET NULL\", \"referencedTable\": \"admin_users\", \"referencedColumns\": [\"id\"]}]}, {\"name\": \"components_shared_sliders\", \"columns\": [{\"args\": [{\"primary\": true, \"primaryKey\": true}], \"name\": \"id\", \"type\": \"increments\", \"unsigned\": false, \"defaultTo\": null, \"notNullable\": true}], \"indexes\": [], \"foreignKeys\": []}, {\"name\": \"components_shared_seos\", \"columns\": [{\"args\": [{\"primary\": true, \"primaryKey\": true}], \"name\": \"id\", \"type\": \"increments\", \"unsigned\": false, \"defaultTo\": null, \"notNullable\": true}, {\"args\": [], \"name\": \"meta_title\", \"type\": \"string\", \"unsigned\": false, \"defaultTo\": null, \"notNullable\": false}, {\"args\": [\"longtext\"], \"name\": \"meta_description\", \"type\": \"text\", \"unsigned\": false, \"defaultTo\": null, \"notNullable\": false}], \"indexes\": [], \"foreignKeys\": []}, {\"name\": \"components_shared_rich_texts\", \"columns\": [{\"args\": [{\"primary\": true, \"primaryKey\": true}], \"name\": \"id\", \"type\": \"increments\", \"unsigned\": false, \"defaultTo\": null, \"notNullable\": true}, {\"args\": [\"longtext\"], \"name\": \"body\", \"type\": \"text\", \"unsigned\": false, \"defaultTo\": null, \"notNullable\": false}], \"indexes\": [], \"foreignKeys\": []}, {\"name\": \"components_shared_quotes\", \"columns\": [{\"args\": [{\"primary\": true, \"primaryKey\": true}], \"name\": \"id\", \"type\": \"increments\", \"unsigned\": false, \"defaultTo\": null, \"notNullable\": true}, {\"args\": [], \"name\": \"title\", \"type\": \"string\", \"unsigned\": false, \"defaultTo\": null, \"notNullable\": false}, {\"args\": [\"longtext\"], \"name\": \"body\", \"type\": \"text\", \"unsigned\": false, \"defaultTo\": null, \"notNullable\": false}], \"indexes\": [], \"foreignKeys\": []}, {\"name\": \"components_shared_media\", \"columns\": [{\"args\": [{\"primary\": true, \"primaryKey\": true}], \"name\": \"id\", \"type\": \"increments\", \"unsigned\": false, \"defaultTo\": null, \"notNullable\": true}], \"indexes\": [], \"foreignKeys\": []}, {\"name\": \"strapi_core_store_settings\", \"columns\": [{\"args\": [{\"primary\": true, \"primaryKey\": true}], \"name\": \"id\", \"type\": \"increments\", \"unsigned\": false, \"defaultTo\": null, \"notNullable\": true}, {\"args\": [], \"name\": \"key\", \"type\": \"string\", \"unsigned\": false, \"defaultTo\": null, \"notNullable\": false}, {\"args\": [\"longtext\"], \"name\": \"value\", \"type\": \"text\", \"unsigned\": false, \"defaultTo\": null, \"notNullable\": false}, {\"args\": [], \"name\": \"type\", \"type\": \"string\", \"unsigned\": false, \"defaultTo\": null, \"notNullable\": false}, {\"args\": [], \"name\": \"environment\", \"type\": \"string\", \"unsigned\": false, \"defaultTo\": null, \"notNullable\": false}, {\"args\": [], \"name\": \"tag\", \"type\": \"string\", \"unsigned\": false, \"defaultTo\": null, \"notNullable\": false}], \"indexes\": [], \"foreignKeys\": []}, {\"name\": \"strapi_webhooks\", \"columns\": [{\"args\": [{\"primary\": true, \"primaryKey\": true}], \"name\": \"id\", \"type\": \"increments\", \"unsigned\": false, \"defaultTo\": null, \"notNullable\": true}, {\"args\": [], \"name\": \"name\", \"type\": \"string\", \"unsigned\": false, \"defaultTo\": null, \"notNullable\": false}, {\"args\": [\"longtext\"], \"name\": \"url\", \"type\": \"text\", \"unsigned\": false, \"defaultTo\": null, \"notNullable\": false}, {\"args\": [], \"name\": \"headers\", \"type\": \"jsonb\", \"unsigned\": false, \"defaultTo\": null, \"notNullable\": false}, {\"args\": [], \"name\": \"events\", \"type\": \"jsonb\", \"unsigned\": false, \"defaultTo\": null, \"notNullable\": false}, {\"args\": [], \"name\": \"enabled\", \"type\": \"boolean\", \"unsigned\": false, \"defaultTo\": null, \"notNullable\": false}], \"indexes\": [], \"foreignKeys\": []}, {\"name\": \"strapi_history_versions\", \"columns\": [{\"args\": [{\"primary\": true, \"primaryKey\": true}], \"name\": \"id\", \"type\": \"increments\", \"unsigned\": false, \"defaultTo\": null, \"notNullable\": true}, {\"args\": [], \"name\": \"content_type\", \"type\": \"string\", \"unsigned\": false, \"defaultTo\": null, \"notNullable\": true}, {\"args\": [], \"name\": \"related_document_id\", \"type\": \"string\", \"unsigned\": false, \"defaultTo\": null, \"notNullable\": false}, {\"args\": [], \"name\": \"locale\", \"type\": \"string\", \"unsigned\": false, \"defaultTo\": null, \"notNullable\": false}, {\"args\": [], \"name\": \"status\", \"type\": \"string\", \"unsigned\": false, \"defaultTo\": null, \"notNullable\": false}, {\"args\": [], \"name\": \"data\", \"type\": \"jsonb\", \"unsigned\": false, \"defaultTo\": null, \"notNullable\": false}, {\"args\": [], \"name\": \"schema\", \"type\": \"jsonb\", \"unsigned\": false, \"defaultTo\": null, \"notNullable\": false}, {\"args\": [{\"useTz\": false, \"precision\": 6}], \"name\": \"created_at\", \"type\": \"datetime\", \"unsigned\": false, \"defaultTo\": null, \"notNullable\": false}, {\"args\": [], \"name\": \"created_by_id\", \"type\": \"integer\", \"unsigned\": true, \"defaultTo\": null, \"notNullable\": false}], \"indexes\": [{\"name\": \"strapi_history_versions_created_by_id_fk\", \"columns\": [\"created_by_id\"]}], \"foreignKeys\": [{\"name\": \"strapi_history_versions_created_by_id_fk\", \"columns\": [\"created_by_id\"], \"onDelete\": \"SET NULL\", \"referencedTable\": \"admin_users\", \"referencedColumns\": [\"id\"]}]}, {\"name\": \"files_related_mph\", \"columns\": [{\"args\": [{\"primary\": true, \"primaryKey\": true}], \"name\": \"id\", \"type\": \"increments\", \"unsigned\": false, \"defaultTo\": null, \"notNullable\": true}, {\"args\": [], \"name\": \"file_id\", \"type\": \"integer\", \"unsigned\": true, \"defaultTo\": null, \"notNullable\": false}, {\"args\": [], \"name\": \"related_id\", \"type\": \"integer\", \"unsigned\": true, \"defaultTo\": null, \"notNullable\": false}, {\"args\": [], \"name\": \"related_type\", \"type\": \"string\", \"unsigned\": false, \"defaultTo\": null, \"notNullable\": false}, {\"args\": [], \"name\": \"field\", \"type\": \"string\", \"unsigned\": false, \"defaultTo\": null, \"notNullable\": false}, {\"args\": [], \"name\": \"order\", \"type\": \"double\", \"unsigned\": true, \"defaultTo\": null, \"notNullable\": false}], \"indexes\": [{\"name\": \"files_related_mph_fk\", \"columns\": [\"file_id\"]}, {\"name\": \"files_related_mph_oidx\", \"columns\": [\"order\"]}, {\"name\": \"files_related_mph_idix\", \"columns\": [\"related_id\"]}], \"foreignKeys\": [{\"name\": \"files_related_mph_fk\", \"columns\": [\"file_id\"], \"onDelete\": \"CASCADE\", \"referencedTable\": \"files\", \"referencedColumns\": [\"id\"]}]}, {\"name\": \"files_folder_lnk\", \"columns\": [{\"args\": [{\"primary\": true, \"primaryKey\": true}], \"name\": \"id\", \"type\": \"increments\", \"unsigned\": false, \"defaultTo\": null, \"notNullable\": true}, {\"args\": [], \"name\": \"file_id\", \"type\": \"integer\", \"unsigned\": true, \"defaultTo\": null, \"notNullable\": false}, {\"args\": [], \"name\": \"folder_id\", \"type\": \"integer\", \"unsigned\": true, \"defaultTo\": null, \"notNullable\": false}, {\"args\": [], \"name\": \"file_ord\", \"type\": \"double\", \"unsigned\": true, \"defaultTo\": null, \"notNullable\": false}], \"indexes\": [{\"name\": \"files_folder_lnk_fk\", \"columns\": [\"file_id\"]}, {\"name\": \"files_folder_lnk_ifk\", \"columns\": [\"folder_id\"]}, {\"name\": \"files_folder_lnk_uq\", \"type\": \"unique\", \"columns\": [\"file_id\", \"folder_id\"]}, {\"name\": \"files_folder_lnk_oifk\", \"columns\": [\"file_ord\"]}], \"foreignKeys\": [{\"name\": \"files_folder_lnk_fk\", \"columns\": [\"file_id\"], \"onDelete\": \"CASCADE\", \"referencedTable\": \"files\", \"referencedColumns\": [\"id\"]}, {\"name\": \"files_folder_lnk_ifk\", \"columns\": [\"folder_id\"], \"onDelete\": \"CASCADE\", \"referencedTable\": \"upload_folders\", \"referencedColumns\": [\"id\"]}]}, {\"name\": \"upload_folders_parent_lnk\", \"columns\": [{\"args\": [{\"primary\": true, \"primaryKey\": true}], \"name\": \"id\", \"type\": \"increments\", \"unsigned\": false, \"defaultTo\": null, \"notNullable\": true}, {\"args\": [], \"name\": \"folder_id\", \"type\": \"integer\", \"unsigned\": true, \"defaultTo\": null, \"notNullable\": false}, {\"args\": [], \"name\": \"inv_folder_id\", \"type\": \"integer\", \"unsigned\": true, \"defaultTo\": null, \"notNullable\": false}, {\"args\": [], \"name\": \"folder_ord\", \"type\": \"double\", \"unsigned\": true, \"defaultTo\": null, \"notNullable\": false}], \"indexes\": [{\"name\": \"upload_folders_parent_lnk_fk\", \"columns\": [\"folder_id\"]}, {\"name\": \"upload_folders_parent_lnk_ifk\", \"columns\": [\"inv_folder_id\"]}, {\"name\": \"upload_folders_parent_lnk_uq\", \"type\": \"unique\", \"columns\": [\"folder_id\", \"inv_folder_id\"]}, {\"name\": \"upload_folders_parent_lnk_oifk\", \"columns\": [\"folder_ord\"]}], \"foreignKeys\": [{\"name\": \"upload_folders_parent_lnk_fk\", \"columns\": [\"folder_id\"], \"onDelete\": \"CASCADE\", \"referencedTable\": \"upload_folders\", \"referencedColumns\": [\"id\"]}, {\"name\": \"upload_folders_parent_lnk_ifk\", \"columns\": [\"inv_folder_id\"], \"onDelete\": \"CASCADE\", \"referencedTable\": \"upload_folders\", \"referencedColumns\": [\"id\"]}]}, {\"name\": \"strapi_release_actions_release_lnk\", \"columns\": [{\"args\": [{\"primary\": true, \"primaryKey\": true}], \"name\": \"id\", \"type\": \"increments\", \"unsigned\": false, \"defaultTo\": null, \"notNullable\": true}, {\"args\": [], \"name\": \"release_action_id\", \"type\": \"integer\", \"unsigned\": true, \"defaultTo\": null, \"notNullable\": false}, {\"args\": [], \"name\": \"release_id\", \"type\": \"integer\", \"unsigned\": true, \"defaultTo\": null, \"notNullable\": false}, {\"args\": [], \"name\": \"release_action_ord\", \"type\": \"double\", \"unsigned\": true, \"defaultTo\": null, \"notNullable\": false}], \"indexes\": [{\"name\": \"strapi_release_actions_release_lnk_fk\", \"columns\": [\"release_action_id\"]}, {\"name\": \"strapi_release_actions_release_lnk_ifk\", \"columns\": [\"release_id\"]}, {\"name\": \"strapi_release_actions_release_lnk_uq\", \"type\": \"unique\", \"columns\": [\"release_action_id\", \"release_id\"]}, {\"name\": \"strapi_release_actions_release_lnk_oifk\", \"columns\": [\"release_action_ord\"]}], \"foreignKeys\": [{\"name\": \"strapi_release_actions_release_lnk_fk\", \"columns\": [\"release_action_id\"], \"onDelete\": \"CASCADE\", \"referencedTable\": \"strapi_release_actions\", \"referencedColumns\": [\"id\"]}, {\"name\": \"strapi_release_actions_release_lnk_ifk\", \"columns\": [\"release_id\"], \"onDelete\": \"CASCADE\", \"referencedTable\": \"strapi_releases\", \"referencedColumns\": [\"id\"]}]}, {\"name\": \"strapi_workflows_stage_required_to_publish_lnk\", \"columns\": [{\"args\": [{\"primary\": true, \"primaryKey\": true}], \"name\": \"id\", \"type\": \"increments\", \"unsigned\": false, \"defaultTo\": null, \"notNullable\": true}, {\"args\": [], \"name\": \"workflow_id\", \"type\": \"integer\", \"unsigned\": true, \"defaultTo\": null, \"notNullable\": false}, {\"args\": [], \"name\": \"workflow_stage_id\", \"type\": \"integer\", \"unsigned\": true, \"defaultTo\": null, \"notNullable\": false}], \"indexes\": [{\"name\": \"strapi_workflows_stage_required_to_publish_lnk_fk\", \"columns\": [\"workflow_id\"]}, {\"name\": \"strapi_workflows_stage_required_to_publish_lnk_ifk\", \"columns\": [\"workflow_stage_id\"]}, {\"name\": \"strapi_workflows_stage_required_to_publish_lnk_uq\", \"type\": \"unique\", \"columns\": [\"workflow_id\", \"workflow_stage_id\"]}], \"foreignKeys\": [{\"name\": \"strapi_workflows_stage_required_to_publish_lnk_fk\", \"columns\": [\"workflow_id\"], \"onDelete\": \"CASCADE\", \"referencedTable\": \"strapi_workflows\", \"referencedColumns\": [\"id\"]}, {\"name\": \"strapi_workflows_stage_required_to_publish_lnk_ifk\", \"columns\": [\"workflow_stage_id\"], \"onDelete\": \"CASCADE\", \"referencedTable\": \"strapi_workflows_stages\", \"referencedColumns\": [\"id\"]}]}, {\"name\": \"strapi_workflows_stages_workflow_lnk\", \"columns\": [{\"args\": [{\"primary\": true, \"primaryKey\": true}], \"name\": \"id\", \"type\": \"increments\", \"unsigned\": false, \"defaultTo\": null, \"notNullable\": true}, {\"args\": [], \"name\": \"workflow_stage_id\", \"type\": \"integer\", \"unsigned\": true, \"defaultTo\": null, \"notNullable\": false}, {\"args\": [], \"name\": \"workflow_id\", \"type\": \"integer\", \"unsigned\": true, \"defaultTo\": null, \"notNullable\": false}, {\"args\": [], \"name\": \"workflow_stage_ord\", \"type\": \"double\", \"unsigned\": true, \"defaultTo\": null, \"notNullable\": false}], \"indexes\": [{\"name\": \"strapi_workflows_stages_workflow_lnk_fk\", \"columns\": [\"workflow_stage_id\"]}, {\"name\": \"strapi_workflows_stages_workflow_lnk_ifk\", \"columns\": [\"workflow_id\"]}, {\"name\": \"strapi_workflows_stages_workflow_lnk_uq\", \"type\": \"unique\", \"columns\": [\"workflow_stage_id\", \"workflow_id\"]}, {\"name\": \"strapi_workflows_stages_workflow_lnk_oifk\", \"columns\": [\"workflow_stage_ord\"]}], \"foreignKeys\": [{\"name\": \"strapi_workflows_stages_workflow_lnk_fk\", \"columns\": [\"workflow_stage_id\"], \"onDelete\": \"CASCADE\", \"referencedTable\": \"strapi_workflows_stages\", \"referencedColumns\": [\"id\"]}, {\"name\": \"strapi_workflows_stages_workflow_lnk_ifk\", \"columns\": [\"workflow_id\"], \"onDelete\": \"CASCADE\", \"referencedTable\": \"strapi_workflows\", \"referencedColumns\": [\"id\"]}]}, {\"name\": \"strapi_workflows_stages_permissions_lnk\", \"columns\": [{\"args\": [{\"primary\": true, \"primaryKey\": true}], \"name\": \"id\", \"type\": \"increments\", \"unsigned\": false, \"defaultTo\": null, \"notNullable\": true}, {\"args\": [], \"name\": \"workflow_stage_id\", \"type\": \"integer\", \"unsigned\": true, \"defaultTo\": null, \"notNullable\": false}, {\"args\": [], \"name\": \"permission_id\", \"type\": \"integer\", \"unsigned\": true, \"defaultTo\": null, \"notNullable\": false}, {\"args\": [], \"name\": \"permission_ord\", \"type\": \"double\", \"unsigned\": true, \"defaultTo\": null, \"notNullable\": false}], \"indexes\": [{\"name\": \"strapi_workflows_stages_permissions_lnk_fk\", \"columns\": [\"workflow_stage_id\"]}, {\"name\": \"strapi_workflows_stages_permissions_lnk_ifk\", \"columns\": [\"permission_id\"]}, {\"name\": \"strapi_workflows_stages_permissions_lnk_uq\", \"type\": \"unique\", \"columns\": [\"workflow_stage_id\", \"permission_id\"]}, {\"name\": \"strapi_workflows_stages_permissions_lnk_ofk\", \"columns\": [\"permission_ord\"]}], \"foreignKeys\": [{\"name\": \"strapi_workflows_stages_permissions_lnk_fk\", \"columns\": [\"workflow_stage_id\"], \"onDelete\": \"CASCADE\", \"referencedTable\": \"strapi_workflows_stages\", \"referencedColumns\": [\"id\"]}, {\"name\": \"strapi_workflows_stages_permissions_lnk_ifk\", \"columns\": [\"permission_id\"], \"onDelete\": \"CASCADE\", \"referencedTable\": \"admin_permissions\", \"referencedColumns\": [\"id\"]}]}, {\"name\": \"up_permissions_role_lnk\", \"columns\": [{\"args\": [{\"primary\": true, \"primaryKey\": true}], \"name\": \"id\", \"type\": \"increments\", \"unsigned\": false, \"defaultTo\": null, \"notNullable\": true}, {\"args\": [], \"name\": \"permission_id\", \"type\": \"integer\", \"unsigned\": true, \"defaultTo\": null, \"notNullable\": false}, {\"args\": [], \"name\": \"role_id\", \"type\": \"integer\", \"unsigned\": true, \"defaultTo\": null, \"notNullable\": false}, {\"args\": [], \"name\": \"permission_ord\", \"type\": \"double\", \"unsigned\": true, \"defaultTo\": null, \"notNullable\": false}], \"indexes\": [{\"name\": \"up_permissions_role_lnk_fk\", \"columns\": [\"permission_id\"]}, {\"name\": \"up_permissions_role_lnk_ifk\", \"columns\": [\"role_id\"]}, {\"name\": \"up_permissions_role_lnk_uq\", \"type\": \"unique\", \"columns\": [\"permission_id\", \"role_id\"]}, {\"name\": \"up_permissions_role_lnk_oifk\", \"columns\": [\"permission_ord\"]}], \"foreignKeys\": [{\"name\": \"up_permissions_role_lnk_fk\", \"columns\": [\"permission_id\"], \"onDelete\": \"CASCADE\", \"referencedTable\": \"up_permissions\", \"referencedColumns\": [\"id\"]}, {\"name\": \"up_permissions_role_lnk_ifk\", \"columns\": [\"role_id\"], \"onDelete\": \"CASCADE\", \"referencedTable\": \"up_roles\", \"referencedColumns\": [\"id\"]}]}, {\"name\": \"up_users_role_lnk\", \"columns\": [{\"args\": [{\"primary\": true, \"primaryKey\": true}], \"name\": \"id\", \"type\": \"increments\", \"unsigned\": false, \"defaultTo\": null, \"notNullable\": true}, {\"args\": [], \"name\": \"user_id\", \"type\": \"integer\", \"unsigned\": true, \"defaultTo\": null, \"notNullable\": false}, {\"args\": [], \"name\": \"role_id\", \"type\": \"integer\", \"unsigned\": true, \"defaultTo\": null, \"notNullable\": false}, {\"args\": [], \"name\": \"user_ord\", \"type\": \"double\", \"unsigned\": true, \"defaultTo\": null, \"notNullable\": false}], \"indexes\": [{\"name\": \"up_users_role_lnk_fk\", \"columns\": [\"user_id\"]}, {\"name\": \"up_users_role_lnk_ifk\", \"columns\": [\"role_id\"]}, {\"name\": \"up_users_role_lnk_uq\", \"type\": \"unique\", \"columns\": [\"user_id\", \"role_id\"]}, {\"name\": \"up_users_role_lnk_oifk\", \"columns\": [\"user_ord\"]}], \"foreignKeys\": [{\"name\": \"up_users_role_lnk_fk\", \"columns\": [\"user_id\"], \"onDelete\": \"CASCADE\", \"referencedTable\": \"up_users\", \"referencedColumns\": [\"id\"]}, {\"name\": \"up_users_role_lnk_ifk\", \"columns\": [\"role_id\"], \"onDelete\": \"CASCADE\", \"referencedTable\": \"up_roles\", \"referencedColumns\": [\"id\"]}]}, {\"name\": \"articles_author_lnk\", \"columns\": [{\"args\": [{\"primary\": true, \"primaryKey\": true}], \"name\": \"id\", \"type\": \"increments\", \"unsigned\": false, \"defaultTo\": null, \"notNullable\": true}, {\"args\": [], \"name\": \"article_id\", \"type\": \"integer\", \"unsigned\": true, \"defaultTo\": null, \"notNullable\": false}, {\"args\": [], \"name\": \"author_id\", \"type\": \"integer\", \"unsigned\": true, \"defaultTo\": null, \"notNullable\": false}, {\"args\": [], \"name\": \"article_ord\", \"type\": \"double\", \"unsigned\": true, \"defaultTo\": null, \"notNullable\": false}], \"indexes\": [{\"name\": \"articles_author_lnk_fk\", \"columns\": [\"article_id\"]}, {\"name\": \"articles_author_lnk_ifk\", \"columns\": [\"author_id\"]}, {\"name\": \"articles_author_lnk_uq\", \"type\": \"unique\", \"columns\": [\"article_id\", \"author_id\"]}, {\"name\": \"articles_author_lnk_oifk\", \"columns\": [\"article_ord\"]}], \"foreignKeys\": [{\"name\": \"articles_author_lnk_fk\", \"columns\": [\"article_id\"], \"onDelete\": \"CASCADE\", \"referencedTable\": \"articles\", \"referencedColumns\": [\"id\"]}, {\"name\": \"articles_author_lnk_ifk\", \"columns\": [\"author_id\"], \"onDelete\": \"CASCADE\", \"referencedTable\": \"authors\", \"referencedColumns\": [\"id\"]}]}, {\"name\": \"articles_category_lnk\", \"columns\": [{\"args\": [{\"primary\": true, \"primaryKey\": true}], \"name\": \"id\", \"type\": \"increments\", \"unsigned\": false, \"defaultTo\": null, \"notNullable\": true}, {\"args\": [], \"name\": \"article_id\", \"type\": \"integer\", \"unsigned\": true, \"defaultTo\": null, \"notNullable\": false}, {\"args\": [], \"name\": \"category_id\", \"type\": \"integer\", \"unsigned\": true, \"defaultTo\": null, \"notNullable\": false}, {\"args\": [], \"name\": \"article_ord\", \"type\": \"double\", \"unsigned\": true, \"defaultTo\": null, \"notNullable\": false}], \"indexes\": [{\"name\": \"articles_category_lnk_fk\", \"columns\": [\"article_id\"]}, {\"name\": \"articles_category_lnk_ifk\", \"columns\": [\"category_id\"]}, {\"name\": \"articles_category_lnk_uq\", \"type\": \"unique\", \"columns\": [\"article_id\", \"category_id\"]}, {\"name\": \"articles_category_lnk_oifk\", \"columns\": [\"article_ord\"]}], \"foreignKeys\": [{\"name\": \"articles_category_lnk_fk\", \"columns\": [\"article_id\"], \"onDelete\": \"CASCADE\", \"referencedTable\": \"articles\", \"referencedColumns\": [\"id\"]}, {\"name\": \"articles_category_lnk_ifk\", \"columns\": [\"category_id\"], \"onDelete\": \"CASCADE\", \"referencedTable\": \"categories\", \"referencedColumns\": [\"id\"]}]}, {\"name\": \"blogs_author_lnk\", \"columns\": [{\"args\": [{\"primary\": true, \"primaryKey\": true}], \"name\": \"id\", \"type\": \"increments\", \"unsigned\": false, \"defaultTo\": null, \"notNullable\": true}, {\"args\": [], \"name\": \"blog_id\", \"type\": \"integer\", \"unsigned\": true, \"defaultTo\": null, \"notNullable\": false}, {\"args\": [], \"name\": \"author_id\", \"type\": \"integer\", \"unsigned\": true, \"defaultTo\": null, \"notNullable\": false}], \"indexes\": [{\"name\": \"blogs_author_lnk_fk\", \"columns\": [\"blog_id\"]}, {\"name\": \"blogs_author_lnk_ifk\", \"columns\": [\"author_id\"]}, {\"name\": \"blogs_author_lnk_uq\", \"type\": \"unique\", \"columns\": [\"blog_id\", \"author_id\"]}], \"foreignKeys\": [{\"name\": \"blogs_author_lnk_fk\", \"columns\": [\"blog_id\"], \"onDelete\": \"CASCADE\", \"referencedTable\": \"blogs\", \"referencedColumns\": [\"id\"]}, {\"name\": \"blogs_author_lnk_ifk\", \"columns\": [\"author_id\"], \"onDelete\": \"CASCADE\", \"referencedTable\": \"authors\", \"referencedColumns\": [\"id\"]}]}, {\"name\": \"admin_permissions_role_lnk\", \"columns\": [{\"args\": [{\"primary\": true, \"primaryKey\": true}], \"name\": \"id\", \"type\": \"increments\", \"unsigned\": false, \"defaultTo\": null, \"notNullable\": true}, {\"args\": [], \"name\": \"permission_id\", \"type\": \"integer\", \"unsigned\": true, \"defaultTo\": null, \"notNullable\": false}, {\"args\": [], \"name\": \"role_id\", \"type\": \"integer\", \"unsigned\": true, \"defaultTo\": null, \"notNullable\": false}, {\"args\": [], \"name\": \"permission_ord\", \"type\": \"double\", \"unsigned\": true, \"defaultTo\": null, \"notNullable\": false}], \"indexes\": [{\"name\": \"admin_permissions_role_lnk_fk\", \"columns\": [\"permission_id\"]}, {\"name\": \"admin_permissions_role_lnk_ifk\", \"columns\": [\"role_id\"]}, {\"name\": \"admin_permissions_role_lnk_uq\", \"type\": \"unique\", \"columns\": [\"permission_id\", \"role_id\"]}, {\"name\": \"admin_permissions_role_lnk_oifk\", \"columns\": [\"permission_ord\"]}], \"foreignKeys\": [{\"name\": \"admin_permissions_role_lnk_fk\", \"columns\": [\"permission_id\"], \"onDelete\": \"CASCADE\", \"referencedTable\": \"admin_permissions\", \"referencedColumns\": [\"id\"]}, {\"name\": \"admin_permissions_role_lnk_ifk\", \"columns\": [\"role_id\"], \"onDelete\": \"CASCADE\", \"referencedTable\": \"admin_roles\", \"referencedColumns\": [\"id\"]}]}, {\"name\": \"admin_users_roles_lnk\", \"columns\": [{\"args\": [{\"primary\": true, \"primaryKey\": true}], \"name\": \"id\", \"type\": \"increments\", \"unsigned\": false, \"defaultTo\": null, \"notNullable\": true}, {\"args\": [], \"name\": \"user_id\", \"type\": \"integer\", \"unsigned\": true, \"defaultTo\": null, \"notNullable\": false}, {\"args\": [], \"name\": \"role_id\", \"type\": \"integer\", \"unsigned\": true, \"defaultTo\": null, \"notNullable\": false}, {\"args\": [], \"name\": \"role_ord\", \"type\": \"double\", \"unsigned\": true, \"defaultTo\": null, \"notNullable\": false}, {\"args\": [], \"name\": \"user_ord\", \"type\": \"double\", \"unsigned\": true, \"defaultTo\": null, \"notNullable\": false}], \"indexes\": [{\"name\": \"admin_users_roles_lnk_fk\", \"columns\": [\"user_id\"]}, {\"name\": \"admin_users_roles_lnk_ifk\", \"columns\": [\"role_id\"]}, {\"name\": \"admin_users_roles_lnk_uq\", \"type\": \"unique\", \"columns\": [\"user_id\", \"role_id\"]}, {\"name\": \"admin_users_roles_lnk_ofk\", \"columns\": [\"role_ord\"]}, {\"name\": \"admin_users_roles_lnk_oifk\", \"columns\": [\"user_ord\"]}], \"foreignKeys\": [{\"name\": \"admin_users_roles_lnk_fk\", \"columns\": [\"user_id\"], \"onDelete\": \"CASCADE\", \"referencedTable\": \"admin_users\", \"referencedColumns\": [\"id\"]}, {\"name\": \"admin_users_roles_lnk_ifk\", \"columns\": [\"role_id\"], \"onDelete\": \"CASCADE\", \"referencedTable\": \"admin_roles\", \"referencedColumns\": [\"id\"]}]}, {\"name\": \"strapi_api_token_permissions_token_lnk\", \"columns\": [{\"args\": [{\"primary\": true, \"primaryKey\": true}], \"name\": \"id\", \"type\": \"increments\", \"unsigned\": false, \"defaultTo\": null, \"notNullable\": true}, {\"args\": [], \"name\": \"api_token_permission_id\", \"type\": \"integer\", \"unsigned\": true, \"defaultTo\": null, \"notNullable\": false}, {\"args\": [], \"name\": \"api_token_id\", \"type\": \"integer\", \"unsigned\": true, \"defaultTo\": null, \"notNullable\": false}, {\"args\": [], \"name\": \"api_token_permission_ord\", \"type\": \"double\", \"unsigned\": true, \"defaultTo\": null, \"notNullable\": false}], \"indexes\": [{\"name\": \"strapi_api_token_permissions_token_lnk_fk\", \"columns\": [\"api_token_permission_id\"]}, {\"name\": \"strapi_api_token_permissions_token_lnk_ifk\", \"columns\": [\"api_token_id\"]}, {\"name\": \"strapi_api_token_permissions_token_lnk_uq\", \"type\": \"unique\", \"columns\": [\"api_token_permission_id\", \"api_token_id\"]}, {\"name\": \"strapi_api_token_permissions_token_lnk_oifk\", \"columns\": [\"api_token_permission_ord\"]}], \"foreignKeys\": [{\"name\": \"strapi_api_token_permissions_token_lnk_fk\", \"columns\": [\"api_token_permission_id\"], \"onDelete\": \"CASCADE\", \"referencedTable\": \"strapi_api_token_permissions\", \"referencedColumns\": [\"id\"]}, {\"name\": \"strapi_api_token_permissions_token_lnk_ifk\", \"columns\": [\"api_token_id\"], \"onDelete\": \"CASCADE\", \"referencedTable\": \"strapi_api_tokens\", \"referencedColumns\": [\"id\"]}]}, {\"name\": \"strapi_transfer_token_permissions_token_lnk\", \"columns\": [{\"args\": [{\"primary\": true, \"primaryKey\": true}], \"name\": \"id\", \"type\": \"increments\", \"unsigned\": false, \"defaultTo\": null, \"notNullable\": true}, {\"args\": [], \"name\": \"transfer_token_permission_id\", \"type\": \"integer\", \"unsigned\": true, \"defaultTo\": null, \"notNullable\": false}, {\"args\": [], \"name\": \"transfer_token_id\", \"type\": \"integer\", \"unsigned\": true, \"defaultTo\": null, \"notNullable\": false}, {\"args\": [], \"name\": \"transfer_token_permission_ord\", \"type\": \"double\", \"unsigned\": true, \"defaultTo\": null, \"notNullable\": false}], \"indexes\": [{\"name\": \"strapi_transfer_token_permissions_token_lnk_fk\", \"columns\": [\"transfer_token_permission_id\"]}, {\"name\": \"strapi_transfer_token_permissions_token_lnk_ifk\", \"columns\": [\"transfer_token_id\"]}, {\"name\": \"strapi_transfer_token_permissions_token_lnk_uq\", \"type\": \"unique\", \"columns\": [\"transfer_token_permission_id\", \"transfer_token_id\"]}, {\"name\": \"strapi_transfer_token_permissions_token_lnk_oifk\", \"columns\": [\"transfer_token_permission_ord\"]}], \"foreignKeys\": [{\"name\": \"strapi_transfer_token_permissions_token_lnk_fk\", \"columns\": [\"transfer_token_permission_id\"], \"onDelete\": \"CASCADE\", \"referencedTable\": \"strapi_transfer_token_permissions\", \"referencedColumns\": [\"id\"]}, {\"name\": \"strapi_transfer_token_permissions_token_lnk_ifk\", \"columns\": [\"transfer_token_id\"], \"onDelete\": \"CASCADE\", \"referencedTable\": \"strapi_transfer_tokens\", \"referencedColumns\": [\"id\"]}]}]}','2025-01-17 00:52:18','c55a4df2ddfd3e1665531d965838789c');
/*!40000 ALTER TABLE `strapi_database_schema` ENABLE KEYS */;
UNLOCK TABLES;

--
-- Table structure for table `strapi_history_versions`
--

DROP TABLE IF EXISTS `strapi_history_versions`;
/*!40101 SET @saved_cs_client     = @@character_set_client */;
/*!50503 SET character_set_client = utf8mb4 */;
CREATE TABLE `strapi_history_versions` (
  `id` int unsigned NOT NULL AUTO_INCREMENT,
  `content_type` varchar(255) NOT NULL,
  `related_document_id` varchar(255) DEFAULT NULL,
  `locale` varchar(255) DEFAULT NULL,
  `status` varchar(255) DEFAULT NULL,
  `data` json DEFAULT NULL,
  `schema` json DEFAULT NULL,
  `created_at` datetime(6) DEFAULT NULL,
  `created_by_id` int unsigned DEFAULT NULL,
  PRIMARY KEY (`id`),
  KEY `strapi_history_versions_created_by_id_fk` (`created_by_id`),
  CONSTRAINT `strapi_history_versions_created_by_id_fk` FOREIGN KEY (`created_by_id`) REFERENCES `admin_users` (`id`) ON DELETE SET NULL
) ENGINE=InnoDB DEFAULT CHARSET=utf8mb4 COLLATE=utf8mb4_0900_ai_ci;
/*!40101 SET character_set_client = @saved_cs_client */;

--
-- Dumping data for table `strapi_history_versions`
--

LOCK TABLES `strapi_history_versions` WRITE;
/*!40000 ALTER TABLE `strapi_history_versions` DISABLE KEYS */;
/*!40000 ALTER TABLE `strapi_history_versions` ENABLE KEYS */;
UNLOCK TABLES;

--
-- Table structure for table `strapi_migrations`
--

DROP TABLE IF EXISTS `strapi_migrations`;
/*!40101 SET @saved_cs_client     = @@character_set_client */;
/*!50503 SET character_set_client = utf8mb4 */;
CREATE TABLE `strapi_migrations` (
  `id` int unsigned NOT NULL AUTO_INCREMENT,
  `name` varchar(255) DEFAULT NULL,
  `time` datetime DEFAULT NULL,
  PRIMARY KEY (`id`)
) ENGINE=InnoDB DEFAULT CHARSET=utf8mb4 COLLATE=utf8mb4_0900_ai_ci;
/*!40101 SET character_set_client = @saved_cs_client */;

--
-- Dumping data for table `strapi_migrations`
--

LOCK TABLES `strapi_migrations` WRITE;
/*!40000 ALTER TABLE `strapi_migrations` DISABLE KEYS */;
/*!40000 ALTER TABLE `strapi_migrations` ENABLE KEYS */;
UNLOCK TABLES;

--
-- Table structure for table `strapi_migrations_internal`
--

DROP TABLE IF EXISTS `strapi_migrations_internal`;
/*!40101 SET @saved_cs_client     = @@character_set_client */;
/*!50503 SET character_set_client = utf8mb4 */;
CREATE TABLE `strapi_migrations_internal` (
  `id` int unsigned NOT NULL AUTO_INCREMENT,
  `name` varchar(255) DEFAULT NULL,
  `time` datetime DEFAULT NULL,
  PRIMARY KEY (`id`)
) ENGINE=InnoDB AUTO_INCREMENT=7 DEFAULT CHARSET=utf8mb4 COLLATE=utf8mb4_0900_ai_ci;
/*!40101 SET character_set_client = @saved_cs_client */;

--
-- Dumping data for table `strapi_migrations_internal`
--

LOCK TABLES `strapi_migrations_internal` WRITE;
/*!40000 ALTER TABLE `strapi_migrations_internal` DISABLE KEYS */;
INSERT INTO `strapi_migrations_internal` VALUES (1,'5.0.0-rename-identifiers-longer-than-max-length','2025-01-15 20:54:32'),(2,'5.0.0-02-created-document-id','2025-01-15 20:54:32'),(3,'5.0.0-03-created-locale','2025-01-15 20:54:32'),(4,'5.0.0-04-created-published-at','2025-01-15 20:54:32'),(5,'5.0.0-05-drop-slug-fields-index','2025-01-15 20:54:32'),(6,'core::5.0.0-discard-drafts','2025-01-15 20:54:33');
/*!40000 ALTER TABLE `strapi_migrations_internal` ENABLE KEYS */;
UNLOCK TABLES;

--
-- Table structure for table `strapi_release_actions`
--

DROP TABLE IF EXISTS `strapi_release_actions`;
/*!40101 SET @saved_cs_client     = @@character_set_client */;
/*!50503 SET character_set_client = utf8mb4 */;
CREATE TABLE `strapi_release_actions` (
  `id` int unsigned NOT NULL AUTO_INCREMENT,
  `document_id` varchar(255) DEFAULT NULL,
  `type` varchar(255) DEFAULT NULL,
  `content_type` varchar(255) DEFAULT NULL,
  `entry_document_id` varchar(255) DEFAULT NULL,
  `locale` varchar(255) DEFAULT NULL,
  `is_entry_valid` tinyint(1) DEFAULT NULL,
  `created_at` datetime(6) DEFAULT NULL,
  `updated_at` datetime(6) DEFAULT NULL,
  `published_at` datetime(6) DEFAULT NULL,
  `created_by_id` int unsigned DEFAULT NULL,
  `updated_by_id` int unsigned DEFAULT NULL,
  PRIMARY KEY (`id`),
  KEY `strapi_release_actions_documents_idx` (`document_id`,`locale`,`published_at`),
  KEY `strapi_release_actions_created_by_id_fk` (`created_by_id`),
  KEY `strapi_release_actions_updated_by_id_fk` (`updated_by_id`),
  CONSTRAINT `strapi_release_actions_created_by_id_fk` FOREIGN KEY (`created_by_id`) REFERENCES `admin_users` (`id`) ON DELETE SET NULL,
  CONSTRAINT `strapi_release_actions_updated_by_id_fk` FOREIGN KEY (`updated_by_id`) REFERENCES `admin_users` (`id`) ON DELETE SET NULL
) ENGINE=InnoDB DEFAULT CHARSET=utf8mb4 COLLATE=utf8mb4_0900_ai_ci;
/*!40101 SET character_set_client = @saved_cs_client */;

--
-- Dumping data for table `strapi_release_actions`
--

LOCK TABLES `strapi_release_actions` WRITE;
/*!40000 ALTER TABLE `strapi_release_actions` DISABLE KEYS */;
/*!40000 ALTER TABLE `strapi_release_actions` ENABLE KEYS */;
UNLOCK TABLES;

--
-- Table structure for table `strapi_release_actions_release_lnk`
--

DROP TABLE IF EXISTS `strapi_release_actions_release_lnk`;
/*!40101 SET @saved_cs_client     = @@character_set_client */;
/*!50503 SET character_set_client = utf8mb4 */;
CREATE TABLE `strapi_release_actions_release_lnk` (
  `id` int unsigned NOT NULL AUTO_INCREMENT,
  `release_action_id` int unsigned DEFAULT NULL,
  `release_id` int unsigned DEFAULT NULL,
  `release_action_ord` double unsigned DEFAULT NULL,
  PRIMARY KEY (`id`),
  UNIQUE KEY `strapi_release_actions_release_lnk_uq` (`release_action_id`,`release_id`),
  KEY `strapi_release_actions_release_lnk_fk` (`release_action_id`),
  KEY `strapi_release_actions_release_lnk_ifk` (`release_id`),
  KEY `strapi_release_actions_release_lnk_oifk` (`release_action_ord`),
  CONSTRAINT `strapi_release_actions_release_lnk_fk` FOREIGN KEY (`release_action_id`) REFERENCES `strapi_release_actions` (`id`) ON DELETE CASCADE,
  CONSTRAINT `strapi_release_actions_release_lnk_ifk` FOREIGN KEY (`release_id`) REFERENCES `strapi_releases` (`id`) ON DELETE CASCADE
) ENGINE=InnoDB DEFAULT CHARSET=utf8mb4 COLLATE=utf8mb4_0900_ai_ci;
/*!40101 SET character_set_client = @saved_cs_client */;

--
-- Dumping data for table `strapi_release_actions_release_lnk`
--

LOCK TABLES `strapi_release_actions_release_lnk` WRITE;
/*!40000 ALTER TABLE `strapi_release_actions_release_lnk` DISABLE KEYS */;
/*!40000 ALTER TABLE `strapi_release_actions_release_lnk` ENABLE KEYS */;
UNLOCK TABLES;

--
-- Table structure for table `strapi_releases`
--

DROP TABLE IF EXISTS `strapi_releases`;
/*!40101 SET @saved_cs_client     = @@character_set_client */;
/*!50503 SET character_set_client = utf8mb4 */;
CREATE TABLE `strapi_releases` (
  `id` int unsigned NOT NULL AUTO_INCREMENT,
  `document_id` varchar(255) DEFAULT NULL,
  `name` varchar(255) DEFAULT NULL,
  `released_at` datetime(6) DEFAULT NULL,
  `scheduled_at` datetime(6) DEFAULT NULL,
  `timezone` varchar(255) DEFAULT NULL,
  `status` varchar(255) DEFAULT NULL,
  `created_at` datetime(6) DEFAULT NULL,
  `updated_at` datetime(6) DEFAULT NULL,
  `published_at` datetime(6) DEFAULT NULL,
  `created_by_id` int unsigned DEFAULT NULL,
  `updated_by_id` int unsigned DEFAULT NULL,
  `locale` varchar(255) DEFAULT NULL,
  PRIMARY KEY (`id`),
  KEY `strapi_releases_documents_idx` (`document_id`,`locale`,`published_at`),
  KEY `strapi_releases_created_by_id_fk` (`created_by_id`),
  KEY `strapi_releases_updated_by_id_fk` (`updated_by_id`),
  CONSTRAINT `strapi_releases_created_by_id_fk` FOREIGN KEY (`created_by_id`) REFERENCES `admin_users` (`id`) ON DELETE SET NULL,
  CONSTRAINT `strapi_releases_updated_by_id_fk` FOREIGN KEY (`updated_by_id`) REFERENCES `admin_users` (`id`) ON DELETE SET NULL
) ENGINE=InnoDB DEFAULT CHARSET=utf8mb4 COLLATE=utf8mb4_0900_ai_ci;
/*!40101 SET character_set_client = @saved_cs_client */;

--
-- Dumping data for table `strapi_releases`
--

LOCK TABLES `strapi_releases` WRITE;
/*!40000 ALTER TABLE `strapi_releases` DISABLE KEYS */;
/*!40000 ALTER TABLE `strapi_releases` ENABLE KEYS */;
UNLOCK TABLES;

--
-- Table structure for table `strapi_transfer_token_permissions`
--

DROP TABLE IF EXISTS `strapi_transfer_token_permissions`;
/*!40101 SET @saved_cs_client     = @@character_set_client */;
/*!50503 SET character_set_client = utf8mb4 */;
CREATE TABLE `strapi_transfer_token_permissions` (
  `id` int unsigned NOT NULL AUTO_INCREMENT,
  `document_id` varchar(255) DEFAULT NULL,
  `action` varchar(255) DEFAULT NULL,
  `created_at` datetime(6) DEFAULT NULL,
  `updated_at` datetime(6) DEFAULT NULL,
  `published_at` datetime(6) DEFAULT NULL,
  `created_by_id` int unsigned DEFAULT NULL,
  `updated_by_id` int unsigned DEFAULT NULL,
  `locale` varchar(255) DEFAULT NULL,
  PRIMARY KEY (`id`),
  KEY `strapi_transfer_token_permissions_documents_idx` (`document_id`,`locale`,`published_at`),
  KEY `strapi_transfer_token_permissions_created_by_id_fk` (`created_by_id`),
  KEY `strapi_transfer_token_permissions_updated_by_id_fk` (`updated_by_id`),
  CONSTRAINT `strapi_transfer_token_permissions_created_by_id_fk` FOREIGN KEY (`created_by_id`) REFERENCES `admin_users` (`id`) ON DELETE SET NULL,
  CONSTRAINT `strapi_transfer_token_permissions_updated_by_id_fk` FOREIGN KEY (`updated_by_id`) REFERENCES `admin_users` (`id`) ON DELETE SET NULL
) ENGINE=InnoDB DEFAULT CHARSET=utf8mb4 COLLATE=utf8mb4_0900_ai_ci;
/*!40101 SET character_set_client = @saved_cs_client */;

--
-- Dumping data for table `strapi_transfer_token_permissions`
--

LOCK TABLES `strapi_transfer_token_permissions` WRITE;
/*!40000 ALTER TABLE `strapi_transfer_token_permissions` DISABLE KEYS */;
/*!40000 ALTER TABLE `strapi_transfer_token_permissions` ENABLE KEYS */;
UNLOCK TABLES;

--
-- Table structure for table `strapi_transfer_token_permissions_token_lnk`
--

DROP TABLE IF EXISTS `strapi_transfer_token_permissions_token_lnk`;
/*!40101 SET @saved_cs_client     = @@character_set_client */;
/*!50503 SET character_set_client = utf8mb4 */;
CREATE TABLE `strapi_transfer_token_permissions_token_lnk` (
  `id` int unsigned NOT NULL AUTO_INCREMENT,
  `transfer_token_permission_id` int unsigned DEFAULT NULL,
  `transfer_token_id` int unsigned DEFAULT NULL,
  `transfer_token_permission_ord` double unsigned DEFAULT NULL,
  PRIMARY KEY (`id`),
  UNIQUE KEY `strapi_transfer_token_permissions_token_lnk_uq` (`transfer_token_permission_id`,`transfer_token_id`),
  KEY `strapi_transfer_token_permissions_token_lnk_fk` (`transfer_token_permission_id`),
  KEY `strapi_transfer_token_permissions_token_lnk_ifk` (`transfer_token_id`),
  KEY `strapi_transfer_token_permissions_token_lnk_oifk` (`transfer_token_permission_ord`),
  CONSTRAINT `strapi_transfer_token_permissions_token_lnk_fk` FOREIGN KEY (`transfer_token_permission_id`) REFERENCES `strapi_transfer_token_permissions` (`id`) ON DELETE CASCADE,
  CONSTRAINT `strapi_transfer_token_permissions_token_lnk_ifk` FOREIGN KEY (`transfer_token_id`) REFERENCES `strapi_transfer_tokens` (`id`) ON DELETE CASCADE
) ENGINE=InnoDB DEFAULT CHARSET=utf8mb4 COLLATE=utf8mb4_0900_ai_ci;
/*!40101 SET character_set_client = @saved_cs_client */;

--
-- Dumping data for table `strapi_transfer_token_permissions_token_lnk`
--

LOCK TABLES `strapi_transfer_token_permissions_token_lnk` WRITE;
/*!40000 ALTER TABLE `strapi_transfer_token_permissions_token_lnk` DISABLE KEYS */;
/*!40000 ALTER TABLE `strapi_transfer_token_permissions_token_lnk` ENABLE KEYS */;
UNLOCK TABLES;

--
-- Table structure for table `strapi_transfer_tokens`
--

DROP TABLE IF EXISTS `strapi_transfer_tokens`;
/*!40101 SET @saved_cs_client     = @@character_set_client */;
/*!50503 SET character_set_client = utf8mb4 */;
CREATE TABLE `strapi_transfer_tokens` (
  `id` int unsigned NOT NULL AUTO_INCREMENT,
  `document_id` varchar(255) DEFAULT NULL,
  `name` varchar(255) DEFAULT NULL,
  `description` varchar(255) DEFAULT NULL,
  `access_key` varchar(255) DEFAULT NULL,
  `last_used_at` datetime(6) DEFAULT NULL,
  `expires_at` datetime(6) DEFAULT NULL,
  `lifespan` bigint DEFAULT NULL,
  `created_at` datetime(6) DEFAULT NULL,
  `updated_at` datetime(6) DEFAULT NULL,
  `published_at` datetime(6) DEFAULT NULL,
  `created_by_id` int unsigned DEFAULT NULL,
  `updated_by_id` int unsigned DEFAULT NULL,
  `locale` varchar(255) DEFAULT NULL,
  PRIMARY KEY (`id`),
  KEY `strapi_transfer_tokens_documents_idx` (`document_id`,`locale`,`published_at`),
  KEY `strapi_transfer_tokens_created_by_id_fk` (`created_by_id`),
  KEY `strapi_transfer_tokens_updated_by_id_fk` (`updated_by_id`),
  CONSTRAINT `strapi_transfer_tokens_created_by_id_fk` FOREIGN KEY (`created_by_id`) REFERENCES `admin_users` (`id`) ON DELETE SET NULL,
  CONSTRAINT `strapi_transfer_tokens_updated_by_id_fk` FOREIGN KEY (`updated_by_id`) REFERENCES `admin_users` (`id`) ON DELETE SET NULL
) ENGINE=InnoDB DEFAULT CHARSET=utf8mb4 COLLATE=utf8mb4_0900_ai_ci;
/*!40101 SET character_set_client = @saved_cs_client */;

--
-- Dumping data for table `strapi_transfer_tokens`
--

LOCK TABLES `strapi_transfer_tokens` WRITE;
/*!40000 ALTER TABLE `strapi_transfer_tokens` DISABLE KEYS */;
/*!40000 ALTER TABLE `strapi_transfer_tokens` ENABLE KEYS */;
UNLOCK TABLES;

--
-- Table structure for table `strapi_webhooks`
--

DROP TABLE IF EXISTS `strapi_webhooks`;
/*!40101 SET @saved_cs_client     = @@character_set_client */;
/*!50503 SET character_set_client = utf8mb4 */;
CREATE TABLE `strapi_webhooks` (
  `id` int unsigned NOT NULL AUTO_INCREMENT,
  `name` varchar(255) DEFAULT NULL,
  `url` longtext,
  `headers` json DEFAULT NULL,
  `events` json DEFAULT NULL,
  `enabled` tinyint(1) DEFAULT NULL,
  PRIMARY KEY (`id`)
) ENGINE=InnoDB DEFAULT CHARSET=utf8mb4 COLLATE=utf8mb4_0900_ai_ci;
/*!40101 SET character_set_client = @saved_cs_client */;

--
-- Dumping data for table `strapi_webhooks`
--

LOCK TABLES `strapi_webhooks` WRITE;
/*!40000 ALTER TABLE `strapi_webhooks` DISABLE KEYS */;
/*!40000 ALTER TABLE `strapi_webhooks` ENABLE KEYS */;
UNLOCK TABLES;

--
-- Table structure for table `strapi_workflows`
--

DROP TABLE IF EXISTS `strapi_workflows`;
/*!40101 SET @saved_cs_client     = @@character_set_client */;
/*!50503 SET character_set_client = utf8mb4 */;
CREATE TABLE `strapi_workflows` (
  `id` int unsigned NOT NULL AUTO_INCREMENT,
  `document_id` varchar(255) DEFAULT NULL,
  `name` varchar(255) DEFAULT NULL,
  `content_types` json DEFAULT NULL,
  `created_at` datetime(6) DEFAULT NULL,
  `updated_at` datetime(6) DEFAULT NULL,
  `published_at` datetime(6) DEFAULT NULL,
  `created_by_id` int unsigned DEFAULT NULL,
  `updated_by_id` int unsigned DEFAULT NULL,
  `locale` varchar(255) DEFAULT NULL,
  PRIMARY KEY (`id`),
  KEY `strapi_workflows_documents_idx` (`document_id`,`locale`,`published_at`),
  KEY `strapi_workflows_created_by_id_fk` (`created_by_id`),
  KEY `strapi_workflows_updated_by_id_fk` (`updated_by_id`),
  CONSTRAINT `strapi_workflows_created_by_id_fk` FOREIGN KEY (`created_by_id`) REFERENCES `admin_users` (`id`) ON DELETE SET NULL,
  CONSTRAINT `strapi_workflows_updated_by_id_fk` FOREIGN KEY (`updated_by_id`) REFERENCES `admin_users` (`id`) ON DELETE SET NULL
) ENGINE=InnoDB DEFAULT CHARSET=utf8mb4 COLLATE=utf8mb4_0900_ai_ci;
/*!40101 SET character_set_client = @saved_cs_client */;

--
-- Dumping data for table `strapi_workflows`
--

LOCK TABLES `strapi_workflows` WRITE;
/*!40000 ALTER TABLE `strapi_workflows` DISABLE KEYS */;
/*!40000 ALTER TABLE `strapi_workflows` ENABLE KEYS */;
UNLOCK TABLES;

--
-- Table structure for table `strapi_workflows_stage_required_to_publish_lnk`
--

DROP TABLE IF EXISTS `strapi_workflows_stage_required_to_publish_lnk`;
/*!40101 SET @saved_cs_client     = @@character_set_client */;
/*!50503 SET character_set_client = utf8mb4 */;
CREATE TABLE `strapi_workflows_stage_required_to_publish_lnk` (
  `id` int unsigned NOT NULL AUTO_INCREMENT,
  `workflow_id` int unsigned DEFAULT NULL,
  `workflow_stage_id` int unsigned DEFAULT NULL,
  PRIMARY KEY (`id`),
  UNIQUE KEY `strapi_workflows_stage_required_to_publish_lnk_uq` (`workflow_id`,`workflow_stage_id`),
  KEY `strapi_workflows_stage_required_to_publish_lnk_fk` (`workflow_id`),
  KEY `strapi_workflows_stage_required_to_publish_lnk_ifk` (`workflow_stage_id`),
  CONSTRAINT `strapi_workflows_stage_required_to_publish_lnk_fk` FOREIGN KEY (`workflow_id`) REFERENCES `strapi_workflows` (`id`) ON DELETE CASCADE,
  CONSTRAINT `strapi_workflows_stage_required_to_publish_lnk_ifk` FOREIGN KEY (`workflow_stage_id`) REFERENCES `strapi_workflows_stages` (`id`) ON DELETE CASCADE
) ENGINE=InnoDB DEFAULT CHARSET=utf8mb4 COLLATE=utf8mb4_0900_ai_ci;
/*!40101 SET character_set_client = @saved_cs_client */;

--
-- Dumping data for table `strapi_workflows_stage_required_to_publish_lnk`
--

LOCK TABLES `strapi_workflows_stage_required_to_publish_lnk` WRITE;
/*!40000 ALTER TABLE `strapi_workflows_stage_required_to_publish_lnk` DISABLE KEYS */;
/*!40000 ALTER TABLE `strapi_workflows_stage_required_to_publish_lnk` ENABLE KEYS */;
UNLOCK TABLES;

--
-- Table structure for table `strapi_workflows_stages`
--

DROP TABLE IF EXISTS `strapi_workflows_stages`;
/*!40101 SET @saved_cs_client     = @@character_set_client */;
/*!50503 SET character_set_client = utf8mb4 */;
CREATE TABLE `strapi_workflows_stages` (
  `id` int unsigned NOT NULL AUTO_INCREMENT,
  `document_id` varchar(255) DEFAULT NULL,
  `name` varchar(255) DEFAULT NULL,
  `color` varchar(255) DEFAULT NULL,
  `created_at` datetime(6) DEFAULT NULL,
  `updated_at` datetime(6) DEFAULT NULL,
  `published_at` datetime(6) DEFAULT NULL,
  `created_by_id` int unsigned DEFAULT NULL,
  `updated_by_id` int unsigned DEFAULT NULL,
  `locale` varchar(255) DEFAULT NULL,
  PRIMARY KEY (`id`),
  KEY `strapi_workflows_stages_documents_idx` (`document_id`,`locale`,`published_at`),
  KEY `strapi_workflows_stages_created_by_id_fk` (`created_by_id`),
  KEY `strapi_workflows_stages_updated_by_id_fk` (`updated_by_id`),
  CONSTRAINT `strapi_workflows_stages_created_by_id_fk` FOREIGN KEY (`created_by_id`) REFERENCES `admin_users` (`id`) ON DELETE SET NULL,
  CONSTRAINT `strapi_workflows_stages_updated_by_id_fk` FOREIGN KEY (`updated_by_id`) REFERENCES `admin_users` (`id`) ON DELETE SET NULL
) ENGINE=InnoDB DEFAULT CHARSET=utf8mb4 COLLATE=utf8mb4_0900_ai_ci;
/*!40101 SET character_set_client = @saved_cs_client */;

--
-- Dumping data for table `strapi_workflows_stages`
--

LOCK TABLES `strapi_workflows_stages` WRITE;
/*!40000 ALTER TABLE `strapi_workflows_stages` DISABLE KEYS */;
/*!40000 ALTER TABLE `strapi_workflows_stages` ENABLE KEYS */;
UNLOCK TABLES;

--
-- Table structure for table `strapi_workflows_stages_permissions_lnk`
--

DROP TABLE IF EXISTS `strapi_workflows_stages_permissions_lnk`;
/*!40101 SET @saved_cs_client     = @@character_set_client */;
/*!50503 SET character_set_client = utf8mb4 */;
CREATE TABLE `strapi_workflows_stages_permissions_lnk` (
  `id` int unsigned NOT NULL AUTO_INCREMENT,
  `workflow_stage_id` int unsigned DEFAULT NULL,
  `permission_id` int unsigned DEFAULT NULL,
  `permission_ord` double unsigned DEFAULT NULL,
  PRIMARY KEY (`id`),
  UNIQUE KEY `strapi_workflows_stages_permissions_lnk_uq` (`workflow_stage_id`,`permission_id`),
  KEY `strapi_workflows_stages_permissions_lnk_fk` (`workflow_stage_id`),
  KEY `strapi_workflows_stages_permissions_lnk_ifk` (`permission_id`),
  KEY `strapi_workflows_stages_permissions_lnk_ofk` (`permission_ord`),
  CONSTRAINT `strapi_workflows_stages_permissions_lnk_fk` FOREIGN KEY (`workflow_stage_id`) REFERENCES `strapi_workflows_stages` (`id`) ON DELETE CASCADE,
  CONSTRAINT `strapi_workflows_stages_permissions_lnk_ifk` FOREIGN KEY (`permission_id`) REFERENCES `admin_permissions` (`id`) ON DELETE CASCADE
) ENGINE=InnoDB DEFAULT CHARSET=utf8mb4 COLLATE=utf8mb4_0900_ai_ci;
/*!40101 SET character_set_client = @saved_cs_client */;

--
-- Dumping data for table `strapi_workflows_stages_permissions_lnk`
--

LOCK TABLES `strapi_workflows_stages_permissions_lnk` WRITE;
/*!40000 ALTER TABLE `strapi_workflows_stages_permissions_lnk` DISABLE KEYS */;
/*!40000 ALTER TABLE `strapi_workflows_stages_permissions_lnk` ENABLE KEYS */;
UNLOCK TABLES;

--
-- Table structure for table `strapi_workflows_stages_workflow_lnk`
--

DROP TABLE IF EXISTS `strapi_workflows_stages_workflow_lnk`;
/*!40101 SET @saved_cs_client     = @@character_set_client */;
/*!50503 SET character_set_client = utf8mb4 */;
CREATE TABLE `strapi_workflows_stages_workflow_lnk` (
  `id` int unsigned NOT NULL AUTO_INCREMENT,
  `workflow_stage_id` int unsigned DEFAULT NULL,
  `workflow_id` int unsigned DEFAULT NULL,
  `workflow_stage_ord` double unsigned DEFAULT NULL,
  PRIMARY KEY (`id`),
  UNIQUE KEY `strapi_workflows_stages_workflow_lnk_uq` (`workflow_stage_id`,`workflow_id`),
  KEY `strapi_workflows_stages_workflow_lnk_fk` (`workflow_stage_id`),
  KEY `strapi_workflows_stages_workflow_lnk_ifk` (`workflow_id`),
  KEY `strapi_workflows_stages_workflow_lnk_oifk` (`workflow_stage_ord`),
  CONSTRAINT `strapi_workflows_stages_workflow_lnk_fk` FOREIGN KEY (`workflow_stage_id`) REFERENCES `strapi_workflows_stages` (`id`) ON DELETE CASCADE,
  CONSTRAINT `strapi_workflows_stages_workflow_lnk_ifk` FOREIGN KEY (`workflow_id`) REFERENCES `strapi_workflows` (`id`) ON DELETE CASCADE
) ENGINE=InnoDB DEFAULT CHARSET=utf8mb4 COLLATE=utf8mb4_0900_ai_ci;
/*!40101 SET character_set_client = @saved_cs_client */;

--
-- Dumping data for table `strapi_workflows_stages_workflow_lnk`
--

LOCK TABLES `strapi_workflows_stages_workflow_lnk` WRITE;
/*!40000 ALTER TABLE `strapi_workflows_stages_workflow_lnk` DISABLE KEYS */;
/*!40000 ALTER TABLE `strapi_workflows_stages_workflow_lnk` ENABLE KEYS */;
UNLOCK TABLES;

--
-- Table structure for table `up_permissions`
--

DROP TABLE IF EXISTS `up_permissions`;
/*!40101 SET @saved_cs_client     = @@character_set_client */;
/*!50503 SET character_set_client = utf8mb4 */;
CREATE TABLE `up_permissions` (
  `id` int unsigned NOT NULL AUTO_INCREMENT,
  `document_id` varchar(255) DEFAULT NULL,
  `action` varchar(255) DEFAULT NULL,
  `created_at` datetime(6) DEFAULT NULL,
  `updated_at` datetime(6) DEFAULT NULL,
  `published_at` datetime(6) DEFAULT NULL,
  `created_by_id` int unsigned DEFAULT NULL,
  `updated_by_id` int unsigned DEFAULT NULL,
  `locale` varchar(255) DEFAULT NULL,
  PRIMARY KEY (`id`),
  KEY `up_permissions_documents_idx` (`document_id`,`locale`,`published_at`),
  KEY `up_permissions_created_by_id_fk` (`created_by_id`),
  KEY `up_permissions_updated_by_id_fk` (`updated_by_id`),
  CONSTRAINT `up_permissions_created_by_id_fk` FOREIGN KEY (`created_by_id`) REFERENCES `admin_users` (`id`) ON DELETE SET NULL,
  CONSTRAINT `up_permissions_updated_by_id_fk` FOREIGN KEY (`updated_by_id`) REFERENCES `admin_users` (`id`) ON DELETE SET NULL
) ENGINE=InnoDB AUTO_INCREMENT=32 DEFAULT CHARSET=utf8mb4 COLLATE=utf8mb4_0900_ai_ci;
/*!40101 SET character_set_client = @saved_cs_client */;

--
-- Dumping data for table `up_permissions`
--

LOCK TABLES `up_permissions` WRITE;
/*!40000 ALTER TABLE `up_permissions` DISABLE KEYS */;
INSERT INTO `up_permissions` VALUES (1,'rkvqf33fhl9faaqo3favljx6','plugin::users-permissions.user.me','2025-01-15 20:54:47.328000','2025-01-15 20:54:47.328000','2025-01-15 20:54:47.330000',NULL,NULL,NULL),(2,'yhfqzb2822rpatfmtuz7eo6v','plugin::users-permissions.auth.changePassword','2025-01-15 20:54:47.328000','2025-01-15 20:54:47.328000','2025-01-15 20:54:47.331000',NULL,NULL,NULL),(3,'lu7ipjv6kl88bgsrmxipjcpo','plugin::users-permissions.auth.callback','2025-01-15 20:54:47.449000','2025-01-15 20:54:47.449000','2025-01-15 20:54:47.450000',NULL,NULL,NULL),(4,'qexc95ycu8j1vhzz4n9ybmg4','plugin::users-permissions.auth.connect','2025-01-15 20:54:47.449000','2025-01-15 20:54:47.449000','2025-01-15 20:54:47.450000',NULL,NULL,NULL),(5,'nuf9vyz2iejec806t447u4f6','plugin::users-permissions.auth.forgotPassword','2025-01-15 20:54:47.449000','2025-01-15 20:54:47.449000','2025-01-15 20:54:47.451000',NULL,NULL,NULL),(6,'rifpzk0tp8xjwn9w4z7lq001','plugin::users-permissions.auth.emailConfirmation','2025-01-15 20:54:47.449000','2025-01-15 20:54:47.449000','2025-01-15 20:54:47.452000',NULL,NULL,NULL),(7,'evgxqc0bn6kijpa510r16i07','plugin::users-permissions.auth.sendEmailConfirmation','2025-01-15 20:54:47.449000','2025-01-15 20:54:47.449000','2025-01-15 20:54:47.453000',NULL,NULL,NULL),(8,'ixjxhpoycn875zuatrlpy506','plugin::users-permissions.auth.resetPassword','2025-01-15 20:54:47.449000','2025-01-15 20:54:47.449000','2025-01-15 20:54:47.451000',NULL,NULL,NULL),(9,'qgzsj9nw9sx2h4p0404qtnqp','plugin::users-permissions.auth.register','2025-01-15 20:54:47.449000','2025-01-15 20:54:47.449000','2025-01-15 20:54:47.451000',NULL,NULL,NULL),(12,'tjj8iugqpfgmdm16p70m8dtb','api::article.article.find','2025-01-16 00:41:39.358000','2025-01-16 00:41:39.358000','2025-01-16 00:41:39.358000',NULL,NULL,NULL),(13,'bfwnmgsbhzdkdbmdbyezhwxd','api::about.about.find','2025-01-16 00:41:39.358000','2025-01-16 00:41:39.358000','2025-01-16 00:41:39.360000',NULL,NULL,NULL),(14,'qax8m3wlwbzspl9xa8p6ypsl','api::author.author.find','2025-01-16 00:41:39.358000','2025-01-16 00:41:39.358000','2025-01-16 00:41:39.359000',NULL,NULL,NULL),(16,'entmd4f5ni7r0gbz0wae01ke','api::article.article.findOne','2025-01-16 00:41:39.358000','2025-01-16 00:41:39.358000','2025-01-16 00:41:39.359000',NULL,NULL,NULL),(18,'dgyrnfmyul8pu8aug7weah9d','api::category.category.find','2025-01-16 00:41:39.358000','2025-01-16 00:41:39.358000','2025-01-16 00:41:39.359000',NULL,NULL,NULL),(19,'t0n4ak2vohkrb52h7tlo5a9a','api::global.global.find','2025-01-16 00:41:39.358000','2025-01-16 00:41:39.358000','2025-01-16 00:41:39.359000',NULL,NULL,NULL),(20,'oi2ulgco4pli61eftvmnbcnm','api::author.author.findOne','2025-01-16 00:41:39.358000','2025-01-16 00:41:39.358000','2025-01-16 00:41:39.359000',NULL,NULL,NULL),(21,'wxs5pvlo9lijqpl3sd8xq7pz','api::category.category.findOne','2025-01-16 00:41:39.358000','2025-01-16 00:41:39.358000','2025-01-16 00:41:39.359000',NULL,NULL,NULL),(22,'zennvvne7ttw4o7ajx2uk4bz','api::course.course.find','2025-01-16 00:50:13.489000','2025-01-16 00:50:13.489000','2025-01-16 00:50:13.489000',NULL,NULL,NULL),(23,'muxto4rma2w1znrslkycp8fo','api::course.course.findOne','2025-01-16 00:50:13.489000','2025-01-16 00:50:13.489000','2025-01-16 00:50:13.490000',NULL,NULL,NULL),(24,'wyl98oh369gs13zklsx2jdhy','api::course.course.create','2025-01-17 00:27:24.862000','2025-01-17 00:27:24.862000','2025-01-17 00:27:24.863000',NULL,NULL,NULL),(25,'ybedqlur2q3vhqhqt6e8wu6t','api::course.course.update','2025-01-17 00:27:24.862000','2025-01-17 00:27:24.862000','2025-01-17 00:27:24.864000',NULL,NULL,NULL),(26,'cq8kgphnyhsmb7gmj12r5atz','api::course.course.delete','2025-01-17 00:27:24.862000','2025-01-17 00:27:24.862000','2025-01-17 00:27:24.865000',NULL,NULL,NULL),(27,'c1yebfex1lrg12rvopk3ggd7','api::blog.blog.find','2025-01-17 00:58:21.385000','2025-01-17 00:58:21.385000','2025-01-17 00:58:21.387000',NULL,NULL,NULL),(28,'vop4tysz7f1nw4h415tqukd7','api::blog.blog.create','2025-01-17 00:58:21.385000','2025-01-17 00:58:21.385000','2025-01-17 00:58:21.388000',NULL,NULL,NULL),(29,'bsfc3bvckzclh6sw7zepvlkn','api::blog.blog.findOne','2025-01-17 00:58:21.385000','2025-01-17 00:58:21.385000','2025-01-17 00:58:21.387000',NULL,NULL,NULL),(30,'silh3y11wrh0ltuml720te45','api::blog.blog.update','2025-01-17 00:58:21.385000','2025-01-17 00:58:21.385000','2025-01-17 00:58:21.389000',NULL,NULL,NULL),(31,'pw1mop3rb95bw2ej224y6892','api::blog.blog.delete','2025-01-17 00:58:21.385000','2025-01-17 00:58:21.385000','2025-01-17 00:58:21.390000',NULL,NULL,NULL);
/*!40000 ALTER TABLE `up_permissions` ENABLE KEYS */;
UNLOCK TABLES;

--
-- Table structure for table `up_permissions_role_lnk`
--

DROP TABLE IF EXISTS `up_permissions_role_lnk`;
/*!40101 SET @saved_cs_client     = @@character_set_client */;
/*!50503 SET character_set_client = utf8mb4 */;
CREATE TABLE `up_permissions_role_lnk` (
  `id` int unsigned NOT NULL AUTO_INCREMENT,
  `permission_id` int unsigned DEFAULT NULL,
  `role_id` int unsigned DEFAULT NULL,
  `permission_ord` double unsigned DEFAULT NULL,
  PRIMARY KEY (`id`),
  UNIQUE KEY `up_permissions_role_lnk_uq` (`permission_id`,`role_id`),
  KEY `up_permissions_role_lnk_fk` (`permission_id`),
  KEY `up_permissions_role_lnk_ifk` (`role_id`),
  KEY `up_permissions_role_lnk_oifk` (`permission_ord`),
  CONSTRAINT `up_permissions_role_lnk_fk` FOREIGN KEY (`permission_id`) REFERENCES `up_permissions` (`id`) ON DELETE CASCADE,
  CONSTRAINT `up_permissions_role_lnk_ifk` FOREIGN KEY (`role_id`) REFERENCES `up_roles` (`id`) ON DELETE CASCADE
) ENGINE=InnoDB AUTO_INCREMENT=32 DEFAULT CHARSET=utf8mb4 COLLATE=utf8mb4_0900_ai_ci;
/*!40101 SET character_set_client = @saved_cs_client */;

--
-- Dumping data for table `up_permissions_role_lnk`
--

LOCK TABLES `up_permissions_role_lnk` WRITE;
/*!40000 ALTER TABLE `up_permissions_role_lnk` DISABLE KEYS */;
INSERT INTO `up_permissions_role_lnk` VALUES (1,1,1,1),(2,2,1,1),(3,3,2,1),(4,4,2,1),(5,5,2,1),(6,9,2,2),(7,7,2,2),(8,8,2,2),(9,6,2,2),(12,12,2,3),(13,18,2,3),(14,14,2,3),(16,16,2,3),(17,19,2,3),(19,20,2,3),(20,21,2,3),(21,13,2,4),(22,22,2,5),(23,23,2,5),(24,24,2,6),(25,26,2,6),(26,25,2,6),(27,27,2,7),(28,28,2,7),(29,29,2,7),(30,30,2,8),(31,31,2,8);
/*!40000 ALTER TABLE `up_permissions_role_lnk` ENABLE KEYS */;
UNLOCK TABLES;

--
-- Table structure for table `up_roles`
--

DROP TABLE IF EXISTS `up_roles`;
/*!40101 SET @saved_cs_client     = @@character_set_client */;
/*!50503 SET character_set_client = utf8mb4 */;
CREATE TABLE `up_roles` (
  `id` int unsigned NOT NULL AUTO_INCREMENT,
  `document_id` varchar(255) DEFAULT NULL,
  `name` varchar(255) DEFAULT NULL,
  `description` varchar(255) DEFAULT NULL,
  `type` varchar(255) DEFAULT NULL,
  `created_at` datetime(6) DEFAULT NULL,
  `updated_at` datetime(6) DEFAULT NULL,
  `published_at` datetime(6) DEFAULT NULL,
  `created_by_id` int unsigned DEFAULT NULL,
  `updated_by_id` int unsigned DEFAULT NULL,
  `locale` varchar(255) DEFAULT NULL,
  PRIMARY KEY (`id`),
  KEY `up_roles_documents_idx` (`document_id`,`locale`,`published_at`),
  KEY `up_roles_created_by_id_fk` (`created_by_id`),
  KEY `up_roles_updated_by_id_fk` (`updated_by_id`),
  CONSTRAINT `up_roles_created_by_id_fk` FOREIGN KEY (`created_by_id`) REFERENCES `admin_users` (`id`) ON DELETE SET NULL,
  CONSTRAINT `up_roles_updated_by_id_fk` FOREIGN KEY (`updated_by_id`) REFERENCES `admin_users` (`id`) ON DELETE SET NULL
) ENGINE=InnoDB AUTO_INCREMENT=3 DEFAULT CHARSET=utf8mb4 COLLATE=utf8mb4_0900_ai_ci;
/*!40101 SET character_set_client = @saved_cs_client */;

--
-- Dumping data for table `up_roles`
--

LOCK TABLES `up_roles` WRITE;
/*!40000 ALTER TABLE `up_roles` DISABLE KEYS */;
INSERT INTO `up_roles` VALUES (1,'hdv0fxjki8qglcj29kb4x1hx','Authenticated','Default role given to authenticated user.','authenticated','2025-01-15 20:54:47.251000','2025-01-15 20:54:47.251000','2025-01-15 20:54:47.252000',NULL,NULL,NULL),(2,'c814nw6f9v8ew9ioo4op4vdf','Public','Default role given to unauthenticated user.','public','2025-01-15 20:54:47.284000','2025-01-17 00:58:21.365000','2025-01-15 20:54:47.284000',NULL,NULL,NULL);
/*!40000 ALTER TABLE `up_roles` ENABLE KEYS */;
UNLOCK TABLES;

--
-- Table structure for table `up_users`
--

DROP TABLE IF EXISTS `up_users`;
/*!40101 SET @saved_cs_client     = @@character_set_client */;
/*!50503 SET character_set_client = utf8mb4 */;
CREATE TABLE `up_users` (
  `id` int unsigned NOT NULL AUTO_INCREMENT,
  `document_id` varchar(255) DEFAULT NULL,
  `username` varchar(255) DEFAULT NULL,
  `email` varchar(255) DEFAULT NULL,
  `provider` varchar(255) DEFAULT NULL,
  `password` varchar(255) DEFAULT NULL,
  `reset_password_token` varchar(255) DEFAULT NULL,
  `confirmation_token` varchar(255) DEFAULT NULL,
  `confirmed` tinyint(1) DEFAULT NULL,
  `blocked` tinyint(1) DEFAULT NULL,
  `created_at` datetime(6) DEFAULT NULL,
  `updated_at` datetime(6) DEFAULT NULL,
  `published_at` datetime(6) DEFAULT NULL,
  `created_by_id` int unsigned DEFAULT NULL,
  `updated_by_id` int unsigned DEFAULT NULL,
  `locale` varchar(255) DEFAULT NULL,
  PRIMARY KEY (`id`),
  KEY `up_users_documents_idx` (`document_id`,`locale`,`published_at`),
  KEY `up_users_created_by_id_fk` (`created_by_id`),
  KEY `up_users_updated_by_id_fk` (`updated_by_id`),
  CONSTRAINT `up_users_created_by_id_fk` FOREIGN KEY (`created_by_id`) REFERENCES `admin_users` (`id`) ON DELETE SET NULL,
  CONSTRAINT `up_users_updated_by_id_fk` FOREIGN KEY (`updated_by_id`) REFERENCES `admin_users` (`id`) ON DELETE SET NULL
) ENGINE=InnoDB DEFAULT CHARSET=utf8mb4 COLLATE=utf8mb4_0900_ai_ci;
/*!40101 SET character_set_client = @saved_cs_client */;

--
-- Dumping data for table `up_users`
--

LOCK TABLES `up_users` WRITE;
/*!40000 ALTER TABLE `up_users` DISABLE KEYS */;
/*!40000 ALTER TABLE `up_users` ENABLE KEYS */;
UNLOCK TABLES;

--
-- Table structure for table `up_users_role_lnk`
--

DROP TABLE IF EXISTS `up_users_role_lnk`;
/*!40101 SET @saved_cs_client     = @@character_set_client */;
/*!50503 SET character_set_client = utf8mb4 */;
CREATE TABLE `up_users_role_lnk` (
  `id` int unsigned NOT NULL AUTO_INCREMENT,
  `user_id` int unsigned DEFAULT NULL,
  `role_id` int unsigned DEFAULT NULL,
  `user_ord` double unsigned DEFAULT NULL,
  PRIMARY KEY (`id`),
  UNIQUE KEY `up_users_role_lnk_uq` (`user_id`,`role_id`),
  KEY `up_users_role_lnk_fk` (`user_id`),
  KEY `up_users_role_lnk_ifk` (`role_id`),
  KEY `up_users_role_lnk_oifk` (`user_ord`),
  CONSTRAINT `up_users_role_lnk_fk` FOREIGN KEY (`user_id`) REFERENCES `up_users` (`id`) ON DELETE CASCADE,
  CONSTRAINT `up_users_role_lnk_ifk` FOREIGN KEY (`role_id`) REFERENCES `up_roles` (`id`) ON DELETE CASCADE
) ENGINE=InnoDB DEFAULT CHARSET=utf8mb4 COLLATE=utf8mb4_0900_ai_ci;
/*!40101 SET character_set_client = @saved_cs_client */;

--
-- Dumping data for table `up_users_role_lnk`
--

LOCK TABLES `up_users_role_lnk` WRITE;
/*!40000 ALTER TABLE `up_users_role_lnk` DISABLE KEYS */;
/*!40000 ALTER TABLE `up_users_role_lnk` ENABLE KEYS */;
UNLOCK TABLES;

--
-- Table structure for table `upload_folders`
--

DROP TABLE IF EXISTS `upload_folders`;
/*!40101 SET @saved_cs_client     = @@character_set_client */;
/*!50503 SET character_set_client = utf8mb4 */;
CREATE TABLE `upload_folders` (
  `id` int unsigned NOT NULL AUTO_INCREMENT,
  `document_id` varchar(255) DEFAULT NULL,
  `name` varchar(255) DEFAULT NULL,
  `path_id` int DEFAULT NULL,
  `path` varchar(255) DEFAULT NULL,
  `created_at` datetime(6) DEFAULT NULL,
  `updated_at` datetime(6) DEFAULT NULL,
  `published_at` datetime(6) DEFAULT NULL,
  `created_by_id` int unsigned DEFAULT NULL,
  `updated_by_id` int unsigned DEFAULT NULL,
  `locale` varchar(255) DEFAULT NULL,
  PRIMARY KEY (`id`),
  UNIQUE KEY `upload_folders_path_id_index` (`path_id`),
  UNIQUE KEY `upload_folders_path_index` (`path`),
  KEY `upload_folders_documents_idx` (`document_id`,`locale`,`published_at`),
  KEY `upload_folders_created_by_id_fk` (`created_by_id`),
  KEY `upload_folders_updated_by_id_fk` (`updated_by_id`),
  CONSTRAINT `upload_folders_created_by_id_fk` FOREIGN KEY (`created_by_id`) REFERENCES `admin_users` (`id`) ON DELETE SET NULL,
  CONSTRAINT `upload_folders_updated_by_id_fk` FOREIGN KEY (`updated_by_id`) REFERENCES `admin_users` (`id`) ON DELETE SET NULL
) ENGINE=InnoDB DEFAULT CHARSET=utf8mb4 COLLATE=utf8mb4_0900_ai_ci;
/*!40101 SET character_set_client = @saved_cs_client */;

--
-- Dumping data for table `upload_folders`
--

LOCK TABLES `upload_folders` WRITE;
/*!40000 ALTER TABLE `upload_folders` DISABLE KEYS */;
/*!40000 ALTER TABLE `upload_folders` ENABLE KEYS */;
UNLOCK TABLES;

--
-- Table structure for table `upload_folders_parent_lnk`
--

DROP TABLE IF EXISTS `upload_folders_parent_lnk`;
/*!40101 SET @saved_cs_client     = @@character_set_client */;
/*!50503 SET character_set_client = utf8mb4 */;
CREATE TABLE `upload_folders_parent_lnk` (
  `id` int unsigned NOT NULL AUTO_INCREMENT,
  `folder_id` int unsigned DEFAULT NULL,
  `inv_folder_id` int unsigned DEFAULT NULL,
  `folder_ord` double unsigned DEFAULT NULL,
  PRIMARY KEY (`id`),
  UNIQUE KEY `upload_folders_parent_lnk_uq` (`folder_id`,`inv_folder_id`),
  KEY `upload_folders_parent_lnk_fk` (`folder_id`),
  KEY `upload_folders_parent_lnk_ifk` (`inv_folder_id`),
  KEY `upload_folders_parent_lnk_oifk` (`folder_ord`),
  CONSTRAINT `upload_folders_parent_lnk_fk` FOREIGN KEY (`folder_id`) REFERENCES `upload_folders` (`id`) ON DELETE CASCADE,
  CONSTRAINT `upload_folders_parent_lnk_ifk` FOREIGN KEY (`inv_folder_id`) REFERENCES `upload_folders` (`id`) ON DELETE CASCADE
) ENGINE=InnoDB DEFAULT CHARSET=utf8mb4 COLLATE=utf8mb4_0900_ai_ci;
/*!40101 SET character_set_client = @saved_cs_client */;

--
-- Dumping data for table `upload_folders_parent_lnk`
--

LOCK TABLES `upload_folders_parent_lnk` WRITE;
/*!40000 ALTER TABLE `upload_folders_parent_lnk` DISABLE KEYS */;
/*!40000 ALTER TABLE `upload_folders_parent_lnk` ENABLE KEYS */;
UNLOCK TABLES;
/*!40103 SET TIME_ZONE=@OLD_TIME_ZONE */;

/*!40101 SET SQL_MODE=@OLD_SQL_MODE */;
/*!40014 SET FOREIGN_KEY_CHECKS=@OLD_FOREIGN_KEY_CHECKS */;
/*!40014 SET UNIQUE_CHECKS=@OLD_UNIQUE_CHECKS */;
/*!40101 SET CHARACTER_SET_CLIENT=@OLD_CHARACTER_SET_CLIENT */;
/*!40101 SET CHARACTER_SET_RESULTS=@OLD_CHARACTER_SET_RESULTS */;
/*!40101 SET COLLATION_CONNECTION=@OLD_COLLATION_CONNECTION */;
/*!40111 SET SQL_NOTES=@OLD_SQL_NOTES */;

-- Dump completed on 2025-02-08 14:42:23
